s_no,error_type,username,user_id,osm_location_link,changeset_id,changeset_link,osm_object_type,osm_object_id,time_utc,country,detail,hashtag
1,duplicated node,MartinBarcala,24578004,https://www.openstreetmap.org/#map=18/1.018625/32.725091,189362622,https://www.openstreetmap.org/changeset/189362622,node,14204363504,2026-09-21T18:14:11Z,Uganda,within 0.00m of node 14204363581,tt_event
2,overlapping highway,MartinBarcala,24578004,https://www.openstreetmap.org/#map=18/1.016452/32.722375,189362622,https://www.openstreetmap.org/changeset/189362622,way,1561096580,2026-09-21T18:14:11Z,Uganda,runs alongside existing way 1561096591 for 72% of its length,tt_event
3,crossing buildings,Goodluck Michael,24398072,https://www.openstreetmap.org/#map=18/-6.396546/37.341999,189364708,https://www.openstreetmap.org/changeset/189364708,way,1561108320,2026-09-21T19:09:28Z,Tanzania,outline crosses way 1559863724 (20% area overlap),tt_event
4,crossing buildings,Goodluck Michael,24398072,https://www.openstreetmap.org/#map=18/-6.396617/37.341973,189364708,https://www.openstreetmap.org/changeset/189364708,way,1561108321,2026-09-21T19:09:28Z,Tanzania,outline crosses way 1559863724 (27% area overlap),tt_event
5,crossing buildings,Goodluck Michael,24398072,https://www.openstreetmap.org/#map=18/-6.396900/37.342179,189364708,https://www.openstreetmap.org/changeset/189364708,way,1561108329,2026-09-21T19:09:28Z,Tanzania,outline crosses way 1559863726 (91% area overlap),tt_event
6,crossing buildings,Jaspe Gentille,24313651,https://www.openstreetmap.org/#map=18/0.450793/34.308082,189364364,https://www.openstreetmap.org/changeset/189364364,way,1356926831,2026-09-21T19:00:22Z,Kenya,outline crosses way 1356910843 (66% area overlap),tt_event
3,node connected highway and building,ltcars27,24261862,https://www.openstreetmap.org/#map=18/0.979024/32.703290,189367994,https://www.openstreetmap.org/changeset/189367994,node,13753563580,2026-09-21T20:37:12Z,Uganda,shared by highway way 1502660949 and building way 1502659824,tt_event
4,node connected highway and building,ltcars27,24261862,https://www.openstreetmap.org/#map=18/0.955098/32.685086,189367994,https://www.openstreetmap.org/changeset/189367994,node,13753609675,2026-09-21T20:37:12Z,Uganda,shared by highway way 1502667819 and building way 1502667818,tt_event
5,node connected highway and building,ltcars27,24261862,https://www.openstreetmap.org/#map=18/0.950544/32.685876,189367994,https://www.openstreetmap.org/changeset/189367994,node,13753652470,2026-09-21T20:37:12Z,Uganda,shared by highway way 1502667829 and building way 1502667828,tt_event
6,node connected highway and building,ltcars27,24261862,https://www.openstreetmap.org/#map=18/0.978608/32.707815,189367994,https://www.openstreetmap.org/changeset/189367994,node,13753585463,2026-09-21T20:37:12Z,Uganda,shared by highway way 1502669578 and building way 1502669375,tt_event
7,node connected highway and building,ltcars27,24261862,https://www.openstreetmap.org/#map=18/0.979192/32.707436,189367994,https://www.openstreetmap.org/changeset/189367994,node,13753663397,2026-09-21T20:37:12Z,Uganda,shared by highway way 1502669812 and building way 1502669619,tt_event
8,node connected highway and building,ltcars27,24261862,https://www.openstreetmap.org/#map=18/0.979342/32.706685,189367994,https://www.openstreetmap.org/changeset/189367994,node,13753659881,2026-09-21T20:37:12Z,Uganda,shared by highway way 1502670051 and building way 1502670042,tt_event
9,node connected highway and building,ltcars27,24261862,https://www.openstreetmap.org/#map=18/1.005419/32.659406,189367994,https://www.openstreetmap.org/changeset/189367994,node,14184542680,2026-09-21T20:37:12Z,Uganda,shared by highway way 1559259016 and building way 1559259013,tt_event
10,node connected highway and building,ltcars27,24261862,https://www.openstreetmap.org/#map=18/1.005297/32.660122,189367994,https://www.openstreetmap.org/changeset/189367994,node,14184542686,2026-09-21T20:37:12Z,Uganda,shared by highway way 1559259017 and building way 1559259018,tt_event
11,crossing buildings,Joachim_0,4498347,https://www.openstreetmap.org/#map=18/-15.200539/34.598620,189367808,https://www.openstreetmap.org/changeset/189367808,way,1561128043,2026-09-21T20:31:43Z,Malawi,outline crosses way 1508572312 (90% area overlap),tt_event
12,crossing buildings,Joachim_0,4498347,https://www.openstreetmap.org/#map=18/-15.200390/34.596842,189367808,https://www.openstreetmap.org/changeset/189367808,way,1561128052,2026-09-21T20:31:43Z,Malawi,outline crosses way 1508573849 (96% area overlap),tt_event
13,crossing buildings,Joachim_0,4498347,https://www.openstreetmap.org/#map=18/-15.199953/34.595310,189367723,https://www.openstreetmap.org/changeset/189367723,way,1561127727,2026-09-21T20:29:10Z,Malawi,outline crosses way 1508589491 (95% area overlap),tt_event
14,crossing buildings,Joachim_0,4498347,https://www.openstreetmap.org/#map=18/-15.199140/34.595422,189367723,https://www.openstreetmap.org/changeset/189367723,way,1561127729,2026-09-21T20:29:10Z,Malawi,outline crosses way 1508572004 (93% area overlap),tt_event
15,crossing buildings,Joachim_0,4498347,https://www.openstreetmap.org/#map=18/-15.199142/34.595968,189367723,https://www.openstreetmap.org/changeset/189367723,way,1561127735,2026-09-21T20:29:10Z,Malawi,outline crosses way 1508571012 (76% area overlap),tt_event
16,crossing buildings,Joachim_0,4498347,https://www.openstreetmap.org/#map=18/-15.198833/34.595632,189367723,https://www.openstreetmap.org/changeset/189367723,way,1561127737,2026-09-21T20:29:10Z,Malawi,outline crosses way 1508573884 (92% area overlap),tt_event
17,crossing buildings,severino chundu,14364367,https://www.openstreetmap.org/#map=18/-6.455825/37.391869,189367429,https://www.openstreetmap.org/changeset/189367429,way,833094832,2026-09-21T20:20:34Z,Tanzania,outline crosses way 833094833 (79% area overlap),tt_event
18,node connected highway and building,Joachim_0,4498347,https://www.openstreetmap.org/#map=18/-14.098488/34.522708,189367254,https://www.openstreetmap.org/changeset/189367254,node,13924575341,2026-09-21T20:16:50Z,Malawi,shared by highway way 483431120 and building way 1528005424,tt_event
19,node connected highway and building,Joachim_0,4498347,https://www.openstreetmap.org/#map=18/-14.093005/34.523667,189367254,https://www.openstreetmap.org/changeset/189367254,node,13924547642,2026-09-21T20:16:50Z,Malawi,shared by highway way 483431135 and building way 1528001795,tt_event
20,node connected highway and building,Joachim_0,4498347,https://www.openstreetmap.org/#map=18/-14.092134/34.538413,189367254,https://www.openstreetmap.org/changeset/189367254,node,6382229722,2026-09-21T20:16:50Z,Malawi,shared by highway way 485105321 and building way 1221952414,tt_event
21,node connected highway and building,Joachim_0,4498347,https://www.openstreetmap.org/#map=18/-14.092684/34.524780,189367254,https://www.openstreetmap.org/changeset/189367254,node,13917643041,2026-09-21T20:16:50Z,Malawi,shared by highway way 485106954 and building way 1527236301,tt_event
22,crossing buildings,SUNDAY_GODFREY,23115816,https://www.openstreetmap.org/#map=18/-6.372409/37.374869,189366817,https://www.openstreetmap.org/changeset/189366817,way,1561123692,2026-09-21T20:07:03Z,Tanzania,outline crosses way 1561125787 (4% area overlap),tt_event
23,crossing highway,severino chundu,14364367,https://www.openstreetmap.org/#map=18/-6.466938/37.401673,189366814,https://www.openstreetmap.org/changeset/189366814,way,1561123690,2026-09-21T20:07:00Z,Tanzania,crosses way 835169715 without a shared junction node,tt_event
24,node connected highway and building,luvingamichaell,20030302,https://www.openstreetmap.org/#map=18/-32.931463/27.731837,189366074,https://www.openstreetmap.org/changeset/189366074,node,13714138928,2026-09-21T19:48:43Z,South Africa,shared by highway way 1372357864 and building way 1497396981,tt_event
25,node connected highway and building,luvingamichaell,20030302,https://www.openstreetmap.org/#map=18/-32.931463/27.731837,189366074,https://www.openstreetmap.org/changeset/189366074,node,13714138927,2026-09-21T19:48:43Z,South Africa,shared by highway way 1372357864 and building way 1497396981,tt_event
26,node connected highway and building,Goodluck Michael,24398072,https://www.openstreetmap.org/#map=18/-6.386559/37.326642,189365824,https://www.openstreetmap.org/changeset/189365824,node,10657385393,2026-09-21T19:42:04Z,Tanzania,shared by highway way 1145085574 and building way 1559007030,tt_event
27,node connected highway and building,Goodluck Michael,24398072,https://www.openstreetmap.org/#map=18/-6.387717/37.332734,189365824,https://www.openstreetmap.org/changeset/189365824,node,14203194686,2026-09-21T19:42:04Z,Tanzania,shared by highway way 1145089402 and building way 1560983991,tt_event
28,node connected highway and building,Goodluck Michael,24398072,https://www.openstreetmap.org/#map=18/-6.380634/37.344560,189365824,https://www.openstreetmap.org/changeset/189365824,node,14184211198,2026-09-21T19:42:04Z,Tanzania,shared by highway way 1145091748 and building way 1559234659,tt_event
29,node connected highway and building,Goodluck Michael,24398072,https://www.openstreetmap.org/#map=18/-6.385782/37.347028,189365824,https://www.openstreetmap.org/changeset/189365824,node,11804524264,2026-09-21T19:42:04Z,Tanzania,shared by highway way 1559169755 and building way 1271126390,tt_event
30,duplicated node,AdeAdigun,24357772,https://www.openstreetmap.org/#map=18/6.368117/5.748605,189372585,https://www.openstreetmap.org/changeset/189372585,node,14205286293,2026-09-21T23:14:16Z,Nigeria,within 0.00m of node 14205286300,tt_event
31,overlapping highway,AdeAdigun,24357772,https://www.openstreetmap.org/#map=18/6.368330/5.748978,189372585,https://www.openstreetmap.org/changeset/189372585,way,834540997,2026-09-21T23:14:16Z,Nigeria,runs alongside existing way 1547151239 for 100% of its length,tt_event
32,overlapping highway,AdeAdigun,24357772,https://www.openstreetmap.org/#map=18/6.368330/5.748978,189372585,https://www.openstreetmap.org/changeset/189372585,way,1547151239,2026-09-21T23:14:16Z,Nigeria,runs alongside existing way 834540997 for 100% of its length,tt_event
33,crossing buildings,Walter Mayeku,6201821,https://www.openstreetmap.org/#map=18/-0.362427/35.269694,189372582,https://www.openstreetmap.org/changeset/189372582,way,1561234282,2026-09-21T23:14:14Z,Kenya,outline crosses way 1561233916 (50% area overlap),tt_event
34,crossing buildings,Walter Mayeku,6201821,https://www.openstreetmap.org/#map=18/-0.362568/35.269722,189372582,https://www.openstreetmap.org/changeset/189372582,way,1561234283,2026-09-21T23:14:14Z,Kenya,outline crosses way 1561233917 (99% area overlap),tt_event
35,node connected highway and building,Alpha_Planet,24368838,https://www.openstreetmap.org/#map=18/-2.144801/30.069872,189372565,https://www.openstreetmap.org/changeset/189372565,node,14130497498,2026-09-21T23:13:17Z,Rwanda,shared by highway way 28875763 and building way 1553118222,tt_event
36,node connected highway and building,Alpha_Planet,24368838,https://www.openstreetmap.org/#map=18/-2.148727/30.056679,189372565,https://www.openstreetmap.org/changeset/189372565,node,14130497375,2026-09-21T23:13:17Z,Rwanda,shared by highway way 1202367521 and building way 1553118197,tt_event
37,node connected highway and building,Alpha_Planet,24368838,https://www.openstreetmap.org/#map=18/-2.148727/30.056679,189372565,https://www.openstreetmap.org/changeset/189372565,node,14130497376,2026-09-21T23:13:17Z,Rwanda,shared by highway way 1202367521 and building way 1553118197,tt_event
38,crossing buildings,Dannyoung,11010237,https://www.openstreetmap.org/#map=18/-0.362523/35.269658,189372542,https://www.openstreetmap.org/changeset/189372542,way,1561233916,2026-09-21T23:11:25Z,Kenya,outline crosses way 1561234282 (50% area overlap),tt_event
39,crossing buildings,Dannyoung,11010237,https://www.openstreetmap.org/#map=18/-0.362567/35.269722,189372542,https://www.openstreetmap.org/changeset/189372542,way,1561233917,2026-09-21T23:11:25Z,Kenya,outline crosses way 1561234283 (99% area overlap),tt_event
40,node connected highway and building,KingVik,7159298,https://www.openstreetmap.org/#map=18/-2.183392/30.092150,189372445,https://www.openstreetmap.org/changeset/189372445,node,14053248008,2026-09-21T23:06:01Z,Rwanda,shared by highway way 1545007424 and building way 1545007412,tt_event
41,node connected highway and building,KingVik,7159298,https://www.openstreetmap.org/#map=18/-2.182000/30.091160,189372445,https://www.openstreetmap.org/changeset/189372445,node,14053247948,2026-09-21T23:06:01Z,Rwanda,shared by highway way 1545007428 and building way 1545007410,tt_event
42,duplicated node,Dannyoung,11010237,https://www.openstreetmap.org/#map=18/-0.359441/35.259120,189372253,https://www.openstreetmap.org/changeset/189372253,node,14205268159,2026-09-21T22:55:52Z,Kenya,within 0.05m of node 14205268443,tt_event
43,duplicated node,Dannyoung,11010237,https://www.openstreetmap.org/#map=18/-0.359324/35.259174,189372253,https://www.openstreetmap.org/changeset/189372253,node,14205268162,2026-09-21T22:55:52Z,Kenya,within 0.03m of node 14205268445,tt_event
44,duplicated node,Dannyoung,11010237,https://www.openstreetmap.org/#map=18/-0.359692/35.259612,189372253,https://www.openstreetmap.org/changeset/189372253,node,14205268172,2026-09-21T22:55:52Z,Kenya,within 0.05m of node 14205268478,tt_event
45,duplicated node,Dannyoung,11010237,https://www.openstreetmap.org/#map=18/-0.359434/35.259771,189372253,https://www.openstreetmap.org/changeset/189372253,node,14205268177,2026-09-21T22:55:52Z,Kenya,within 0.02m of node 14205268473,tt_event
46,node connected highway and building,DoloresReis,16805459,https://www.openstreetmap.org/#map=18/-2.010392/30.305358,189370907,https://www.openstreetmap.org/changeset/189370907,node,13679559262,2026-09-21T22:02:52Z,Rwanda,shared by highway way 1389052533 and building way 1492777557,tt_event
47,node connected highway and building,DoloresReis,16805459,https://www.openstreetmap.org/#map=18/-2.010392/30.305358,189370907,https://www.openstreetmap.org/changeset/189370907,node,13679559261,2026-09-21T22:02:52Z,Rwanda,shared by highway way 1389052533 and building way 1492777557,tt_event
48,node connected highway and building,DoloresReis,16805459,https://www.openstreetmap.org/#map=18/-2.010539/30.303535,189370907,https://www.openstreetmap.org/changeset/189370907,node,13679531791,2026-09-21T22:02:52Z,Rwanda,shared by highway way 1492777541 and building way 1492777564,tt_event
49,node connected highway and building,DoloresReis,16805459,https://www.openstreetmap.org/#map=18/-2.010539/30.303535,189370907,https://www.openstreetmap.org/changeset/189370907,node,13679531792,2026-09-21T22:02:52Z,Rwanda,shared by highway way 1492777541 and building way 1492777563,tt_event
50,node connected highway and building,DoloresReis,16805459,https://www.openstreetmap.org/#map=18/-2.028631/30.334675,189370696,https://www.openstreetmap.org/changeset/189370696,node,13678636202,2026-09-21T21:54:57Z,Rwanda,shared by highway way 677675467 and building way 1492687095,tt_event
51,node connected highway and building,DoloresReis,16805459,https://www.openstreetmap.org/#map=18/-2.026497/30.330774,189370696,https://www.openstreetmap.org/changeset/189370696,node,13678617132,2026-09-21T21:54:57Z,Rwanda,shared by highway way 677675468 and building way 1492685478,tt_event
52,node connected highway and building,DoloresReis,16805459,https://www.openstreetmap.org/#map=18/-2.043211/30.355903,189370696,https://www.openstreetmap.org/changeset/189370696,node,13694739193,2026-09-21T21:54:57Z,Rwanda,shared by highway way 946132836 and building way 1494534820,tt_event
53,node connected highway and building,DoloresReis,16805459,https://www.openstreetmap.org/#map=18/-2.023781/30.334158,189370696,https://www.openstreetmap.org/changeset/189370696,node,10593930669,2026-09-21T21:54:57Z,Rwanda,shared by highway way 1136432904 and building way 1494117496,tt_event
54,node connected highway and building,DoloresReis,16805459,https://www.openstreetmap.org/#map=18/-2.018073/30.325706,189370696,https://www.openstreetmap.org/changeset/189370696,node,10593951476,2026-09-21T21:54:57Z,Rwanda,shared by highway way 1136434598 and building way 1493507787,tt_event
55,node connected highway and building,DoloresReis,16805459,https://www.openstreetmap.org/#map=18/-2.023794/30.332215,189370696,https://www.openstreetmap.org/changeset/189370696,node,13679004352,2026-09-21T21:54:57Z,Rwanda,shared by highway way 1136435913 and building way 1492724086,tt_event
56,node connected highway and building,DoloresReis,16805459,https://www.openstreetmap.org/#map=18/-2.025273/30.332959,189370696,https://www.openstreetmap.org/changeset/189370696,node,10593960857,2026-09-21T21:54:57Z,Rwanda,shared by highway way 1136435915 and building way 1492724077,tt_event
57,node connected highway and building,DoloresReis,16805459,https://www.openstreetmap.org/#map=18/-2.017262/30.326883,189370696,https://www.openstreetmap.org/changeset/189370696,node,10593983467,2026-09-21T21:54:57Z,Rwanda,shared by highway way 1136437907 and building way 1493510044,tt_event
58,node connected highway and building,DoloresReis,16805459,https://www.openstreetmap.org/#map=18/-2.010392/30.305358,189370696,https://www.openstreetmap.org/changeset/189370696,node,13679559262,2026-09-21T21:54:57Z,Rwanda,shared by highway way 1389052533 and building way 1492777557,tt_event
59,node connected highway and building,DoloresReis,16805459,https://www.openstreetmap.org/#map=18/-2.010392/30.305358,189370696,https://www.openstreetmap.org/changeset/189370696,node,13679559261,2026-09-21T21:54:57Z,Rwanda,shared by highway way 1389052533 and building way 1492777557,tt_event
60,node connected highway and building,DoloresReis,16805459,https://www.openstreetmap.org/#map=18/-2.037097/30.314449,189370696,https://www.openstreetmap.org/changeset/189370696,node,13689945344,2026-09-21T21:54:57Z,Rwanda,shared by highway way 1389266968 and building way 1494095780,tt_event
61,node connected highway and building,DoloresReis,16805459,https://www.openstreetmap.org/#map=18/-2.010539/30.303535,189370696,https://www.openstreetmap.org/changeset/189370696,node,13679531791,2026-09-21T21:54:57Z,Rwanda,shared by highway way 1492777541 and building way 1492777564,tt_event
62,node connected highway and building,DoloresReis,16805459,https://www.openstreetmap.org/#map=18/-2.010539/30.303535,189370696,https://www.openstreetmap.org/changeset/189370696,node,13679531792,2026-09-21T21:54:57Z,Rwanda,shared by highway way 1492777541 and building way 1492777563,tt_event
63,node connected highway and building,DoloresReis,16805459,https://www.openstreetmap.org/#map=18/-2.025547/30.340597,189370696,https://www.openstreetmap.org/changeset/189370696,node,13679736605,2026-09-21T21:54:57Z,Rwanda,shared by highway way 1492811054 and building way 1492803067,tt_event
64,node connected highway and building,DoloresReis,16805459,https://www.openstreetmap.org/#map=18/-2.024679/30.339056,189370696,https://www.openstreetmap.org/changeset/189370696,node,13679736657,2026-09-21T21:54:57Z,Rwanda,shared by highway way 1492811056 and building way 1492803078,tt_event
65,node connected highway and building,DoloresReis,16805459,https://www.openstreetmap.org/#map=18/-2.025879/30.341082,189370696,https://www.openstreetmap.org/changeset/189370696,node,13679736557,2026-09-21T21:54:57Z,Rwanda,shared by highway way 1492811061 and building way 1492803060,tt_event
66,node connected highway and building,DoloresReis,16805459,https://www.openstreetmap.org/#map=18/-2.024839/30.339155,189370696,https://www.openstreetmap.org/changeset/189370696,node,13679736625,2026-09-21T21:54:57Z,Rwanda,shared by highway way 1492811064 and building way 1492803072,tt_event
67,node connected highway and building,DoloresReis,16805459,https://www.openstreetmap.org/#map=18/-2.024544/30.339904,189370696,https://www.openstreetmap.org/changeset/189370696,node,13679736660,2026-09-21T21:54:57Z,Rwanda,shared by highway way 1492811068 and building way 1492803079,tt_event
68,node connected highway and building,DoloresReis,16805459,https://www.openstreetmap.org/#map=18/-2.038409/30.358496,189370696,https://www.openstreetmap.org/changeset/189370696,node,13682820984,2026-09-21T21:54:57Z,Rwanda,shared by highway way 1493197230 and building way 1493190795,tt_event
69,node connected highway and building,DoloresReis,16805459,https://www.openstreetmap.org/#map=18/-2.038573/30.359626,189370696,https://www.openstreetmap.org/changeset/189370696,node,13682820993,2026-09-21T21:54:57Z,Rwanda,shared by highway way 1493197232 and building way 1493192772,tt_event
70,node connected highway and building,DoloresReis,16805459,https://www.openstreetmap.org/#map=18/-2.038304/30.360617,189370696,https://www.openstreetmap.org/changeset/189370696,node,13682820996,2026-09-21T21:54:57Z,Rwanda,shared by highway way 1493197234 and building way 1493192768,tt_event
71,node connected highway and building,DoloresReis,16805459,https://www.openstreetmap.org/#map=18/-2.014892/30.314392,189370696,https://www.openstreetmap.org/changeset/189370696,node,13685158540,2026-09-21T21:54:57Z,Rwanda,shared by highway way 1493468242 and building way 1493468236,tt_event
72,node connected highway and building,DoloresReis,16805459,https://www.openstreetmap.org/#map=18/-2.018270/30.325843,189370696,https://www.openstreetmap.org/changeset/189370696,node,13685479152,2026-09-21T21:54:57Z,Rwanda,shared by highway way 1493510042 and building way 1493507782,tt_event
73,node connected highway and building,DoloresReis,16805459,https://www.openstreetmap.org/#map=18/-2.019265/30.352844,189370696,https://www.openstreetmap.org/changeset/189370696,node,13689995000,2026-09-21T21:54:57Z,Rwanda,shared by highway way 1494104625 and building way 1494104369,tt_event
74,node connected highway and building,DoloresReis,16805459,https://www.openstreetmap.org/#map=18/-2.020674/30.353522,189370696,https://www.openstreetmap.org/changeset/189370696,node,13690010016,2026-09-21T21:54:57Z,Rwanda,shared by highway way 1494104626 and building way 1494104378,tt_event
75,node connected highway and building,DoloresReis,16805459,https://www.openstreetmap.org/#map=18/-2.029451/30.343166,189370696,https://www.openstreetmap.org/changeset/189370696,node,13690224961,2026-09-21T21:54:57Z,Rwanda,shared by highway way 1494119635 and building way 1494099184,tt_event
76,overlapping highway,Cotelabarca,13042395,https://www.openstreetmap.org/#map=18/-33.384841/-71.119662,189369987,https://www.openstreetmap.org/changeset/189369987,way,126670675,2026-09-21T21:31:44Z,Chile,runs alongside existing way 1478472044 for 62% of its length,tt_event
77,crossing buildings,AndreaL2009,21917650,https://www.openstreetmap.org/#map=18/-15.375184/28.387461,189379830,https://www.openstreetmap.org/changeset/189379830,way,1561271454,2026-09-22T06:00:38Z,Zambia,outline crosses way 1061651330 (16% area overlap),tt_event
78,crossing buildings,AndreaL2009,21917650,https://www.openstreetmap.org/#map=18/-15.376720/28.386423,189379830,https://www.openstreetmap.org/changeset/189379830,way,1561271457,2026-09-22T06:00:38Z,Zambia,outline crosses way 1061645069 (32% area overlap),tt_event
79,crossing buildings,AndreaL2009,21917650,https://www.openstreetmap.org/#map=18/-15.376720/28.386423,189379830,https://www.openstreetmap.org/changeset/189379830,way,1561271457,2026-09-22T06:00:38Z,Zambia,outline crosses way 1061645037 (9% area overlap),tt_event
80,node connected highway and building,Kaitlyn77,21917646,https://www.openstreetmap.org/#map=18/-15.390759/28.392937,189379805,https://www.openstreetmap.org/changeset/189379805,node,10214450125,2026-09-22T06:00:18Z,Zambia,shared by highway way 609187083 and building way 1116864540,tt_event
81,node connected highway and building,Kaitlyn77,21917646,https://www.openstreetmap.org/#map=18/-15.389868/28.393698,189379805,https://www.openstreetmap.org/changeset/189379805,node,8838692834,2026-09-22T06:00:18Z,Zambia,shared by highway way 954930347 and building way 475814836,tt_event
82,node connected highway and building,Kaitlyn77,21917646,https://www.openstreetmap.org/#map=18/-15.389772/28.393699,189379805,https://www.openstreetmap.org/changeset/189379805,node,8838692835,2026-09-22T06:00:18Z,Zambia,shared by highway way 954930348 and building way 475814836,tt_event
83,node connected highway and building,Kaitlyn77,21917646,https://www.openstreetmap.org/#map=18/-15.364845/28.396899,189379805,https://www.openstreetmap.org/changeset/189379805,node,13124035999,2026-09-22T06:00:18Z,Zambia,shared by highway way 1083767798 and building way 1427603830,tt_event
84,crossing highway,KahnuSwain,18397551,https://www.openstreetmap.org/#map=18/20.944216/85.541079,189376458,https://www.openstreetmap.org/changeset/189376458,way,593777776,2026-09-22T03:05:13Z,India,crosses way 1292355670 without a shared junction node,tt_event
85,crossing highway,KahnuSwain,18397551,https://www.openstreetmap.org/#map=18/20.944367/85.541065,189376458,https://www.openstreetmap.org/changeset/189376458,way,593777776,2026-09-22T03:05:13Z,India,crosses way 1292355668 without a shared junction node,tt_event
87,crossing highway,KahnuSwain,18397551,https://www.openstreetmap.org/#map=18/20.938172/85.487555,189376148,https://www.openstreetmap.org/changeset/189376148,way,1561252500,2026-09-22T02:43:56Z,India,crosses way 1561252504 without a shared junction node,tt_event
88,crossing highway,KahnuSwain,18397551,https://www.openstreetmap.org/#map=18/20.938260/85.487515,189376148,https://www.openstreetmap.org/changeset/189376148,way,1561252500,2026-09-22T02:43:56Z,India,crosses way 1561252502 without a shared junction node,tt_event
89,crossing highway,KahnuSwain,18397551,https://www.openstreetmap.org/#map=18/20.941165/85.410392,189376148,https://www.openstreetmap.org/changeset/189376148,way,1561251431,2026-09-22T02:43:56Z,India,crosses way 1293404451 without a shared junction node,tt_event
90,way end node near other way,KahnuSwain,18397551,https://www.openstreetmap.org/#map=18/20.941620/85.423206,189376148,https://www.openstreetmap.org/changeset/189376148,node,14205431610,2026-09-22T02:43:56Z,India,0.01m from way 1293404457 but not connected to it,tt_event
91,way end node near other way,KahnuSwain,18397551,https://www.openstreetmap.org/#map=18/20.941165/85.410392,189376148,https://www.openstreetmap.org/changeset/189376148,node,14205431639,2026-09-22T02:43:56Z,India,0.00m from way 1293404451 but not connected to it,tt_event
92,crossing highway,KahnuSwain,18397551,https://www.openstreetmap.org/#map=18/20.941398/85.417621,189375921,https://www.openstreetmap.org/changeset/189375921,way,1561251431,2026-09-22T02:28:19Z,India,crosses way 1561252490 without a shared junction node,tt_event
93,crossing highway,KahnuSwain,18397551,https://www.openstreetmap.org/#map=18/20.941125/85.407763,189375676,https://www.openstreetmap.org/changeset/189375676,way,1293404451,2026-09-22T02:10:44Z,India,crosses way 1561251430 without a shared junction node,tt_event
94,crossing highway,KahnuSwain,18397551,https://www.openstreetmap.org/#map=18/20.941165/85.410392,189375676,https://www.openstreetmap.org/changeset/189375676,way,1293404451,2026-09-22T02:10:44Z,India,crosses way 1561251431 without a shared junction node,tt_event
95,overlapping highway,KahnuSwain,18397551,https://www.openstreetmap.org/#map=18/20.941692/85.395199,189375676,https://www.openstreetmap.org/changeset/189375676,way,1293404451,2026-09-22T02:10:44Z,India,runs alongside existing way 1561251429 for 100% of its length,tt_event
96,node connected highway and building,ruph,88337,https://www.openstreetmap.org/#map=18/-1.275025/37.141226,189381147,https://www.openstreetmap.org/changeset/189381147,node,13469917351,2026-09-22T06:38:42Z,Kenya,shared by highway way 674622041 and building way 1468652942,tt_event
98,crossing highway,Divine ciel,24346661,https://www.openstreetmap.org/#map=18/-2.317797/30.175142,189386931,https://www.openstreetmap.org/changeset/189386931,way,1561299969,2026-09-22T08:56:37Z,Rwanda,crosses way 1560992650 without a shared junction node,tt_event
99,crossing buildings,TeBaMa,6519568,https://www.openstreetmap.org/#map=18/-2.056181/30.383428,189386904,https://www.openstreetmap.org/changeset/189386904,way,1561299922,2026-09-22T08:55:59Z,Rwanda,outline crosses way 1478769325 (100% area overlap),tt_event
100,building inside building,TeBaMa,6519568,https://www.openstreetmap.org/#map=18/-2.056162/30.383378,189386904,https://www.openstreetmap.org/changeset/189386904,way,1561299924,2026-09-22T08:55:59Z,Rwanda,fully contained with/containing way 1478769325,tt_event
101,crossing buildings,TeBaMa,6519568,https://www.openstreetmap.org/#map=18/-2.054005/30.383038,189386904,https://www.openstreetmap.org/changeset/189386904,way,1561299927,2026-09-22T08:55:59Z,Rwanda,outline crosses way 1478769343 (60% area overlap),tt_event
102,crossing buildings,TeBaMa,6519568,https://www.openstreetmap.org/#map=18/-2.054034/30.383011,189386904,https://www.openstreetmap.org/changeset/189386904,way,1561299928,2026-09-22T08:55:59Z,Rwanda,outline crosses way 1478769343 (99% area overlap),tt_event
103,crossing buildings,TeBaMa,6519568,https://www.openstreetmap.org/#map=18/-2.054236/30.382741,189386904,https://www.openstreetmap.org/changeset/189386904,way,1561299929,2026-09-22T08:55:59Z,Rwanda,outline crosses way 1478769348 (99% area overlap),tt_event
104,crossing buildings,TeBaMa,6519568,https://www.openstreetmap.org/#map=18/-2.054168/30.382757,189386904,https://www.openstreetmap.org/changeset/189386904,way,1561299930,2026-09-22T08:55:59Z,Rwanda,outline crosses way 1478769348 (99% area overlap),tt_event
105,crossing buildings,Pan_Nug,17280926,https://www.openstreetmap.org/#map=18/43.356431/-81.525981,189386734,https://www.openstreetmap.org/changeset/189386734,way,1561299447,2026-09-22T08:53:00Z,Canada,outline crosses way 1561299583 (98% area overlap),tt_event
106,way end node near other way,Mtaalam,24271963,https://www.openstreetmap.org/#map=18/-6.476081/37.413336,189386519,https://www.openstreetmap.org/changeset/189386519,node,14205965385,2026-09-22T08:47:41Z,Tanzania,0.00m from way 1561298455 but not connected to it,tt_event
107,crossing highway,Mtaalam,24271963,https://www.openstreetmap.org/#map=18/-6.476092/37.412659,189386481,https://www.openstreetmap.org/changeset/189386481,way,1561298885,2026-09-22T08:46:59Z,Tanzania,crosses way 1561298886 without a shared junction node,tt_event
108,crossing buildings,TeBaMa,6519568,https://www.openstreetmap.org/#map=18/-2.059416/30.382532,189390362,https://www.openstreetmap.org/changeset/189390362,way,1561310296,2026-09-22T10:03:16Z,Rwanda,outline crosses way 1478764065 (83% area overlap),tt_event
109,crossing buildings,TeBaMa,6519568,https://www.openstreetmap.org/#map=18/-2.059372/30.382503,189390362,https://www.openstreetmap.org/changeset/189390362,way,1561310298,2026-09-22T10:03:16Z,Rwanda,outline crosses way 1478764065 (70% area overlap),tt_event
110,crossing buildings,TeBaMa,6519568,https://www.openstreetmap.org/#map=18/-2.055702/30.381298,189389707,https://www.openstreetmap.org/changeset/189389707,way,1561308392,2026-09-22T09:51:56Z,Rwanda,outline crosses way 1478774258 (69% area overlap),tt_event
111,crossing buildings,TeBaMa,6519568,https://www.openstreetmap.org/#map=18/-2.055699/30.381377,189389707,https://www.openstreetmap.org/changeset/189389707,way,1561308393,2026-09-22T09:51:56Z,Rwanda,outline crosses way 1478774258 (75% area overlap),tt_event
112,building inside building,TeBaMa,6519568,https://www.openstreetmap.org/#map=18/-2.055657/30.381352,189389707,https://www.openstreetmap.org/changeset/189389707,way,1561308394,2026-09-22T09:51:56Z,Rwanda,fully contained with/containing way 1478774258,tt_event
113,crossing buildings,TeBaMa,6519568,https://www.openstreetmap.org/#map=18/-2.054338/30.380786,189389707,https://www.openstreetmap.org/changeset/189389707,way,1561308411,2026-09-22T09:51:56Z,Rwanda,outline crosses way 1478774248 (84% area overlap),tt_event
114,crossing buildings,TeBaMa,6519568,https://www.openstreetmap.org/#map=18/-2.052512/30.381635,189388811,https://www.openstreetmap.org/changeset/189388811,way,1561305473,2026-09-22T09:33:56Z,Rwanda,outline crosses way 1479420267 (97% area overlap),tt_event
115,crossing buildings,TeBaMa,6519568,https://www.openstreetmap.org/#map=18/-2.052516/30.381588,189388811,https://www.openstreetmap.org/changeset/189388811,way,1561305474,2026-09-22T09:33:56Z,Rwanda,outline crosses way 1479420267 (71% area overlap),tt_event
116,crossing buildings,TeBaMa,6519568,https://www.openstreetmap.org/#map=18/-2.053813/30.380611,189388811,https://www.openstreetmap.org/changeset/189388811,way,1561305487,2026-09-22T09:33:56Z,Rwanda,outline crosses way 1479420294 (85% area overlap),tt_event
117,crossing buildings,TeBaMa,6519568,https://www.openstreetmap.org/#map=18/-2.053774/30.380592,189388811,https://www.openstreetmap.org/changeset/189388811,way,1561305488,2026-09-22T09:33:56Z,Rwanda,outline crosses way 1479420294 (81% area overlap),tt_event
118,node connected highway and building,Pan_Nug,17280926,https://www.openstreetmap.org/#map=18/53.484197/-113.664030,189395448,https://www.openstreetmap.org/changeset/189395448,node,12463512159,2026-09-22T11:54:50Z,Canada,shared by highway way 1347383259 and building way 1347369967,tt_event
119,overlapping highway,NI3_1785,20866715,https://www.openstreetmap.org/#map=18/28.683706/77.258266,189394853,https://www.openstreetmap.org/changeset/189394853,way,1561326692,2026-09-22T11:42:19Z,India,runs alongside existing way 1561326693 for 91% of its length,tt_event
120,overlapping highway,NI3_1785,20866715,https://www.openstreetmap.org/#map=18/28.683680/77.258252,189394853,https://www.openstreetmap.org/changeset/189394853,way,1561326693,2026-09-22T11:42:19Z,India,runs alongside existing way 1561326692 for 63% of its length,tt_event
121,overlapping highway,NI3_1785,20866715,https://www.openstreetmap.org/#map=18/28.682461/77.258737,189394853,https://www.openstreetmap.org/changeset/189394853,way,1122276435,2026-09-22T11:42:19Z,India,runs alongside existing way 1122276434 for 100% of its length,tt_event
122,overlapping highway,NI3_1785,20866715,https://www.openstreetmap.org/#map=18/28.682345/77.258947,189394853,https://www.openstreetmap.org/changeset/189394853,way,1122276465,2026-09-22T11:42:19Z,India,runs alongside existing way 1122276466 for 100% of its length,tt_event
123,overlapping highway,NI3_1785,20866715,https://www.openstreetmap.org/#map=18/28.683575/77.258321,189394853,https://www.openstreetmap.org/changeset/189394853,way,1122276468,2026-09-22T11:42:19Z,India,runs alongside existing way 1122276486 for 100% of its length,tt_event
124,overlapping highway,NI3_1785,20866715,https://www.openstreetmap.org/#map=18/28.682678/77.258708,189394853,https://www.openstreetmap.org/changeset/189394853,way,1122276483,2026-09-22T11:42:19Z,India,runs alongside existing way 1122276434 for 100% of its length,tt_event
125,overlapping highway,NI3_1785,20866715,https://www.openstreetmap.org/#map=18/28.683626/77.258277,189394853,https://www.openstreetmap.org/changeset/189394853,way,1122276484,2026-09-22T11:42:19Z,India,runs alongside existing way 1561326693 for 91% of its length,tt_event
126,overlapping highway,NI3_1785,20866715,https://www.openstreetmap.org/#map=18/28.683301/77.258223,189394853,https://www.openstreetmap.org/changeset/189394853,way,1076896371,2026-09-22T11:42:19Z,India,runs alongside existing way 1122276486 for 76% of its length,tt_event
127,overlapping highway,NI3_1785,20866715,https://www.openstreetmap.org/#map=18/28.684260/77.257793,189394853,https://www.openstreetmap.org/changeset/189394853,way,1077615505,2026-09-22T11:42:19Z,India,runs alongside existing way 1561326692 for 65% of its length,tt_event
128,overlapping highway,NI3_1785,20866715,https://www.openstreetmap.org/#map=18/28.683989/77.256954,189394853,https://www.openstreetmap.org/changeset/189394853,way,410990231,2026-09-22T11:42:19Z,India,runs alongside existing way 1561326692 for 63% of its length,tt_event
129,way end node near other way,NI3_1785,20866715,https://www.openstreetmap.org/#map=18/28.682670/77.258572,189394853,https://www.openstreetmap.org/changeset/189394853,node,9880421476,2026-09-22T11:42:19Z,India,0.00m from way 1122276483 but not connected to it,tt_event
130,way end node near other way,NI3_1785,20866715,https://www.openstreetmap.org/#map=18/28.682980/77.258422,189394853,https://www.openstreetmap.org/changeset/189394853,node,9880421473,2026-09-22T11:42:19Z,India,0.00m from way 1122276483 but not connected to it,tt_event
131,way end node near other way,NI3_1785,20866715,https://www.openstreetmap.org/#map=18/28.682980/77.258422,189394853,https://www.openstreetmap.org/changeset/189394853,node,9880421473,2026-09-22T11:42:19Z,India,0.00m from way 1122276483 but not connected to it,tt_event
132,way end node near other way,NI3_1785,20866715,https://www.openstreetmap.org/#map=18/28.682670/77.258572,189394853,https://www.openstreetmap.org/changeset/189394853,node,9880421476,2026-09-22T11:42:19Z,India,0.00m from way 1122276483 but not connected to it,tt_event
133,node connected highway and building,NI3_1785,20866715,https://www.openstreetmap.org/#map=18/28.710814/77.236891,189394299,https://www.openstreetmap.org/changeset/189394299,node,13708409656,2026-09-22T11:31:14Z,India,shared by highway way 1496562447 and building way 1496562456,tt_event
134,node connected highway and building,NI3_1785,20866715,https://www.openstreetmap.org/#map=18/28.710724/77.236671,189394299,https://www.openstreetmap.org/changeset/189394299,node,13708409654,2026-09-22T11:31:14Z,India,shared by highway way 1496562448 and building way 1496562456,tt_event
135,node connected highway and building,NI3_1785,20866715,https://www.openstreetmap.org/#map=18/28.708701/77.247344,189394299,https://www.openstreetmap.org/changeset/189394299,node,13906524167,2026-09-22T11:31:14Z,India,shared by highway way 1525695207 and building way 1525695208,tt_event
136,crossing highway,Tomapping,22829112,https://www.openstreetmap.org/#map=18/-13.539261/33.410436,189393672,https://www.openstreetmap.org/changeset/189393672,way,673006843,2026-09-22T11:17:24Z,Malawi,crosses way 1561331691 without a shared junction node,tt_event
137,node connected highway and building,Tomapping,22829112,https://www.openstreetmap.org/#map=18/-13.548607/33.391302,189393672,https://www.openstreetmap.org/changeset/189393672,node,14196777797,2026-09-22T11:17:24Z,Malawi,shared by highway way 1560503355 and building way 1560503314,tt_event
138,crossing buildings,Goodluck Michael,24398072,https://www.openstreetmap.org/#map=18/-6.394130/37.343053,189398816,https://www.openstreetmap.org/changeset/189398816,way,1561345464,2026-09-22T13:03:59Z,Tanzania,outline crosses way 1559859866 (47% area overlap),tt_event
139,building inside building,Goodluck Michael,24398072,https://www.openstreetmap.org/#map=18/-6.394130/37.343053,189398816,https://www.openstreetmap.org/changeset/189398816,way,1561345464,2026-09-22T13:03:59Z,Tanzania,fully contained with/containing way 1559859865,tt_event
140,crossing buildings,Goodluck Michael,24398072,https://www.openstreetmap.org/#map=18/-6.394104/37.343402,189398816,https://www.openstreetmap.org/changeset/189398816,way,1561345470,2026-09-22T13:03:59Z,Tanzania,outline crosses way 1559859864 (64% area overlap),tt_event
141,crossing buildings,Goodluck Michael,24398072,https://www.openstreetmap.org/#map=18/-6.393437/37.343808,189398816,https://www.openstreetmap.org/changeset/189398816,way,1561345475,2026-09-22T13:03:59Z,Tanzania,outline crosses way 1559859857 (91% area overlap),tt_event
142,crossing buildings,Goodluck Michael,24398072,https://www.openstreetmap.org/#map=18/-6.393312/37.343617,189398816,https://www.openstreetmap.org/changeset/189398816,way,1561345479,2026-09-22T13:03:59Z,Tanzania,outline crosses way 1559859858 (93% area overlap),tt_event
143,crossing buildings,Goodluck Michael,24398072,https://www.openstreetmap.org/#map=18/-6.393868/37.346003,189398285,https://www.openstreetmap.org/changeset/189398285,way,1561341792,2026-09-22T12:54:25Z,Tanzania,outline crosses way 1559858511 (59% area overlap),tt_event
144,crossing buildings,Goodluck Michael,24398072,https://www.openstreetmap.org/#map=18/-6.393924/37.346018,189398285,https://www.openstreetmap.org/changeset/189398285,way,1561341793,2026-09-22T12:54:25Z,Tanzania,outline crosses way 1559858511 (33% area overlap),tt_event
145,crossing buildings,Goodluck Michael,24398072,https://www.openstreetmap.org/#map=18/-6.394002/37.345916,189398285,https://www.openstreetmap.org/changeset/189398285,way,1561341794,2026-09-22T12:54:25Z,Tanzania,outline crosses way 1559858512 (43% area overlap),tt_event
146,crossing buildings,MOHAMEDI TZ,24430854,https://www.openstreetmap.org/#map=18/-6.376664/37.320162,189398066,https://www.openstreetmap.org/changeset/189398066,way,1561341274,2026-09-22T12:50:59Z,Tanzania,outline crosses way 1561364592 (21% area overlap),tt_event
147,duplicated node,MOHAMEDI TZ,24430854,https://www.openstreetmap.org/#map=18/-6.375640/37.319403,189397701,https://www.openstreetmap.org/changeset/189397701,node,14206284161,2026-09-22T12:45:17Z,Tanzania,within 0.00m of node 14206318494,tt_event
148,duplicated node,MOHAMEDI TZ,24430854,https://www.openstreetmap.org/#map=18/-6.375672/37.319498,189397701,https://www.openstreetmap.org/changeset/189397701,node,14206284162,2026-09-22T12:45:17Z,Tanzania,within 0.00m of node 14206318495,tt_event
149,duplicated node,MOHAMEDI TZ,24430854,https://www.openstreetmap.org/#map=18/-6.375628/37.319513,189397701,https://www.openstreetmap.org/changeset/189397701,node,14206284163,2026-09-22T12:45:17Z,Tanzania,within 0.00m of node 14206318496,tt_event
150,duplicated node,MOHAMEDI TZ,24430854,https://www.openstreetmap.org/#map=18/-6.375596/37.319418,189397701,https://www.openstreetmap.org/changeset/189397701,node,14206284164,2026-09-22T12:45:17Z,Tanzania,within 0.00m of node 14206318497,tt_event
151,building inside building,MOHAMEDI TZ,24430854,https://www.openstreetmap.org/#map=18/-6.375634/37.319458,189397701,https://www.openstreetmap.org/changeset/189397701,way,1561338858,2026-09-22T12:45:17Z,Tanzania,fully contained with/containing way 1561339650,tt_event
152,node connected highway and building,Agnes Petro,23585416,https://www.openstreetmap.org/#map=18/-6.371039/37.380226,189397322,https://www.openstreetmap.org/changeset/189397322,node,9242910266,2026-09-22T12:35:16Z,Tanzania,shared by highway way 1561337183 and building way 1001371187,tt_event
153,crossing buildings,Goodluck Michael,24398072,https://www.openstreetmap.org/#map=18/-6.392758/37.335238,189401961,https://www.openstreetmap.org/changeset/189401961,way,1561358203,2026-09-22T14:06:59Z,Tanzania,outline crosses way 1559852699 (45% area overlap),tt_event
154,crossing buildings,Goodluck Michael,24398072,https://www.openstreetmap.org/#map=18/-6.393392/37.336345,189400814,https://www.openstreetmap.org/changeset/189400814,way,1561352923,2026-09-22T13:40:57Z,Tanzania,outline crosses way 1271129823 (61% area overlap),tt_event
155,crossing buildings,Goodluck Michael,24398072,https://www.openstreetmap.org/#map=18/-6.394105/37.338954,189400173,https://www.openstreetmap.org/changeset/189400173,way,1561350119,2026-09-22T13:28:50Z,Tanzania,outline crosses way 1271126275 (13% area overlap),tt_event
156,crossing buildings,Goodluck Michael,24398072,https://www.openstreetmap.org/#map=18/-6.393165/37.340019,189399635,https://www.openstreetmap.org/changeset/189399635,way,1561348558,2026-09-22T13:18:42Z,Tanzania,outline crosses way 1317370016 (35% area overlap),tt_event
157,crossing buildings,Goodluck Michael,24398072,https://www.openstreetmap.org/#map=18/-6.393261/37.340513,189399635,https://www.openstreetmap.org/changeset/189399635,way,1561348563,2026-09-22T13:18:42Z,Tanzania,outline crosses way 1271110839 (48% area overlap),tt_event
158,crossing buildings,Goodluck Michael,24398072,https://www.openstreetmap.org/#map=18/-6.393545/37.341553,189399419,https://www.openstreetmap.org/changeset/189399419,way,1561347506,2026-09-22T13:13:34Z,Tanzania,outline crosses way 1271126267 (64% area overlap),tt_event
159,node connected highway and building,Agnes Petro,23585416,https://www.openstreetmap.org/#map=18/-6.376076/37.316906,189404555,https://www.openstreetmap.org/changeset/189404555,node,14206595537,2026-09-22T15:02:21Z,Tanzania,shared by highway way 1179916181 and building way 1561369840,tt_event
160,node connected highway and building,Natalia Wiederkehr,24091393,https://www.openstreetmap.org/#map=18/7.454794/5.814411,189404241,https://www.openstreetmap.org/changeset/189404241,node,13838109572,2026-09-22T14:56:51Z,Nigeria,shared by highway way 550805550 and building way 1515055594,tt_event
161,crossing buildings,Surveyor Lewinsky,16156201,https://www.openstreetmap.org/#map=18/-17.025238/30.845828,189403806,https://www.openstreetmap.org/changeset/189403806,way,1561366393,2026-09-22T14:47:50Z,Zimbabwe,outline crosses way 1489195875 (96% area overlap),tt_event
162,crossing buildings,Surveyor Lewinsky,16156201,https://www.openstreetmap.org/#map=18/-17.025115/30.845259,189403806,https://www.openstreetmap.org/changeset/189403806,way,1553319724,2026-09-22T14:47:50Z,Zimbabwe,outline crosses way 1489195879 (100% area overlap),tt_event
163,crossing buildings,Surveyor Lewinsky,16156201,https://www.openstreetmap.org/#map=18/-17.024059/30.845263,189403806,https://www.openstreetmap.org/changeset/189403806,way,1553319731,2026-09-22T14:47:50Z,Zimbabwe,outline crosses way 1489195884 (98% area overlap),tt_event
164,crossing buildings,Surveyor Lewinsky,16156201,https://www.openstreetmap.org/#map=18/-17.025313/30.846146,189403806,https://www.openstreetmap.org/changeset/189403806,way,1553475997,2026-09-22T14:47:50Z,Zimbabwe,outline crosses way 1489195868 (98% area overlap),tt_event
165,crossing buildings,Natalia Wiederkehr,24091393,https://www.openstreetmap.org/#map=18/7.446914/5.757371,189403672,https://www.openstreetmap.org/changeset/189403672,way,1561365636,2026-09-22T14:44:28Z,Nigeria,outline crosses way 1513156377 (89% area overlap),tt_event
166,crossing buildings,Natalia Wiederkehr,24091393,https://www.openstreetmap.org/#map=18/7.446832/5.757529,189403672,https://www.openstreetmap.org/changeset/189403672,way,1561365637,2026-09-22T14:44:28Z,Nigeria,outline crosses way 1513157197 (98% area overlap),tt_event
167,crossing buildings,Natalia Wiederkehr,24091393,https://www.openstreetmap.org/#map=18/7.446846/5.757424,189403672,https://www.openstreetmap.org/changeset/189403672,way,1561365638,2026-09-22T14:44:28Z,Nigeria,outline crosses way 1513156377 (4% area overlap),tt_event
168,crossing buildings,Natalia Wiederkehr,24091393,https://www.openstreetmap.org/#map=18/7.446895/5.757452,189403672,https://www.openstreetmap.org/changeset/189403672,way,1561365639,2026-09-22T14:44:28Z,Nigeria,outline crosses way 1513156378 (76% area overlap),tt_event
169,crossing buildings,Natalia Wiederkehr,24091393,https://www.openstreetmap.org/#map=18/7.446997/5.757423,189403672,https://www.openstreetmap.org/changeset/189403672,way,1561365640,2026-09-22T14:44:28Z,Nigeria,outline crosses way 1513156373 (56% area overlap),tt_event
170,crossing buildings,Natalia Wiederkehr,24091393,https://www.openstreetmap.org/#map=18/7.446997/5.757423,189403672,https://www.openstreetmap.org/changeset/189403672,way,1561365640,2026-09-22T14:44:28Z,Nigeria,outline crosses way 1513156372 (3% area overlap),tt_event
171,crossing buildings,Natalia Wiederkehr,24091393,https://www.openstreetmap.org/#map=18/7.447055/5.757541,189403672,https://www.openstreetmap.org/changeset/189403672,way,1561365641,2026-09-22T14:44:28Z,Nigeria,outline crosses way 1513156372 (94% area overlap),tt_event
172,crossing buildings,Natalia Wiederkehr,24091393,https://www.openstreetmap.org/#map=18/7.447174/5.757630,189403672,https://www.openstreetmap.org/changeset/189403672,way,1561365642,2026-09-22T14:44:28Z,Nigeria,outline crosses way 1513156371 (95% area overlap),tt_event
173,feature mapped without primary tag,Mtaalam,24271963,https://www.openstreetmap.org/#map=18/-6.328212/37.425991,189412997,https://www.openstreetmap.org/changeset/189412997,node,14206898415,2026-09-22T17:49:47Z,Tanzania,tags present but none are a primary key: ['source'],tt_event
174,feature mapped without primary tag,Mtaalam,24271963,https://www.openstreetmap.org/#map=18/-6.328194/37.426379,189412997,https://www.openstreetmap.org/changeset/189412997,node,7908183619,2026-09-22T17:49:47Z,Tanzania,tags present but none are a primary key: ['source'],tt_event
175,duplicated node,EssieMaina,13838975,https://www.openstreetmap.org/#map=18/-0.562257/37.152471,189417731,https://www.openstreetmap.org/changeset/189417731,node,14207269455,2026-09-22T19:45:52Z,Kenya,within 0.02m of node 14207269467,tt_event
176,duplicated node,EssieMaina,13838975,https://www.openstreetmap.org/#map=18/-0.561580/37.153194,189417731,https://www.openstreetmap.org/changeset/189417731,node,14207269545,2026-09-22T19:45:52Z,Kenya,within 0.04m of node 14207269547,tt_event
177,crossing buildings,BoomBasteek,1722858,https://www.openstreetmap.org/#map=18/-2.151745/30.144668,189403001,https://www.openstreetmap.org/changeset/189403001,way,1561363156,2026-09-22T14:29:54Z,Rwanda,outline crosses way 1546900715 (6% area overlap),tt_event
178,crossing buildings,Christine_Kinuthia,12182126,https://www.openstreetmap.org/#map=18/-0.622105/37.218473,189402491,https://www.openstreetmap.org/changeset/189402491,way,1561360324,2026-09-22T14:18:52Z,Kenya,outline crosses way 1561371543 (88% area overlap),tt_event
182,crossing buildings,Natalia Wiederkehr,24091393,https://www.openstreetmap.org/#map=18/7.453891/5.738853,189405270,https://www.openstreetmap.org/changeset/189405270,way,1561371842,2026-09-22T15:13:44Z,Nigeria,outline crosses way 1515305914 (93% area overlap),tt_event
183,crossing buildings,Natalia Wiederkehr,24091393,https://www.openstreetmap.org/#map=18/7.453020/5.742822,189404998,https://www.openstreetmap.org/changeset/189404998,way,1561371323,2026-09-22T15:10:17Z,Nigeria,outline crosses way 1515052997 (95% area overlap),tt_event
184,building inside building,Natalia Wiederkehr,24091393,https://www.openstreetmap.org/#map=18/7.453042/5.742789,189404998,https://www.openstreetmap.org/changeset/189404998,way,1561371324,2026-09-22T15:10:17Z,Nigeria,fully contained with/containing way 1515052997,tt_event
185,crossing buildings,Natalia Wiederkehr,24091393,https://www.openstreetmap.org/#map=18/7.453082/5.742777,189404998,https://www.openstreetmap.org/changeset/189404998,way,1561371325,2026-09-22T15:10:17Z,Nigeria,outline crosses way 1515052997 (96% area overlap),tt_event
186,crossing buildings,Natalia Wiederkehr,24091393,https://www.openstreetmap.org/#map=18/7.453059/5.742690,189404998,https://www.openstreetmap.org/changeset/189404998,way,1561371326,2026-09-22T15:10:17Z,Nigeria,outline crosses way 1515052997 (60% area overlap),tt_event
187,crossing buildings,Mtaalam,24271963,https://www.openstreetmap.org/#map=18/-6.413216/37.411803,189411171,https://www.openstreetmap.org/changeset/189411171,way,1561391848,2026-09-22T17:07:13Z,Tanzania,outline crosses way 927477365 (47% area overlap),tt_event
188,crossing buildings,Mtaalam,24271963,https://www.openstreetmap.org/#map=18/-6.413406/37.412130,189411078,https://www.openstreetmap.org/changeset/189411078,way,1561391639,2026-09-22T17:05:00Z,Tanzania,outline crosses way 927477359 (8% area overlap),tt_event
189,node connected highway and building,Paul il cileno,24563274,https://www.openstreetmap.org/#map=18/-2.188969/30.091727,189410718,https://www.openstreetmap.org/changeset/189410718,node,14049252774,2026-09-22T16:57:38Z,Rwanda,shared by highway way 1544575586 and building way 1544575585,tt_event
190,crossing buildings,Mtaalam,24271963,https://www.openstreetmap.org/#map=18/-6.413202/37.412127,189411138,https://www.openstreetmap.org/changeset/189411138,way,1561391747,2026-09-22T17:06:23Z,Tanzania,outline crosses way 927477359 (77% area overlap),tt_event
191,crossing highway,Mtaalam,24271963,https://www.openstreetmap.org/#map=18/-6.330269/37.425871,189410754,https://www.openstreetmap.org/changeset/189410754,way,862957578,2026-09-22T16:58:20Z,Tanzania,crosses way 1561390493 without a shared junction node,tt_event
192,crossing buildings,Mtaalam,24271963,https://www.openstreetmap.org/#map=18/-6.329585/37.425428,189409809,https://www.openstreetmap.org/changeset/189409809,way,1561387928,2026-09-22T16:41:03Z,Tanzania,outline crosses way 1003637836 (51% area overlap),tt_event
194,crossing buildings,Mtaalam,24271963,https://www.openstreetmap.org/#map=18/-6.329534/37.426159,189409712,https://www.openstreetmap.org/changeset/189409712,way,1561387597,2026-09-22T16:38:51Z,Tanzania,outline crosses way 673706108 (22% area overlap),tt_event
195,crossing buildings,Mtaalam,24271963,https://www.openstreetmap.org/#map=18/-6.329961/37.425262,189409520,https://www.openstreetmap.org/changeset/189409520,way,1561386960,2026-09-22T16:35:27Z,Tanzania,outline crosses way 673706111 (39% area overlap),tt_event
196,crossing buildings,Mtaalam,24271963,https://www.openstreetmap.org/#map=18/-6.330239/37.425651,189409424,https://www.openstreetmap.org/changeset/189409424,way,1561386295,2026-09-22T16:33:21Z,Tanzania,outline crosses way 1003644692 (13% area overlap),tt_event
197,duplicated node,TeBaMa,6519568,https://www.openstreetmap.org/#map=18/-2.067089/30.427360,189437265,https://www.openstreetmap.org/changeset/189437265,node,14208674228,2026-09-23T08:54:06Z,Rwanda,within 0.04m of node 14208674235,tt_event
199,duplicated node,Lior Lumen Wiradinata,24443824,https://www.openstreetmap.org/#map=18/-15.366837/28.392888,189444583,https://www.openstreetmap.org/changeset/189444583,node,14209104941,2026-09-23T11:37:51Z,Zambia,within 0.01m of node 14209104945,tt_event
216,crossing buildings,Mtaalam,24271963,https://www.openstreetmap.org/#map=18/-6.332525/37.427429,189413175,https://www.openstreetmap.org/changeset/189413175,way,1561400740,2026-09-22T17:53:39Z,Tanzania,outline crosses way 673706092 (16% area overlap),tt_event
217,crossing buildings,Mtaalam,24271963,https://www.openstreetmap.org/#map=18/-6.332525/37.427429,189413175,https://www.openstreetmap.org/changeset/189413175,way,1561400740,2026-09-22T17:53:39Z,Tanzania,outline crosses way 1003898838 (47% area overlap),tt_event
218,node connected highway and building,Jacob Whittaker,24582093,https://www.openstreetmap.org/#map=18/-2.269189/30.216091,189412936,https://www.openstreetmap.org/changeset/189412936,node,14206880454,2026-09-22T17:48:10Z,Rwanda,shared by highway way 375329437 and building way 1561400061,tt_event
219,crossing buildings,Mtaalam,24271963,https://www.openstreetmap.org/#map=18/-6.332352/37.427322,189413334,https://www.openstreetmap.org/changeset/189413334,way,1561401537,2026-09-22T17:56:18Z,Tanzania,outline crosses way 1003637842 (27% area overlap),tt_event
220,duplicated node,Dnyaneshwarisolanke,23613325,https://www.openstreetmap.org/#map=18/10.688232/76.357267,189451873,https://www.openstreetmap.org/changeset/189451873,node,14209474899,2026-09-23T14:06:46Z,India,within 0.00m of node 14209475506,tt_event
221,duplicated node,Dnyaneshwarisolanke,23613325,https://www.openstreetmap.org/#map=18/10.673576/76.344281,189451751,https://www.openstreetmap.org/changeset/189451751,node,14209470130,2026-09-23T14:04:37Z,India,within 0.00m of node 14209470131,tt_event
222,duplicated node,Dnyaneshwarisolanke,23613325,https://www.openstreetmap.org/#map=18/10.672890/76.324836,189451678,https://www.openstreetmap.org/changeset/189451678,node,14209380548,2026-09-23T14:02:57Z,India,within 0.00m of node 14209380549,tt_event
223,duplicated node,Dnyaneshwarisolanke,23613325,https://www.openstreetmap.org/#map=18/10.673618/76.316972,189451678,https://www.openstreetmap.org/changeset/189451678,node,14209380563,2026-09-23T14:02:57Z,India,within 0.00m of node 14209380564,tt_event
224,duplicated node,Dnyaneshwarisolanke,23613325,https://www.openstreetmap.org/#map=18/10.639662/76.297496,189451516,https://www.openstreetmap.org/changeset/189451516,node,14209459195,2026-09-23T13:59:26Z,India,within 0.00m of node 14209459196,tt_event
225,duplicated node,Dnyaneshwarisolanke,23613325,https://www.openstreetmap.org/#map=18/10.641996/76.299101,189451516,https://www.openstreetmap.org/changeset/189451516,node,14209460905,2026-09-23T13:59:26Z,India,within 0.00m of node 14209460906,tt_event
226,duplicated node,Dnyaneshwarisolanke,23613325,https://www.openstreetmap.org/#map=18/10.562896/76.079635,189450897,https://www.openstreetmap.org/changeset/189450897,node,14209416318,2026-09-23T13:47:48Z,India,within 0.00m of node 14209416319,tt_event
227,duplicated node,Dnyaneshwarisolanke,23613325,https://www.openstreetmap.org/#map=18/10.651419/76.025226,189450821,https://www.openstreetmap.org/changeset/189450821,node,14209417976,2026-09-23T13:45:57Z,India,within 0.00m of node 14209417977,tt_event
228,duplicated node,Dnyaneshwarisolanke,23613325,https://www.openstreetmap.org/#map=18/10.842303/75.979896,189452833,https://www.openstreetmap.org/changeset/189452833,node,14209475546,2026-09-23T14:28:34Z,India,within 0.00m of node 14209475547,tt_event
229,duplicated node,Dnyaneshwarisolanke,23613325,https://www.openstreetmap.org/#map=18/10.709782/76.252786,189452469,https://www.openstreetmap.org/changeset/189452469,node,14209494224,2026-09-23T14:20:37Z,India,within 0.00m of node 14209494225,tt_event
230,duplicated node,Dnyaneshwarisolanke,23613325,https://www.openstreetmap.org/#map=18/10.759937/76.276302,189452406,https://www.openstreetmap.org/changeset/189452406,node,14209476654,2026-09-23T14:19:12Z,India,within 0.00m of node 14209476655,tt_event
231,duplicated node,Dnyaneshwarisolanke,23613325,https://www.openstreetmap.org/#map=18/10.747369/76.283599,189452341,https://www.openstreetmap.org/changeset/189452341,node,14209485346,2026-09-23T14:17:38Z,India,within 0.00m of node 14209485347,tt_event
232,duplicated node,Dnyaneshwarisolanke,23613325,https://www.openstreetmap.org/#map=18/10.711440/76.292713,189452259,https://www.openstreetmap.org/changeset/189452259,node,14209471685,2026-09-23T14:15:40Z,India,within 0.00m of node 14209471686,tt_event
233,duplicated node,Dnyaneshwarisolanke,23613325,https://www.openstreetmap.org/#map=18/10.711299/76.291131,189452259,https://www.openstreetmap.org/changeset/189452259,node,14209471692,2026-09-23T14:15:40Z,India,within 0.00m of node 14209471693,tt_event
234,duplicated node,Dnyaneshwarisolanke,23613325,https://www.openstreetmap.org/#map=18/10.722295/76.332187,189452172,https://www.openstreetmap.org/changeset/189452172,node,14209474735,2026-09-23T14:13:38Z,India,within 0.00m of node 14209474736,tt_event
235,duplicated node,Dnyaneshwarisolanke,23613325,https://www.openstreetmap.org/#map=18/10.701177/76.388672,189451914,https://www.openstreetmap.org/changeset/189451914,node,14209476302,2026-09-23T14:07:54Z,India,within 0.00m of node 14209476303,tt_event
236,node connected highway and building,Kv1n20,23306717,https://www.openstreetmap.org/#map=18/-2.224054/30.130727,189412472,https://www.openstreetmap.org/changeset/189412472,node,6337468406,2026-09-22T17:36:56Z,Rwanda,shared by highway way 676767096 and building way 1561396668,tt_event
237,crossing buildings,Mtaalam,24271963,https://www.openstreetmap.org/#map=18/-6.368319/37.384628,189412277,https://www.openstreetmap.org/changeset/189412277,way,1561396160,2026-09-22T17:33:03Z,Tanzania,outline crosses way 1002206812 (63% area overlap),tt_event
238,overlapping highway,Mtaalam,24271963,https://www.openstreetmap.org/#map=18/-6.343918/37.406541,189411997,https://www.openstreetmap.org/changeset/189411997,way,651862057,2026-09-22T17:26:40Z,Tanzania,runs alongside existing way 1561040512 for 100% of its length,tt_event
239,way end node near other way,Mtaalam,24271963,https://www.openstreetmap.org/#map=18/-6.338641/37.415155,189411997,https://www.openstreetmap.org/changeset/189411997,node,14206806996,2026-09-22T17:26:40Z,Tanzania,0.00m from way 651862057 but not connected to it,tt_event
240,way end node near other way,Mtaalam,24271963,https://www.openstreetmap.org/#map=18/-6.338641/37.415155,189411997,https://www.openstreetmap.org/changeset/189411997,node,7425045818,2026-09-22T17:26:40Z,Tanzania,0.00m from way 1561394937 but not connected to it,tt_event
241,crossing highway,Mtaalam,24271963,https://www.openstreetmap.org/#map=18/-6.339231/37.414154,189411924,https://www.openstreetmap.org/changeset/189411924,way,1561394638,2026-09-22T17:25:05Z,Tanzania,crosses way 651862057 without a shared junction node,tt_event
242,node connected highway and building,Kv1n20,23306717,https://www.openstreetmap.org/#map=18/-2.224055/30.130727,189411295,https://www.openstreetmap.org/changeset/189411295,node,6337468406,2026-09-22T17:09:52Z,Rwanda,shared by highway way 676767096 and building way 1561396668,tt_event
243,crossing buildings,Mtaalam,24271963,https://www.openstreetmap.org/#map=18/-6.328163/37.427507,189416289,https://www.openstreetmap.org/changeset/189416289,way,1561415188,2026-09-22T19:07:32Z,Tanzania,outline crosses way 673706101 (28% area overlap),tt_event
244,node connected highway and building,Jacob Whittaker,24582093,https://www.openstreetmap.org/#map=18/-2.269781/30.214655,189411970,https://www.openstreetmap.org/changeset/189411970,node,14206839959,2026-09-22T17:26:04Z,Rwanda,shared by highway way 375329438 and building way 1561394770,tt_event
245,crossing buildings,Mtaalam,24271963,https://www.openstreetmap.org/#map=18/-6.328972/37.426734,189415906,https://www.openstreetmap.org/changeset/189415906,way,1561413318,2026-09-22T18:57:31Z,Tanzania,outline crosses way 673706105 (26% area overlap),tt_event
246,crossing buildings,Mtaalam,24271963,https://www.openstreetmap.org/#map=18/-6.328973/37.426689,189415802,https://www.openstreetmap.org/changeset/189415802,way,1561412950,2026-09-22T18:54:18Z,Tanzania,outline crosses way 1561413190 (39% area overlap),tt_event
247,crossing buildings,Mtaalam,24271963,https://www.openstreetmap.org/#map=18/-6.328974/37.426730,189415782,https://www.openstreetmap.org/changeset/189415782,way,1561412939,2026-09-22T18:53:54Z,Tanzania,outline crosses way 673706105 (32% area overlap),tt_event
248,duplicated node,MartinBarcala,24578004,https://www.openstreetmap.org/#map=18/1.028456/32.725241,189464212,https://www.openstreetmap.org/changeset/189464212,node,14210116020,2026-09-23T18:36:20Z,Uganda,within 0.00m of node 14210116024,tt_event
249,crossing buildings,Mtaalam,24271963,https://www.openstreetmap.org/#map=18/-6.328169/37.426827,189416218,https://www.openstreetmap.org/changeset/189416218,way,1561414937,2026-09-22T19:05:59Z,Tanzania,outline crosses way 673706103 (4% area overlap),tt_event
250,crossing highway,Mtaalam,24271963,https://www.openstreetmap.org/#map=18/-6.332706/37.427776,189415113,https://www.openstreetmap.org/changeset/189415113,way,436533173,2026-09-22T18:38:01Z,Tanzania,crosses way 1561417595 without a shared junction node,tt_event
251,overlapping highway,Mtaalam,24271963,https://www.openstreetmap.org/#map=18/-6.330765/37.427318,189415113,https://www.openstreetmap.org/changeset/189415113,way,1003652734,2026-09-22T18:38:01Z,Tanzania,runs alongside existing way 1003652735 for 88% of its length,tt_event
252,node connected highway and building,Mtaalam,24271963,https://www.openstreetmap.org/#map=18/-6.423636/37.467961,189415113,https://www.openstreetmap.org/changeset/189415113,node,8035364920,2026-09-22T18:38:01Z,Tanzania,shared by highway way 862470082 and building way 1008209217,tt_event
253,node connected highway and building,Mtaalam,24271963,https://www.openstreetmap.org/#map=18/-6.424075/37.467554,189415113,https://www.openstreetmap.org/changeset/189415113,node,9301351965,2026-09-22T18:38:01Z,Tanzania,shared by highway way 862482184 and building way 1008209224,tt_event
254,node connected highway and building,Mtaalam,24271963,https://www.openstreetmap.org/#map=18/-6.422341/37.465532,189415113,https://www.openstreetmap.org/changeset/189415113,node,9301352088,2026-09-22T18:38:01Z,Tanzania,shared by highway way 862482202 and building way 1008209254,tt_event
255,node connected highway and building,Mtaalam,24271963,https://www.openstreetmap.org/#map=18/-6.422544/37.465218,189415113,https://www.openstreetmap.org/changeset/189415113,node,9301352089,2026-09-22T18:38:01Z,Tanzania,shared by highway way 862482206 and building way 1008209254,tt_event
256,node connected highway and building,Mtaalam,24271963,https://www.openstreetmap.org/#map=18/-6.422871/37.464362,189415113,https://www.openstreetmap.org/changeset/189415113,node,9301352013,2026-09-22T18:38:01Z,Tanzania,shared by highway way 862534986 and building way 1008209236,tt_event
257,overlapping highway,Mtaalam,24271963,https://www.openstreetmap.org/#map=18/-6.331054/37.427348,189414910,https://www.openstreetmap.org/changeset/189414910,way,1561409938,2026-09-22T18:31:39Z,Tanzania,runs alongside existing way 1003646782 for 82% of its length,tt_event
258,way end node near other way,Mtaalam,24271963,https://www.openstreetmap.org/#map=18/-6.331159/37.427366,189414895,https://www.openstreetmap.org/changeset/189414895,node,14206988313,2026-09-22T18:31:09Z,Tanzania,0.00m from way 1561409939 but not connected to it,tt_event
259,crossing highway,Mtaalam,24271963,https://www.openstreetmap.org/#map=18/-6.330994/37.426992,189414850,https://www.openstreetmap.org/changeset/189414850,way,1003650176,2026-09-22T18:30:01Z,Tanzania,crosses way 1003652733 without a shared junction node,tt_event
260,overlapping highway,Mtaalam,24271963,https://www.openstreetmap.org/#map=18/-6.331044/37.427349,189414850,https://www.openstreetmap.org/changeset/189414850,way,1561409938,2026-09-22T18:30:01Z,Tanzania,runs alongside existing way 1003646782 for 82% of its length,tt_event
261,node connected highway and building,Mtaalam,24271963,https://www.openstreetmap.org/#map=18/-6.423636/37.467961,189414850,https://www.openstreetmap.org/changeset/189414850,node,8035364920,2026-09-22T18:30:01Z,Tanzania,shared by highway way 862470082 and building way 1008209217,tt_event
262,node connected highway and building,Mtaalam,24271963,https://www.openstreetmap.org/#map=18/-6.424075/37.467554,189414850,https://www.openstreetmap.org/changeset/189414850,node,9301351965,2026-09-22T18:30:01Z,Tanzania,shared by highway way 862482184 and building way 1008209224,tt_event
263,node connected highway and building,Mtaalam,24271963,https://www.openstreetmap.org/#map=18/-6.422341/37.465532,189414850,https://www.openstreetmap.org/changeset/189414850,node,9301352088,2026-09-22T18:30:01Z,Tanzania,shared by highway way 862482202 and building way 1008209254,tt_event
264,node connected highway and building,Mtaalam,24271963,https://www.openstreetmap.org/#map=18/-6.422544/37.465218,189414850,https://www.openstreetmap.org/changeset/189414850,node,9301352089,2026-09-22T18:30:01Z,Tanzania,shared by highway way 862482206 and building way 1008209254,tt_event
265,node connected highway and building,Mtaalam,24271963,https://www.openstreetmap.org/#map=18/-6.422871/37.464362,189414850,https://www.openstreetmap.org/changeset/189414850,node,9301352013,2026-09-22T18:30:01Z,Tanzania,shared by highway way 862534986 and building way 1008209236,tt_event
266,crossing buildings,Mtaalam,24271963,https://www.openstreetmap.org/#map=18/-6.330986/37.427473,189414360,https://www.openstreetmap.org/changeset/189414360,way,1561407066,2026-09-22T18:17:31Z,Tanzania,outline crosses way 673706022 (6% area overlap),tt_event
267,crossing buildings,Mtaalam,24271963,https://www.openstreetmap.org/#map=18/-6.330986/37.427473,189414360,https://www.openstreetmap.org/changeset/189414360,way,1561407066,2026-09-22T18:17:31Z,Tanzania,outline crosses way 673706024 (53% area overlap),tt_event
268,crossing buildings,Mtaalam,24271963,https://www.openstreetmap.org/#map=18/-6.331599/37.427569,189414160,https://www.openstreetmap.org/changeset/189414160,way,1561405393,2026-09-22T18:14:14Z,Tanzania,outline crosses way 1003644694 (9% area overlap),tt_event
269,node connected highway and building,Athumani Msangi,24430799,https://www.openstreetmap.org/#map=18/-6.354379/37.392834,189413882,https://www.openstreetmap.org/changeset/189413882,node,9249964310,2026-09-22T18:08:03Z,Tanzania,shared by highway way 792557770 and building way 1002227129,tt_event
270,node connected highway and building,Athumani Msangi,24430799,https://www.openstreetmap.org/#map=18/-6.354048/37.393504,189413882,https://www.openstreetmap.org/changeset/189413882,node,9249964315,2026-09-22T18:08:03Z,Tanzania,shared by highway way 863714508 and building way 1002227130,tt_event
271,node connected highway and building,Athumani Msangi,24430799,https://www.openstreetmap.org/#map=18/-6.353732/37.393774,189413882,https://www.openstreetmap.org/changeset/189413882,node,9249964335,2026-09-22T18:08:03Z,Tanzania,shared by highway way 872243109 and building way 1002227135,tt_event
272,node connected highway and building,Athumani Msangi,24430799,https://www.openstreetmap.org/#map=18/-6.353732/37.393774,189413882,https://www.openstreetmap.org/changeset/189413882,node,9249964334,2026-09-22T18:08:03Z,Tanzania,shared by highway way 872243109 and building way 1002227135,tt_event
273,crossing buildings,Goodluck Michael,24398072,https://www.openstreetmap.org/#map=18/-6.392105/37.344712,189418229,https://www.openstreetmap.org/changeset/189418229,way,1561431343,2026-09-22T19:59:28Z,Tanzania,outline crosses way 1560250183 (56% area overlap),tt_event
274,crossing buildings,Goodluck Michael,24398072,https://www.openstreetmap.org/#map=18/-6.392253/37.344685,189418229,https://www.openstreetmap.org/changeset/189418229,way,1561431346,2026-09-22T19:59:28Z,Tanzania,outline crosses way 1560250184 (27% area overlap),tt_event
275,crossing buildings,Goodluck Michael,24398072,https://www.openstreetmap.org/#map=18/-6.392425/37.344562,189418229,https://www.openstreetmap.org/changeset/189418229,way,1561431349,2026-09-22T19:59:28Z,Tanzania,outline crosses way 1271126335 (32% area overlap),tt_event
276,crossing buildings,Goodluck Michael,24398072,https://www.openstreetmap.org/#map=18/-6.393132/37.344501,189418229,https://www.openstreetmap.org/changeset/189418229,way,1561431361,2026-09-22T19:59:28Z,Tanzania,outline crosses way 1559858946 (17% area overlap),tt_event
277,crossing buildings,Goodluck Michael,24398072,https://www.openstreetmap.org/#map=18/-6.393120/37.344420,189418229,https://www.openstreetmap.org/changeset/189418229,way,1561431362,2026-09-22T19:59:28Z,Tanzania,outline crosses way 1559858946 (65% area overlap),tt_event
278,feature mapped without primary tag,Athumani Msangi,24430799,https://www.openstreetmap.org/#map=18/-6.355627/37.389919,189469104,https://www.openstreetmap.org/changeset/189469104,node,14183377770,2026-09-23T20:57:03Z,Tanzania,tags present but none are a primary key: ['road'],tt_event
279,crossing buildings,EssieMaina,13838975,https://www.openstreetmap.org/#map=18/-0.561112/37.155526,189417731,https://www.openstreetmap.org/changeset/189417731,way,1561426555,2026-09-22T19:45:52Z,Kenya,outline crosses way 1561426556 (6% area overlap),tt_event
280,crossing buildings,Dannyoung,11010237,https://www.openstreetmap.org/#map=18/-0.604228/37.214400,189417589,https://www.openstreetmap.org/changeset/189417589,way,1561425899,2026-09-22T19:41:19Z,Kenya,outline crosses way 1560294241 (16% area overlap),tt_event
281,crossing buildings,STIVIN SUMAYAN,24430822,https://www.openstreetmap.org/#map=18/-14.973075/34.972217,189417045,https://www.openstreetmap.org/changeset/189417045,way,1561417890,2026-09-22T19:26:55Z,Malawi,outline crosses way 1557787005 (96% area overlap),tt_event
282,building inside building,STIVIN SUMAYAN,24430822,https://www.openstreetmap.org/#map=18/-14.973689/34.972192,189417045,https://www.openstreetmap.org/changeset/189417045,way,1561417891,2026-09-22T19:26:55Z,Malawi,fully contained with/containing way 1557787023,tt_event
283,crossing buildings,helio1972,24190017,https://www.openstreetmap.org/#map=18/9.177844/9.009652,189416976,https://www.openstreetmap.org/changeset/189416976,way,1561417614,2026-09-22T19:25:19Z,Nigeria,outline crosses way 1550654845 (94% area overlap),tt_event
284,node connected highway and building,Mtaalam,24271963,https://www.openstreetmap.org/#map=18/-6.423636/37.467961,189416972,https://www.openstreetmap.org/changeset/189416972,node,8035364920,2026-09-22T19:25:11Z,Tanzania,shared by highway way 862470082 and building way 1008209217,tt_event
285,node connected highway and building,Mtaalam,24271963,https://www.openstreetmap.org/#map=18/-6.424075/37.467554,189416972,https://www.openstreetmap.org/changeset/189416972,node,9301351965,2026-09-22T19:25:11Z,Tanzania,shared by highway way 862482184 and building way 1008209224,tt_event
286,node connected highway and building,Mtaalam,24271963,https://www.openstreetmap.org/#map=18/-6.422341/37.465532,189416972,https://www.openstreetmap.org/changeset/189416972,node,9301352088,2026-09-22T19:25:11Z,Tanzania,shared by highway way 862482202 and building way 1008209254,tt_event
287,node connected highway and building,Mtaalam,24271963,https://www.openstreetmap.org/#map=18/-6.422544/37.465218,189416972,https://www.openstreetmap.org/changeset/189416972,node,9301352089,2026-09-22T19:25:11Z,Tanzania,shared by highway way 862482206 and building way 1008209254,tt_event
288,node connected highway and building,Mtaalam,24271963,https://www.openstreetmap.org/#map=18/-6.422871/37.464362,189416972,https://www.openstreetmap.org/changeset/189416972,node,9301352013,2026-09-22T19:25:11Z,Tanzania,shared by highway way 862534986 and building way 1008209236,tt_event
289,crossing buildings,Mtaalam,24271963,https://www.openstreetmap.org/#map=18/-6.331773/37.428296,189416812,https://www.openstreetmap.org/changeset/189416812,way,1561417135,2026-09-22T19:20:07Z,Tanzania,outline crosses way 673706001 (69% area overlap),tt_event
290,crossing buildings,Mtaalam,24271963,https://www.openstreetmap.org/#map=18/-6.328117/37.427433,189416329,https://www.openstreetmap.org/changeset/189416329,way,1561415350,2026-09-22T19:08:28Z,Tanzania,outline crosses way 673706100 (13% area overlap),tt_event
291,crossing buildings,Mtaalam,24271963,https://www.openstreetmap.org/#map=18/-6.328179/37.427408,189416306,https://www.openstreetmap.org/changeset/189416306,way,1561415266,2026-09-22T19:08:01Z,Tanzania,outline crosses way 673706100 (52% area overlap),tt_event
292,crossing buildings,Mtaalam,24271963,https://www.openstreetmap.org/#map=18/-6.456001/37.392543,189420086,https://www.openstreetmap.org/changeset/189420086,way,1561445540,2026-09-22T20:51:17Z,Tanzania,outline crosses way 833094837 (16% area overlap),tt_event
293,crossing highway,Mtaalam,24271963,https://www.openstreetmap.org/#map=18/-6.332759/37.430277,189419877,https://www.openstreetmap.org/changeset/189419877,way,975344664,2026-09-22T20:44:18Z,Tanzania,crosses way 673706013 without a shared junction node,tt_event
294,crossing buildings,Goodluck Michael,24398072,https://www.openstreetmap.org/#map=18/-6.392068/37.342908,189418663,https://www.openstreetmap.org/changeset/189418663,way,1561433425,2026-09-22T20:11:34Z,Tanzania,outline crosses way 1560247775 (82% area overlap),tt_event
295,crossing buildings,Goodluck Michael,24398072,https://www.openstreetmap.org/#map=18/-6.391758/37.342693,189418663,https://www.openstreetmap.org/changeset/189418663,way,1561433429,2026-09-22T20:11:34Z,Tanzania,outline crosses way 1560247773 (65% area overlap),tt_event
296,crossing highway,KingVik_TT,24345800,https://www.openstreetmap.org/#map=18/-2.319202/30.168700,189421994,https://www.openstreetmap.org/changeset/189421994,way,1561000708,2026-09-22T21:59:02Z,Rwanda,crosses way 1560999560 without a shared junction node,tt_event
297,way end node near other way,KingVik_TT,24345800,https://www.openstreetmap.org/#map=18/-2.319202/30.168700,189421994,https://www.openstreetmap.org/changeset/189421994,node,14207904954,2026-09-22T21:59:02Z,Rwanda,0.00m from way 1560999560 but not connected to it,tt_event
298,crossing highway,Alpha_Planet,24368838,https://www.openstreetmap.org/#map=18/-2.319202/30.168700,189421986,https://www.openstreetmap.org/changeset/189421986,way,1561000708,2026-09-22T21:58:31Z,Rwanda,crosses way 1560999560 without a shared junction node,tt_event
299,crossing highway,Alpha_Planet,24368838,https://www.openstreetmap.org/#map=18/-2.313974/30.172217,189421986,https://www.openstreetmap.org/changeset/189421986,way,1561299969,2026-09-22T21:58:31Z,Rwanda,crosses way 1561293276 without a shared junction node,tt_event
300,crossing highway,Alpha_Planet,24368838,https://www.openstreetmap.org/#map=18/-2.332218/30.160741,189421986,https://www.openstreetmap.org/changeset/189421986,way,910088385,2026-09-22T21:58:31Z,Rwanda,crosses way 1560985762 without a shared junction node,tt_event
301,overlapping highway,Alpha_Planet,24368838,https://www.openstreetmap.org/#map=18/-2.319690/30.182783,189421986,https://www.openstreetmap.org/changeset/189421986,way,1561003154,2026-09-22T21:58:31Z,Rwanda,runs alongside existing way 1560999560 for 100% of its length,tt_event
302,overlapping highway,Alpha_Planet,24368838,https://www.openstreetmap.org/#map=18/-2.310469/30.172632,189421986,https://www.openstreetmap.org/changeset/189421986,way,1561298746,2026-09-22T21:58:31Z,Rwanda,runs alongside existing way 1561293869 for 100% of its length,tt_event
303,overlapping highway,Alpha_Planet,24368838,https://www.openstreetmap.org/#map=18/-2.316370/30.174670,189421986,https://www.openstreetmap.org/changeset/189421986,way,1561299969,2026-09-22T21:58:31Z,Rwanda,runs alongside existing way 1560992650 for 100% of its length,tt_event
304,overlapping highway,Alpha_Planet,24368838,https://www.openstreetmap.org/#map=18/-2.314123/30.175686,189421986,https://www.openstreetmap.org/changeset/189421986,way,1561298462,2026-09-22T21:58:31Z,Rwanda,runs alongside existing way 1561293276 for 100% of its length,tt_event
305,overlapping highway,Alpha_Planet,24368838,https://www.openstreetmap.org/#map=18/-2.342028/30.158198,189421986,https://www.openstreetmap.org/changeset/189421986,way,910088385,2026-09-22T21:58:31Z,Rwanda,runs alongside existing way 1560985762 for 100% of its length,tt_event
306,way end node near other way,Alpha_Planet,24368838,https://www.openstreetmap.org/#map=18/-2.319202/30.168700,189421986,https://www.openstreetmap.org/changeset/189421986,node,14207904954,2026-09-22T21:58:31Z,Rwanda,0.00m from way 1560999560 but not connected to it,tt_event
307,crossing highway,Alpha_Planet,24368838,https://www.openstreetmap.org/#map=18/-2.332218/30.160741,189421683,https://www.openstreetmap.org/changeset/189421683,way,910088385,2026-09-22T21:47:37Z,Rwanda,crosses way 1560985762 without a shared junction node,tt_event
308,overlapping highway,Alpha_Planet,24368838,https://www.openstreetmap.org/#map=18/-2.319947/30.154225,189421683,https://www.openstreetmap.org/changeset/189421683,way,1560988795,2026-09-22T21:47:37Z,Rwanda,runs alongside existing way 1560997276 for 100% of its length,tt_event
309,overlapping highway,Alpha_Planet,24368838,https://www.openstreetmap.org/#map=18/-2.342028/30.158198,189421683,https://www.openstreetmap.org/changeset/189421683,way,910088385,2026-09-22T21:47:37Z,Rwanda,runs alongside existing way 1560985762 for 100% of its length,tt_event
310,overlapping highway,Alpha_Planet,24368838,https://www.openstreetmap.org/#map=18/0.423853/32.622546,189421107,https://www.openstreetmap.org/changeset/189421107,way,1485796876,2026-09-22T21:26:06Z,Uganda,runs alongside existing way 1353712386 for 100% of its length,tt_event
311,overlapping highway,Alpha_Planet,24368838,https://www.openstreetmap.org/#map=18/0.423333/32.623151,189421107,https://www.openstreetmap.org/changeset/189421107,way,1059497821,2026-09-22T21:26:06Z,Uganda,runs alongside existing way 1485796883 for 96% of its length,tt_event
312,overlapping highway,Alpha_Planet,24368838,https://www.openstreetmap.org/#map=18/0.431434/32.606594,189420955,https://www.openstreetmap.org/changeset/189420955,way,1510533783,2026-09-22T21:19:11Z,Uganda,runs alongside existing way 1510533782 for 100% of its length,tt_event
313,node connected highway and building,Alpha_Planet,24368838,https://www.openstreetmap.org/#map=18/0.480320/32.498953,189420659,https://www.openstreetmap.org/changeset/189420659,node,12961367296,2026-09-22T21:09:09Z,Uganda,shared by highway way 1426170495 and building way 1410576548,tt_event
314,node connected highway and building,KingVik_TT,24345800,https://www.openstreetmap.org/#map=18/0.228787/32.462173,189422565,https://www.openstreetmap.org/changeset/189422565,node,13861543315,2026-09-22T22:25:13Z,Uganda,shared by highway way 199594176 and building way 1518837216,tt_event
315,node connected highway and building,KingVik_TT,24345800,https://www.openstreetmap.org/#map=18/0.225553/32.482863,189422565,https://www.openstreetmap.org/changeset/189422565,node,7054980827,2026-09-22T22:25:13Z,Uganda,shared by highway way 661365208 and building way 755240924,tt_event
316,node connected highway and building,KingVik_TT,24345800,https://www.openstreetmap.org/#map=18/0.224605/32.488850,189422565,https://www.openstreetmap.org/changeset/189422565,node,7054983141,2026-09-22T22:25:13Z,Uganda,shared by highway way 755241214 and building way 755241569,tt_event
317,node connected highway and building,KingVik_TT,24345800,https://www.openstreetmap.org/#map=18/0.226124/32.460902,189422565,https://www.openstreetmap.org/changeset/189422565,node,8404346757,2026-09-22T22:25:13Z,Uganda,shared by highway way 1518794262 and building way 904974268,tt_event
318,node connected highway and building,KingVik_TT,24345800,https://www.openstreetmap.org/#map=18/0.232883/32.576566,189422555,https://www.openstreetmap.org/changeset/189422555,node,13967840797,2026-09-22T22:24:42Z,Uganda,shared by highway way 657462257 and building way 1532660963,tt_event
319,duplicated node,MartinBarcala,24578004,https://www.openstreetmap.org/#map=18/1.039329/32.721131,189470109,https://www.openstreetmap.org/changeset/189470109,node,14210418809,2026-09-23T21:33:30Z,Uganda,within 0.00m of node 14210418819,tt_event
320,duplicated node,MartinBarcala,24578004,https://www.openstreetmap.org/#map=18/1.039292/32.727902,189470109,https://www.openstreetmap.org/changeset/189470109,node,14210419022,2026-09-23T21:33:30Z,Uganda,within 0.00m of node 14210419035,tt_event
321,crossing buildings,helio1972,24190017,https://www.openstreetmap.org/#map=18/9.345713/9.016453,189416489,https://www.openstreetmap.org/changeset/189416489,way,1561415887,2026-09-22T19:12:15Z,Nigeria,outline crosses way 1549240681 (81% area overlap),tt_event
322,crossing buildings,helio1972,24190017,https://www.openstreetmap.org/#map=18/9.345666/9.016411,189416489,https://www.openstreetmap.org/changeset/189416489,way,1561415888,2026-09-22T19:12:15Z,Nigeria,outline crosses way 1549240681 (94% area overlap),tt_event
323,crossing buildings,Mtaalam,24271963,https://www.openstreetmap.org/#map=18/-6.328163/37.427507,189416289,https://www.openstreetmap.org/changeset/189416289,way,1561415188,2026-09-22T19:07:32Z,Tanzania,outline crosses way 673706101 (28% area overlap),tt_event
324,overlapping highway,Alpha_Planet,24368838,https://www.openstreetmap.org/#map=18/0.462864/32.530046,189420783,https://www.openstreetmap.org/changeset/189420783,way,1425535241,2026-09-22T21:13:19Z,Uganda,runs alongside existing way 1425535239 for 100% of its length,tt_event
325,node connected highway and building,KingVik_TT,24345800,https://www.openstreetmap.org/#map=18/0.336414/32.755693,189422481,https://www.openstreetmap.org/changeset/189422481,node,13597658880,2026-09-22T22:20:39Z,Uganda,shared by highway way 663863707 and building way 1482828854,tt_event
326,overlapping highway,KennyDap,21660928,https://www.openstreetmap.org/#map=18/33.515663/126.519728,189423835,https://www.openstreetmap.org/changeset/189423835,way,1533601549,2026-09-22T23:33:23Z,South Korea,runs alongside existing way 1533601548 for 69% of its length,tt_event
327,overlapping highway,KennyDap,21660928,https://www.openstreetmap.org/#map=18/33.515594/126.519571,189423835,https://www.openstreetmap.org/changeset/189423835,way,1533601550,2026-09-22T23:33:23Z,South Korea,runs alongside existing way 1561471643 for 100% of its length,tt_event
328,overlapping highway,KennyDap,21660928,https://www.openstreetmap.org/#map=18/33.515576/126.519958,189423835,https://www.openstreetmap.org/changeset/189423835,way,1533601543,2026-09-22T23:33:23Z,South Korea,runs alongside existing way 1561471644 for 100% of its length,tt_event
329,node connected highway and building,KennyDap,21660928,https://www.openstreetmap.org/#map=18/33.515188/126.520931,189423835,https://www.openstreetmap.org/changeset/189423835,node,13987569712,2026-09-22T23:33:23Z,South Korea,shared by highway way 1535144760 and building way 1535144768,tt_event
333,feature mapped without primary tag,KahnuSwain,18397551,https://www.openstreetmap.org/#map=18/20.904360/85.834112,189474901,https://www.openstreetmap.org/changeset/189474901,node,11980028926,2026-09-24T02:29:25Z,India,node 11980028926: tags present but none are a primary key: ['source'],tt_event
334,feature mapped without primary tag,KahnuSwain,18397551,https://www.openstreetmap.org/#map=18/20.904208/85.834178,189474901,https://www.openstreetmap.org/changeset/189474901,node,245691733,2026-09-24T02:29:25Z,India,node 245691733: tags present but none are a primary key: ['source'],tt_event
335,overlapping highway,KennyDap,21660928,https://www.openstreetmap.org/#map=18/33.515687/126.520027,189424065,https://www.openstreetmap.org/changeset/189424065,way,1533601549,2026-09-22T23:51:10Z,South Korea,runs alongside existing way 1533601548 (both 'footway') for 69% of its length,tt_event
625,duplicated node,KennyDap,21660928,https://www.openstreetmap.org/#map=18/33.515881/126.522049,189425096,https://www.openstreetmap.org/changeset/189425096,node,14208044727,2026-09-23T01:03:46Z,South Korea,within 0.04m of pre-existing node 10708260089,tt_event
626,crossing highway,KennyDap,21660928,https://www.openstreetmap.org/#map=18/33.515850/126.521730,189424934,https://www.openstreetmap.org/changeset/189424934,way,373174490,2026-09-23T00:52:27Z,South Korea,crosses way 1151111589 without a shared junction node,tt_event
627,overlapping highway,KennyDap,21660928,https://www.openstreetmap.org/#map=18/33.515834/126.521739,189424934,https://www.openstreetmap.org/changeset/189424934,way,373174490,2026-09-23T00:52:27Z,South Korea,runs alongside existing way 1533866875 (both 'service') for 68% of its length,tt_event
631,node connected highway and building,KennyDap,21660928,https://www.openstreetmap.org/#map=18/33.515188/126.520931,189424903,https://www.openstreetmap.org/changeset/189424903,node,13987569712,2026-09-23T00:49:33Z,South Korea,shared by highway way 1535144760 and building way 1535144768,tt_event
634,crossing highway,KennyDap,21660928,https://www.openstreetmap.org/#map=18/33.515731/126.520484,189424706,https://www.openstreetmap.org/changeset/189424706,way,1533601545,2026-09-23T00:33:50Z,South Korea,crosses way 1533866882 without a shared junction node,tt_event
635,crossing highway,KennyDap,21660928,https://www.openstreetmap.org/#map=18/33.515622/126.520477,189424706,https://www.openstreetmap.org/changeset/189424706,way,1533601544,2026-09-23T00:33:50Z,South Korea,crosses way 1533866881 without a shared junction node,tt_event
636,crossing highway,KennyDap,21660928,https://www.openstreetmap.org/#map=18/33.515666/126.520478,189424706,https://www.openstreetmap.org/changeset/189424706,way,95606496,2026-09-23T00:33:50Z,South Korea,crosses way 1533866881 without a shared junction node,tt_event
637,overlapping highway,KennyDap,21660928,https://www.openstreetmap.org/#map=18/33.515734/126.520619,189424706,https://www.openstreetmap.org/changeset/189424706,way,1533792565,2026-09-23T00:33:50Z,South Korea,runs alongside existing way 1561475725 (both 'footway') for 100% of its length,tt_event
638,overlapping highway,KennyDap,21660928,https://www.openstreetmap.org/#map=18/33.515734/126.520619,189424706,https://www.openstreetmap.org/changeset/189424706,way,1151111590,2026-09-23T00:33:50Z,South Korea,runs alongside existing way 1561475725 (both 'footway') for 100% of its length,tt_event
639,overlapping highway,KennyDap,21660928,https://www.openstreetmap.org/#map=18/33.515650/126.520477,189424706,https://www.openstreetmap.org/changeset/189424706,way,95606496,2026-09-23T00:33:50Z,South Korea,runs alongside existing way 1533866881 (both 'residential') for 100% of its length,tt_event
641,node connected highway and building,KennyDap,21660928,https://www.openstreetmap.org/#map=18/33.516862/126.520922,189424706,https://www.openstreetmap.org/changeset/189424706,node,13979310836,2026-09-23T00:33:50Z,South Korea,shared by highway way 1534126590 and building way 1534121333,tt_event
642,node connected highway and building,KennyDap,21660928,https://www.openstreetmap.org/#map=18/33.516932/126.519913,189424706,https://www.openstreetmap.org/changeset/189424706,node,13979796999,2026-09-23T00:33:50Z,South Korea,shared by highway way 1534185510 and building way 1534185487,tt_event
643,node connected highway and building,KennyDap,21660928,https://www.openstreetmap.org/#map=18/33.516891/126.519906,189424706,https://www.openstreetmap.org/changeset/189424706,node,13979797000,2026-09-23T00:33:50Z,South Korea,shared by highway way 1534185511 and building way 1534185487,tt_event
644,node connected highway and building,KennyDap,21660928,https://www.openstreetmap.org/#map=18/33.516611/126.519132,189424706,https://www.openstreetmap.org/changeset/189424706,node,13985419042,2026-09-23T00:33:50Z,South Korea,shared by highway way 1534885495 and building way 1534837810,tt_event
645,node connected highway and building,KennyDap,21660928,https://www.openstreetmap.org/#map=18/33.515188/126.520931,189424706,https://www.openstreetmap.org/changeset/189424706,node,13987569712,2026-09-23T00:33:50Z,South Korea,shared by highway way 1535144760 and building way 1535144768,tt_event
646,node connected highway and building,KennyDap,21660928,https://www.openstreetmap.org/#map=18/33.514822/126.521882,189424706,https://www.openstreetmap.org/changeset/189424706,node,14001214769,2026-09-23T00:33:50Z,South Korea,shared by highway way 1536986964 and building way 1151111605,tt_event
692,overlapping highway,KennyDap,21660928,https://www.openstreetmap.org/#map=18/33.515750/126.522205,189426312,https://www.openstreetmap.org/changeset/189426312,way,1151111597,2026-09-23T02:30:19Z,South Korea,runs alongside existing way 1151111596 (both 'footway') for 100% of its length,tt_event
693,overlapping highway,KennyDap,21660928,https://www.openstreetmap.org/#map=18/33.515767/126.522208,189426312,https://www.openstreetmap.org/changeset/189426312,way,1151111598,2026-09-23T02:30:19Z,South Korea,runs alongside existing way 1151111597 (both 'footway') for 87% of its length,tt_event
694,overlapping highway,KennyDap,21660928,https://www.openstreetmap.org/#map=18/33.515868/126.522215,189426312,https://www.openstreetmap.org/changeset/189426312,way,1536798732,2026-09-23T02:30:19Z,South Korea,runs alongside existing way 1561483766 (both 'footway') for 100% of its length,tt_event
695,overlapping highway,KennyDap,21660928,https://www.openstreetmap.org/#map=18/33.515767/126.522208,189426312,https://www.openstreetmap.org/changeset/189426312,way,1151111596,2026-09-23T02:30:19Z,South Korea,runs alongside existing way 1151111597 (both 'footway') for 87% of its length,tt_event
696,overlapping highway,KennyDap,21660928,https://www.openstreetmap.org/#map=18/33.515634/126.522270,189426312,https://www.openstreetmap.org/changeset/189426312,way,1536335360,2026-09-23T02:30:19Z,South Korea,runs alongside existing way 1561483767 (both 'footway') for 100% of its length,tt_event
697,overlapping highway,KennyDap,21660928,https://www.openstreetmap.org/#map=18/33.515765/126.522208,189426312,https://www.openstreetmap.org/changeset/189426312,way,1151111594,2026-09-23T02:30:19Z,South Korea,runs alongside existing way 1151111597 (both 'footway') for 74% of its length,tt_event
698,overlapping highway,KennyDap,21660928,https://www.openstreetmap.org/#map=18/33.515634/126.522270,189426312,https://www.openstreetmap.org/changeset/189426312,way,1151111599,2026-09-23T02:30:19Z,South Korea,runs alongside existing way 1561483767 (both 'footway') for 100% of its length,tt_event
699,overlapping highway,KennyDap,21660928,https://www.openstreetmap.org/#map=18/33.515689/126.523209,189426312,https://www.openstreetmap.org/changeset/189426312,way,1151111601,2026-09-23T02:30:19Z,South Korea,runs alongside existing way 1561656684 (both 'footway') for 100% of its length,tt_event
700,node connected highway and building,KennyDap,21660928,https://www.openstreetmap.org/#map=18/33.514284/126.521955,189426312,https://www.openstreetmap.org/changeset/189426312,node,13942102170,2026-09-23T02:30:19Z,South Korea,shared by highway way 1529614141 and building way 371619784,tt_event
701,node connected highway and building,KennyDap,21660928,https://www.openstreetmap.org/#map=18/33.513333/126.521616,189426312,https://www.openstreetmap.org/changeset/189426312,node,13942101962,2026-09-23T02:30:19Z,South Korea,shared by highway way 1530041999 and building way 288746175,tt_event
702,node connected highway and building,KennyDap,21660928,https://www.openstreetmap.org/#map=18/33.515188/126.520931,189426312,https://www.openstreetmap.org/changeset/189426312,node,13987569712,2026-09-23T02:30:19Z,South Korea,shared by highway way 1535144760 and building way 1535144768,tt_event
703,node connected highway and building,KennyDap,21660928,https://www.openstreetmap.org/#map=18/33.513268/126.523680,189426312,https://www.openstreetmap.org/changeset/189426312,node,14000366243,2026-09-23T02:30:19Z,South Korea,shared by highway way 1536875574 and building way 1536875572,tt_event
704,node connected highway and building,KennyDap,21660928,https://www.openstreetmap.org/#map=18/33.514822/126.521882,189426312,https://www.openstreetmap.org/changeset/189426312,node,14001214769,2026-09-23T02:30:19Z,South Korea,shared by highway way 1536986964 and building way 1151111605,tt_event
705,node connected highway and building,KennyDap,21660928,https://www.openstreetmap.org/#map=18/33.514259/126.522093,189426312,https://www.openstreetmap.org/changeset/189426312,node,6787234556,2026-09-23T02:30:19Z,South Korea,shared by highway way 1537196410 and building way 371619785,tt_event
706,node connected highway and building,KennyDap,21660928,https://www.openstreetmap.org/#map=18/33.513345/126.522407,189426312,https://www.openstreetmap.org/changeset/189426312,node,14002616380,2026-09-23T02:30:19Z,South Korea,shared by highway way 1537196418 and building way 1537196417,tt_event
707,node connected highway and building,KennyDap,21660928,https://www.openstreetmap.org/#map=18/33.514494/126.522308,189426312,https://www.openstreetmap.org/changeset/189426312,node,13942102161,2026-09-23T02:30:19Z,South Korea,shared by highway way 1537331666 and building way 371619785,tt_event
708,node connected highway and building,KennyDap,21660928,https://www.openstreetmap.org/#map=18/33.513281/126.523129,189426312,https://www.openstreetmap.org/changeset/189426312,node,14003679571,2026-09-23T02:30:19Z,South Korea,shared by highway way 1537341649 and building way 1537341646,tt_event
709,node connected highway and building,KennyDap,21660928,https://www.openstreetmap.org/#map=18/33.513338/126.523082,189426312,https://www.openstreetmap.org/changeset/189426312,node,14003679580,2026-09-23T02:30:19Z,South Korea,shared by highway way 1537341651 and building way 371619786,tt_event
710,node connected highway and building,KennyDap,21660928,https://www.openstreetmap.org/#map=18/33.513899/126.522898,189426312,https://www.openstreetmap.org/changeset/189426312,node,14003679583,2026-09-23T02:30:19Z,South Korea,shared by highway way 1537341653 and building way 1537341612,tt_event
711,node connected highway and building,KennyDap,21660928,https://www.openstreetmap.org/#map=18/33.513126/126.523230,189426312,https://www.openstreetmap.org/changeset/189426312,node,14020904032,2026-09-23T02:30:19Z,South Korea,shared by highway way 1539865774 and building way 1539865769,tt_event
712,node connected highway and building,KennyDap,21660928,https://www.openstreetmap.org/#map=18/33.513143/126.522832,189426312,https://www.openstreetmap.org/changeset/189426312,node,14020904038,2026-09-23T02:30:19Z,South Korea,shared by highway way 1539865775 and building way 1539865772,tt_event
713,node connected highway and building,KennyDap,21660928,https://www.openstreetmap.org/#map=18/33.513160/126.522411,189426312,https://www.openstreetmap.org/changeset/189426312,node,14020904048,2026-09-23T02:30:19Z,South Korea,shared by highway way 1539865776 and building way 1539865773,tt_event
714,node connected highway and building,KennyDap,21660928,https://www.openstreetmap.org/#map=18/33.513103/126.523673,189426312,https://www.openstreetmap.org/changeset/189426312,node,14022481266,2026-09-23T02:30:19Z,South Korea,shared by highway way 1540050100 and building way 1540050099,tt_event
715,feature mapped without primary tag,Tresunocuatrodos,23722948,https://www.openstreetmap.org/#map=18/-38.741349/-72.602559,189476785,https://www.openstreetmap.org/changeset/189476785,node,8546387499,2026-09-24T04:09:33Z,Chile,"node 8546387499: tags present but none are a primary key: ['addr:city', 'addr:country', 'addr:district', 'addr:housenumber', 'addr:state', 'addr:street', 'source:addr']",tt_event
716,overlapping highway,KennyDap,21660928,https://www.openstreetmap.org/#map=18/33.515734/126.520619,189424796,https://www.openstreetmap.org/changeset/189424796,way,1151111590,2026-09-23T00:41:34Z,South Korea,runs alongside existing way 1561475725 (both 'footway') for 100% of its length,tt_event
719,overlapping highway,KennyDap,21660928,https://www.openstreetmap.org/#map=18/33.515688/126.520041,189424322,https://www.openstreetmap.org/changeset/189424322,way,1533601546,2026-09-23T00:08:20Z,South Korea,runs alongside existing way 1533601548 (both 'footway') for 69% of its length,tt_event
720,feature mapped without primary tag,Surveyor Lewinsky,16156201,https://www.openstreetmap.org/#map=18/-29.832469/30.615094,189478722,https://www.openstreetmap.org/changeset/189478722,node,610411727,2026-09-24T05:47:44Z,South Africa,node 610411727: tags present but none are a primary key: ['source'],tt_event
730,overlapping highway,KennyDap,21660928,https://www.openstreetmap.org/#map=18/33.515869/126.522215,189426506,https://www.openstreetmap.org/changeset/189426506,way,1561484784,2026-09-23T02:45:58Z,South Korea,runs alongside existing way 1561483766 (both 'footway') for 100% of its length,tt_event
731,overlapping highway,KennyDap,21660928,https://www.openstreetmap.org/#map=18/33.515689/126.523209,189426506,https://www.openstreetmap.org/changeset/189426506,way,1533359586,2026-09-23T02:45:58Z,South Korea,runs alongside existing way 1561656684 (both 'footway') for 100% of its length,tt_event
732,overlapping highway,KennyDap,21660928,https://www.openstreetmap.org/#map=18/33.515788/126.523220,189426506,https://www.openstreetmap.org/changeset/189426506,way,1151111586,2026-09-23T02:45:58Z,South Korea,runs alongside existing way 1561484785 (both 'footway') for 100% of its length,tt_event
733,node connected highway and building,KennyDap,21660928,https://www.openstreetmap.org/#map=18/33.515420/126.525129,189426506,https://www.openstreetmap.org/changeset/189426506,node,13964369931,2026-09-23T02:45:58Z,South Korea,shared by highway way 1532210278 and building way 1532210277,tt_event
734,node connected highway and building,KennyDap,21660928,https://www.openstreetmap.org/#map=18/33.516836/126.524267,189426506,https://www.openstreetmap.org/changeset/189426506,node,13971549738,2026-09-23T02:45:58Z,South Korea,shared by highway way 1533140641 and building way 1533140611,tt_event
735,node connected highway and building,KennyDap,21660928,https://www.openstreetmap.org/#map=18/33.516959/126.523806,189426506,https://www.openstreetmap.org/changeset/189426506,node,13971549739,2026-09-23T02:45:58Z,South Korea,shared by highway way 1533140642 and building way 1533140613,tt_event
736,node connected highway and building,KennyDap,21660928,https://www.openstreetmap.org/#map=18/33.516862/126.520922,189426506,https://www.openstreetmap.org/changeset/189426506,node,13979310836,2026-09-23T02:45:58Z,South Korea,shared by highway way 1534126590 and building way 1534121333,tt_event
737,node connected highway and building,KennyDap,21660928,https://www.openstreetmap.org/#map=18/33.516932/126.519913,189426506,https://www.openstreetmap.org/changeset/189426506,node,13979796999,2026-09-23T02:45:58Z,South Korea,shared by highway way 1534185510 and building way 1534185487,tt_event
738,node connected highway and building,KennyDap,21660928,https://www.openstreetmap.org/#map=18/33.516891/126.519906,189426506,https://www.openstreetmap.org/changeset/189426506,node,13979797000,2026-09-23T02:45:58Z,South Korea,shared by highway way 1534185511 and building way 1534185487,tt_event
739,node connected highway and building,KennyDap,21660928,https://www.openstreetmap.org/#map=18/33.516611/126.519132,189426506,https://www.openstreetmap.org/changeset/189426506,node,13985419042,2026-09-23T02:45:58Z,South Korea,shared by highway way 1534885495 and building way 1534837810,tt_event
740,node connected highway and building,KennyDap,21660928,https://www.openstreetmap.org/#map=18/33.515188/126.520931,189426506,https://www.openstreetmap.org/changeset/189426506,node,13987569712,2026-09-23T02:45:58Z,South Korea,shared by highway way 1535144760 and building way 1535144768,tt_event
741,node connected highway and building,KennyDap,21660928,https://www.openstreetmap.org/#map=18/33.515286/126.524067,189426506,https://www.openstreetmap.org/changeset/189426506,node,13997696547,2026-09-23T02:45:58Z,South Korea,shared by highway way 1536798726 and building way 1536535818,tt_event
972,crossing buildings,acarreon003,24582523,https://www.openstreetmap.org/#map=18/-2.224720/30.158310,189429630,https://www.openstreetmap.org/changeset/189429630,way,1561498189,2026-09-23T05:01:41Z,Rwanda,outline crosses way 1561498076 (6% area overlap),tt_event
1101,crossing buildings,acarreon003,24582523,https://www.openstreetmap.org/#map=18/-2.224652/30.158313,189429601,https://www.openstreetmap.org/changeset/189429601,way,1561498076,2026-09-23T04:59:54Z,Rwanda,outline crosses way 1561498189 (6% area overlap),tt_event
1102,unclear changeset comment,Amol_Pawar,24098318,https://www.openstreetmap.org/#map=18/18.519112/73.771023,189488380,https://www.openstreetmap.org/changeset/189488380,changeset,189488380,2026-09-24T10:04:00Z,India,comment too short to be informative: 'POI added',tt_event
1103,unclear changeset comment,Amol_Pawar,24098318,https://www.openstreetmap.org/#map=18/18.518891/73.771110,189488173,https://www.openstreetmap.org/changeset/189488173,changeset,189488173,2026-09-24T09:59:34Z,India,comment too short to be informative: 'POI added',tt_event
1104,unclear changeset comment,Amol_Pawar,24098318,https://www.openstreetmap.org/#map=18/18.520055/73.769832,189487771,https://www.openstreetmap.org/changeset/189487771,changeset,189487771,2026-09-24T09:51:59Z,India,comment too short to be informative: 'POI added',tt_event
1106,unclear changeset comment,Amol_Pawar,24098318,https://www.openstreetmap.org/#map=18/18.521175/73.773993,189491008,https://www.openstreetmap.org/changeset/189491008,changeset,189491008,2026-09-24T10:58:53Z,India,comment too short to be informative: 'POI added',tt_event
1107,feature mapped without primary tag,Ra_colate,15204658,https://www.openstreetmap.org/#map=18/43.550862/-71.573955,189488869,https://www.openstreetmap.org/changeset/189488869,node,578121198,2026-09-24T10:14:28Z,United States,node 578121198: tags present but none are a primary key: ['source'],tt_event
1108,feature mapped without primary tag,Ra_colate,15204658,https://www.openstreetmap.org/#map=18/43.550797/-71.573927,189488869,https://www.openstreetmap.org/changeset/189488869,node,578121227,2026-09-24T10:14:28Z,United States,node 578121227: tags present but none are a primary key: ['source'],tt_event
1109,unclear changeset comment,Amol_Pawar,24098318,https://www.openstreetmap.org/#map=18/18.519669/73.771450,189488777,https://www.openstreetmap.org/changeset/189488777,changeset,189488777,2026-09-24T10:12:05Z,India,comment too short to be informative: 'POI added',tt_event
1110,unclear changeset comment,Amol_Pawar,24098318,https://www.openstreetmap.org/#map=18/18.519379/73.770969,189488602,https://www.openstreetmap.org/changeset/189488602,changeset,189488602,2026-09-24T10:08:00Z,India,comment too short to be informative: 'POI added',tt_event
1111,unclear changeset comment,Amol_Pawar,24098318,https://www.openstreetmap.org/#map=18/18.521801/73.774706,189494479,https://www.openstreetmap.org/changeset/189494479,changeset,189494479,2026-09-24T12:02:31Z,India,comment too short to be informative: 'POI added',tt_event
1112,unclear changeset comment,Amol_Pawar,24098318,https://www.openstreetmap.org/#map=18/18.521224/73.773992,189493336,https://www.openstreetmap.org/changeset/189493336,changeset,189493336,2026-09-24T11:38:09Z,India,comment too short to be informative: 'POI added',tt_event
1113,unclear changeset comment,Amol_Pawar,24098318,https://www.openstreetmap.org/#map=18/18.521198/73.773993,189493128,https://www.openstreetmap.org/changeset/189493128,changeset,189493128,2026-09-24T11:34:08Z,India,comment too short to be informative: 'POI added',tt_event
1114,unclear changeset comment,Amol_Pawar,24098318,https://www.openstreetmap.org/#map=18/18.511112/73.782247,189497095,https://www.openstreetmap.org/changeset/189497095,changeset,189497095,2026-09-24T12:54:27Z,India,comment too short to be informative: 'POI added',tt_event
1115,unclear changeset comment,Amol_Pawar,24098318,https://www.openstreetmap.org/#map=18/18.520859/73.776562,189495752,https://www.openstreetmap.org/changeset/189495752,changeset,189495752,2026-09-24T12:28:54Z,India,comment too short to be informative: 'POI added',tt_event
1116,unclear changeset comment,Amol_Pawar,24098318,https://www.openstreetmap.org/#map=18/18.520621/73.776093,189495346,https://www.openstreetmap.org/changeset/189495346,changeset,189495346,2026-09-24T12:20:11Z,India,comment too short to be informative: 'POI added',tt_event
1117,unclear changeset comment,Amol_Pawar,24098318,https://www.openstreetmap.org/#map=18/18.512633/73.782080,189500392,https://www.openstreetmap.org/changeset/189500392,changeset,189500392,2026-09-24T14:01:44Z,India,changeset 189500392: comment too short to be informative: 'POI added',tt_event
1118,unclear changeset comment,Amol_Pawar,24098318,https://www.openstreetmap.org/#map=18/18.512590/73.782078,189500270,https://www.openstreetmap.org/changeset/189500270,changeset,189500270,2026-09-24T13:59:29Z,India,changeset 189500270: comment too short to be informative: 'POI added',tt_event
1119,unclear changeset comment,Amol_Pawar,24098318,https://www.openstreetmap.org/#map=18/18.512552/73.782071,189500132,https://www.openstreetmap.org/changeset/189500132,changeset,189500132,2026-09-24T13:56:31Z,India,changeset 189500132: comment too short to be informative: 'POI added',tt_event
1120,unclear changeset comment,Amol_Pawar,24098318,https://www.openstreetmap.org/#map=18/18.512513/73.782063,189499938,https://www.openstreetmap.org/changeset/189499938,changeset,189499938,2026-09-24T13:52:37Z,India,changeset 189499938: comment too short to be informative: 'POI added',tt_event
1121,unclear changeset comment,Amol_Pawar,24098318,https://www.openstreetmap.org/#map=18/18.512479/73.782056,189499858,https://www.openstreetmap.org/changeset/189499858,changeset,189499858,2026-09-24T13:50:52Z,India,changeset 189499858: comment too short to be informative: 'POI added',tt_event
1122,unclear changeset comment,Amol_Pawar,24098318,https://www.openstreetmap.org/#map=18/18.512441/73.782049,189499614,https://www.openstreetmap.org/changeset/189499614,changeset,189499614,2026-09-24T13:46:07Z,India,changeset 189499614: comment too short to be informative: 'POI added',tt_event
1123,unclear changeset comment,Amol_Pawar,24098318,https://www.openstreetmap.org/#map=18/18.512401/73.782044,189499480,https://www.openstreetmap.org/changeset/189499480,changeset,189499480,2026-09-24T13:43:14Z,India,changeset 189499480: comment too short to be informative: 'POI added',tt_event
1124,unclear changeset comment,Amol_Pawar,24098318,https://www.openstreetmap.org/#map=18/18.512366/73.782040,189499338,https://www.openstreetmap.org/changeset/189499338,changeset,189499338,2026-09-24T13:40:18Z,India,changeset 189499338: comment too short to be informative: 'POI added',tt_event
1125,unclear changeset comment,Amol_Pawar,24098318,https://www.openstreetmap.org/#map=18/18.512310/73.782033,189498993,https://www.openstreetmap.org/changeset/189498993,changeset,189498993,2026-09-24T13:31:43Z,India,changeset 189498993: comment too short to be informative: 'POI added',tt_event
1126,crossing buildings,acarreon003,24582523,https://www.openstreetmap.org/#map=18/-2.224266/30.159871,189431310,https://www.openstreetmap.org/changeset/189431310,way,1561503133,2026-09-23T06:04:20Z,Rwanda,outline crosses way 1561503134 (22% area overlap),tt_event
1127,building inside building,Surveyor Lewinsky,16156201,https://www.openstreetmap.org/#map=18/-17.025703/30.842428,189430744,https://www.openstreetmap.org/changeset/189430744,way,1561501050,2026-09-23T05:43:58Z,Zimbabwe,fully contained with/containing way 384791346,tt_event
1128,crossing buildings,Surveyor Lewinsky,16156201,https://www.openstreetmap.org/#map=18/-17.025519/30.842519,189430744,https://www.openstreetmap.org/changeset/189430744,way,1561501051,2026-09-23T05:43:58Z,Zimbabwe,outline crosses way 384791346 (76% area overlap),tt_event
1129,crossing buildings,Surveyor Lewinsky,16156201,https://www.openstreetmap.org/#map=18/-17.025568/30.842734,189430744,https://www.openstreetmap.org/changeset/189430744,way,1553363730,2026-09-23T05:43:58Z,Zimbabwe,outline crosses way 384791346 (51% area overlap),tt_event
1133,crossing buildings,acarreon003,24582523,https://www.openstreetmap.org/#map=18/-2.224836/30.159029,189430516,https://www.openstreetmap.org/changeset/189430516,way,1561500306,2026-09-23T05:34:21Z,Rwanda,outline crosses way 1561500618 (5% area overlap),tt_event
1134,crossing buildings,Legras_TT,23760654,https://www.openstreetmap.org/#map=18/-40.478302/175.315999,189433166,https://www.openstreetmap.org/changeset/189433166,way,1561508687,2026-09-23T07:01:11Z,New Zealand,outline crosses way 1561508688 (10% area overlap),tt_event
1137,crossing buildings,TeBaMa,6519568,https://www.openstreetmap.org/#map=18/-2.070447/30.406470,189433090,https://www.openstreetmap.org/changeset/189433090,way,1561508372,2026-09-23T06:59:06Z,Rwanda,outline crosses way 1479140242 (88% area overlap),tt_event
1138,unclear changeset comment,Amol_Pawar,24098318,https://www.openstreetmap.org/#map=18/18.514534/73.782148,189502496,https://www.openstreetmap.org/changeset/189502496,changeset,189502496,2026-09-24T14:41:36Z,India,changeset 189502496: comment too short to be informative: 'POI added',tt_event
1139,unclear changeset comment,Amol_Pawar,24098318,https://www.openstreetmap.org/#map=18/18.514498/73.782162,189502339,https://www.openstreetmap.org/changeset/189502339,changeset,189502339,2026-09-24T14:38:59Z,India,changeset 189502339: comment too short to be informative: 'POI added',tt_event
1140,unclear changeset comment,Amol_Pawar,24098318,https://www.openstreetmap.org/#map=18/18.514450/73.782196,189501973,https://www.openstreetmap.org/changeset/189501973,changeset,189501973,2026-09-24T14:31:31Z,India,changeset 189501973: comment too short to be informative: 'POI added',tt_event
1141,unclear changeset comment,Amol_Pawar,24098318,https://www.openstreetmap.org/#map=18/18.514425/73.782207,189501762,https://www.openstreetmap.org/changeset/189501762,changeset,189501762,2026-09-24T14:27:51Z,India,changeset 189501762: comment too short to be informative: 'POI added',tt_event
1142,feature mapped without primary tag,MSANGI AS,24430799,https://www.openstreetmap.org/#map=18/-6.382159/37.343667,189504426,https://www.openstreetmap.org/changeset/189504426,node,14212241756,2026-09-24T15:24:26Z,Tanzania,node 14212241756: tags present but none are a primary key: ['road'],tt_event
1150,node connected highway and building,MSANGI AS,24430799,https://www.openstreetmap.org/#map=18/-6.371804/37.369284,189434877,https://www.openstreetmap.org/changeset/189434877,node,14209459077,2026-09-23T07:53:06Z,Tanzania,shared by highway way 1561721076 and building way 1561721049,tt_event
1151,node connected highway and building,MSANGI AS,24430799,https://www.openstreetmap.org/#map=18/-6.372469/37.372020,189434877,https://www.openstreetmap.org/changeset/189434877,node,14209502345,2026-09-23T07:53:06Z,Tanzania,shared by highway way 1561725580 and building way 1561722190,tt_event
1152,node connected highway and building,MSANGI AS,24430799,https://www.openstreetmap.org/#map=18/-6.372469/37.372020,189434877,https://www.openstreetmap.org/changeset/189434877,node,14209475886,2026-09-23T07:53:06Z,Tanzania,shared by highway way 1561725580 and building way 1561722190,tt_event
1154,crossing buildings,MSANGI AS,24430799,https://www.openstreetmap.org/#map=18/-6.375232/37.376123,189433435,https://www.openstreetmap.org/changeset/189433435,way,1561509831,2026-09-23T07:09:50Z,Tanzania,outline crosses way 1001356022 (84% area overlap),tt_event
1156,node connected highway and building,Whereabouts,10179504,https://www.openstreetmap.org/#map=18/-41.037708/174.886620,189433425,https://www.openstreetmap.org/changeset/189433425,node,1519189688,2026-09-23T07:09:37Z,New Zealand,shared by highway way 138542800 and building way 138542803,tt_event
1157,node connected highway and building,Whereabouts,10179504,https://www.openstreetmap.org/#map=18/-41.037447/174.886777,189433425,https://www.openstreetmap.org/changeset/189433425,node,1519189704,2026-09-23T07:09:37Z,New Zealand,shared by highway way 527518714 and building way 138542803,tt_event
1161,crossing highway,Agnes Petro,23585416,https://www.openstreetmap.org/#map=18/-6.451527/37.429274,189437567,https://www.openstreetmap.org/changeset/189437567,way,1561631820,2026-09-23T09:01:04Z,Tanzania,crosses way 1561735920 without a shared junction node,tt_event
1162,crossing highway,Agnes Petro,23585416,https://www.openstreetmap.org/#map=18/-6.450995/37.430292,189437567,https://www.openstreetmap.org/changeset/189437567,way,1561631825,2026-09-23T09:01:04Z,Tanzania,crosses way 1561735926 without a shared junction node,tt_event
1163,crossing highway,Agnes Petro,23585416,https://www.openstreetmap.org/#map=18/-6.450685/37.430281,189437567,https://www.openstreetmap.org/changeset/189437567,way,1561631826,2026-09-23T09:01:04Z,Tanzania,crosses way 1561735922 without a shared junction node,tt_event
1164,crossing highway,Agnes Petro,23585416,https://www.openstreetmap.org/#map=18/-6.450837/37.430184,189437567,https://www.openstreetmap.org/changeset/189437567,way,1561631826,2026-09-23T09:01:04Z,Tanzania,crosses way 1561735926 without a shared junction node,tt_event
1165,crossing highway,Agnes Petro,23585416,https://www.openstreetmap.org/#map=18/-6.450782/37.430177,189437567,https://www.openstreetmap.org/changeset/189437567,way,1561631827,2026-09-23T09:01:04Z,Tanzania,crosses way 1561735922 without a shared junction node,tt_event
1166,crossing highway,Agnes Petro,23585416,https://www.openstreetmap.org/#map=18/-6.450584/37.430051,189437567,https://www.openstreetmap.org/changeset/189437567,way,1561631827,2026-09-23T09:01:04Z,Tanzania,crosses way 1561735926 without a shared junction node,tt_event
1170,node connected highway and building,Agnes Petro,23585416,https://www.openstreetmap.org/#map=18/-6.451720/37.430006,189437567,https://www.openstreetmap.org/changeset/189437567,node,14208826561,2026-09-23T09:01:04Z,Tanzania,shared by highway way 1561631821 and building way 1561300335,tt_event
1171,node connected highway and building,Agnes Petro,23585416,https://www.openstreetmap.org/#map=18/-6.450326/37.430317,189437567,https://www.openstreetmap.org/changeset/189437567,node,14210094342,2026-09-23T09:01:04Z,Tanzania,shared by highway way 1561735926 and building way 1561788501,tt_event
1174,crossing buildings,ConorSo,24584326,https://www.openstreetmap.org/#map=18/-2.238586/30.159172,189437363,https://www.openstreetmap.org/changeset/189437363,way,1561600705,2026-09-23T08:56:23Z,Rwanda,outline crosses way 1561600706 (2% area overlap),tt_event
1177,crossing highway,Agnes Petro,23585416,https://www.openstreetmap.org/#map=18/-6.451597/37.431352,189437095,https://www.openstreetmap.org/changeset/189437095,way,1561569013,2026-09-23T08:50:53Z,Tanzania,crosses way 1561735917 without a shared junction node,tt_event
1178,crossing highway,Agnes Petro,23585416,https://www.openstreetmap.org/#map=18/-6.450635/37.431305,189437095,https://www.openstreetmap.org/changeset/189437095,way,1561569014,2026-09-23T08:50:53Z,Tanzania,crosses way 1561735925 without a shared junction node,tt_event
1179,crossing highway,Agnes Petro,23585416,https://www.openstreetmap.org/#map=18/-6.450845/37.431043,189437095,https://www.openstreetmap.org/changeset/189437095,way,1561569015,2026-09-23T08:50:53Z,Tanzania,crosses way 1561735924 without a shared junction node,tt_event
1183,node connected highway and building,Agnes Petro,23585416,https://www.openstreetmap.org/#map=18/-6.450326/37.430317,189437095,https://www.openstreetmap.org/changeset/189437095,node,14210094342,2026-09-23T08:50:53Z,Tanzania,shared by highway way 1561735926 and building way 1561788501,tt_event
1185,broken highway continuity,nsdtr,24583856,https://www.openstreetmap.org/#map=18/-41.300448/174.773212,189436649,https://www.openstreetmap.org/changeset/189436649,way,24867019,2026-09-23T08:40:23Z,New Zealand,'Hopper Street' looks continuous but way 24867019 and way 257229541 are 3.60m apart with no shared node,tt_event
1186,crossing buildings,TeBaMa,6519568,https://www.openstreetmap.org/#map=18/-2.069924/30.430442,189436426,https://www.openstreetmap.org/changeset/189436426,way,1561521815,2026-09-23T08:34:16Z,Rwanda,outline crosses way 1479263134 (56% area overlap),tt_event
1187,crossing buildings,TeBaMa,6519568,https://www.openstreetmap.org/#map=18/-2.069895/30.430434,189436426,https://www.openstreetmap.org/changeset/189436426,way,1561521816,2026-09-23T08:34:16Z,Rwanda,outline crosses way 1479263134 (98% area overlap),tt_event
1188,building inside building,TeBaMa,6519568,https://www.openstreetmap.org/#map=18/-2.069863/30.430432,189436426,https://www.openstreetmap.org/changeset/189436426,way,1561521817,2026-09-23T08:34:16Z,Rwanda,fully contained with/containing way 1479263134,tt_event
1189,crossing buildings,TeBaMa,6519568,https://www.openstreetmap.org/#map=18/-2.069842/30.430467,189436426,https://www.openstreetmap.org/changeset/189436426,way,1561521818,2026-09-23T08:34:16Z,Rwanda,outline crosses way 1479263134 (93% area overlap),tt_event
1190,crossing buildings,TeBaMa,6519568,https://www.openstreetmap.org/#map=18/-2.069710/30.430253,189436426,https://www.openstreetmap.org/changeset/189436426,way,1561521819,2026-09-23T08:34:16Z,Rwanda,outline crosses way 1479263135 (40% area overlap),tt_event
1191,crossing buildings,TeBaMa,6519568,https://www.openstreetmap.org/#map=18/-2.069703/30.430322,189436426,https://www.openstreetmap.org/changeset/189436426,way,1561521820,2026-09-23T08:34:16Z,Rwanda,outline crosses way 1479263135 (75% area overlap),tt_event
1192,crossing buildings,TeBaMa,6519568,https://www.openstreetmap.org/#map=18/-2.069657/30.430311,189436426,https://www.openstreetmap.org/changeset/189436426,way,1561521821,2026-09-23T08:34:16Z,Rwanda,outline crosses way 1479263135 (86% area overlap),tt_event
1198,building inside building,MSANGI AS,24430799,https://www.openstreetmap.org/#map=18/-6.372714/37.373211,189440235,https://www.openstreetmap.org/changeset/189440235,way,1561660238,2026-09-23T10:01:19Z,Tanzania,fully contained with/containing way 1561727464,tt_event
1201,duplicated node,KennyDap,21660928,https://www.openstreetmap.org/#map=18/33.516019/126.524684,189439913,https://www.openstreetmap.org/changeset/189439913,node,14208942305,2026-09-23T09:54:08Z,South Korea,within 0.00m of pre-existing node 14209399132,tt_event
1205,overlapping highway,KennyDap,21660928,https://www.openstreetmap.org/#map=18/33.515603/126.523277,189439410,https://www.openstreetmap.org/changeset/189439410,way,1533601558,2026-09-23T09:44:10Z,South Korea,runs alongside existing way 1561656685 (both 'footway') for 100% of its length,tt_event
1206,overlapping highway,KennyDap,21660928,https://www.openstreetmap.org/#map=18/33.515689/126.523209,189439410,https://www.openstreetmap.org/changeset/189439410,way,1533359586,2026-09-23T09:44:10Z,South Korea,runs alongside existing way 1561656684 (both 'footway') for 100% of its length,tt_event
1207,overlapping highway,KennyDap,21660928,https://www.openstreetmap.org/#map=18/33.515689/126.523209,189439410,https://www.openstreetmap.org/changeset/189439410,way,1151111601,2026-09-23T09:44:10Z,South Korea,runs alongside existing way 1561656684 (both 'footway') for 100% of its length,tt_event
1212,node connected highway and building,KennyDap,21660928,https://www.openstreetmap.org/#map=18/33.514284/126.521955,189439410,https://www.openstreetmap.org/changeset/189439410,node,13942102170,2026-09-23T09:44:10Z,South Korea,shared by highway way 1529614141 and building way 371619784,tt_event
1213,node connected highway and building,KennyDap,21660928,https://www.openstreetmap.org/#map=18/33.515420/126.525129,189439410,https://www.openstreetmap.org/changeset/189439410,node,13964369931,2026-09-23T09:44:10Z,South Korea,shared by highway way 1532210278 and building way 1532210277,tt_event
1214,node connected highway and building,KennyDap,21660928,https://www.openstreetmap.org/#map=18/33.516836/126.524267,189439410,https://www.openstreetmap.org/changeset/189439410,node,13971549738,2026-09-23T09:44:10Z,South Korea,shared by highway way 1533140641 and building way 1533140611,tt_event
1215,node connected highway and building,KennyDap,21660928,https://www.openstreetmap.org/#map=18/33.516959/126.523806,189439410,https://www.openstreetmap.org/changeset/189439410,node,13971549739,2026-09-23T09:44:10Z,South Korea,shared by highway way 1533140642 and building way 1533140613,tt_event
1216,node connected highway and building,KennyDap,21660928,https://www.openstreetmap.org/#map=18/33.515286/126.524067,189439410,https://www.openstreetmap.org/changeset/189439410,node,13997696547,2026-09-23T09:44:10Z,South Korea,shared by highway way 1536798726 and building way 1536535818,tt_event
1217,node connected highway and building,KennyDap,21660928,https://www.openstreetmap.org/#map=18/33.514822/126.521882,189439410,https://www.openstreetmap.org/changeset/189439410,node,14001214769,2026-09-23T09:44:10Z,South Korea,shared by highway way 1536986964 and building way 1151111605,tt_event
1218,node connected highway and building,KennyDap,21660928,https://www.openstreetmap.org/#map=18/33.514259/126.522093,189439410,https://www.openstreetmap.org/changeset/189439410,node,6787234556,2026-09-23T09:44:10Z,South Korea,shared by highway way 1537196410 and building way 371619785,tt_event
1219,node connected highway and building,KennyDap,21660928,https://www.openstreetmap.org/#map=18/33.514494/126.522308,189439410,https://www.openstreetmap.org/changeset/189439410,node,13942102161,2026-09-23T09:44:10Z,South Korea,shared by highway way 1537331666 and building way 371619785,tt_event
1222,node connected highway and building,CasGroenigen,8821717,https://www.openstreetmap.org/#map=18/12.108765/-68.904506,189439053,https://www.openstreetmap.org/changeset/189439053,node,12743860787,2026-09-23T09:37:06Z,Netherlands,shared by highway way 478179830 and building way 373438469,tt_event
1223,node connected highway and building,CasGroenigen,8821717,https://www.openstreetmap.org/#map=18/12.108850/-68.904329,189439053,https://www.openstreetmap.org/changeset/189439053,node,12743860780,2026-09-23T09:37:06Z,Netherlands,shared by highway way 977739161 and building way 373438469,tt_event
1224,node connected highway and building,CasGroenigen,8821717,https://www.openstreetmap.org/#map=18/12.108794/-68.904451,189439053,https://www.openstreetmap.org/changeset/189439053,node,12743860784,2026-09-23T09:37:06Z,Netherlands,shared by highway way 977739162 and building way 373438469,tt_event
1225,node connected highway and building,CasGroenigen,8821717,https://www.openstreetmap.org/#map=18/12.108822/-68.904390,189439053,https://www.openstreetmap.org/changeset/189439053,node,12743860782,2026-09-23T09:37:06Z,Netherlands,shared by highway way 977739163 and building way 373438469,tt_event
1226,node connected highway and building,CasGroenigen,8821717,https://www.openstreetmap.org/#map=18/12.108998/-68.904402,189439053,https://www.openstreetmap.org/changeset/189439053,node,12743860781,2026-09-23T09:37:06Z,Netherlands,shared by highway way 1376377753 and building way 373438469,tt_event
1227,node connected highway and building,CasGroenigen,8821717,https://www.openstreetmap.org/#map=18/12.108971/-68.904462,189439053,https://www.openstreetmap.org/changeset/189439053,node,12743860783,2026-09-23T09:37:06Z,Netherlands,shared by highway way 1376377755 and building way 373438469,tt_event
1228,node connected highway and building,CasGroenigen,8821717,https://www.openstreetmap.org/#map=18/12.108877/-68.904492,189439053,https://www.openstreetmap.org/changeset/189439053,node,12743860785,2026-09-23T09:37:06Z,Netherlands,shared by highway way 1376377757 and building way 373438469,tt_event
1229,node connected highway and building,CasGroenigen,8821717,https://www.openstreetmap.org/#map=18/12.108918/-68.904578,189439053,https://www.openstreetmap.org/changeset/189439053,node,12743860786,2026-09-23T09:37:06Z,Netherlands,shared by highway way 1376377759 and building way 373438469,tt_event
1232,node connected highway and building,CasGroenigen,8821717,https://www.openstreetmap.org/#map=18/12.120880/-68.904359,189443210,https://www.openstreetmap.org/changeset/189443210,node,6421355626,2026-09-23T11:07:17Z,Netherlands,shared by highway way 685266291 and building way 473062702,tt_event
1233,node connected highway and building,CasGroenigen,8821717,https://www.openstreetmap.org/#map=18/12.120880/-68.904359,189443210,https://www.openstreetmap.org/changeset/189443210,node,6421355627,2026-09-23T11:07:17Z,Netherlands,shared by highway way 685266291 and building way 473062702,tt_event
1235,node connected highway and building,CasGroenigen,8821717,https://www.openstreetmap.org/#map=18/12.117819/-68.901906,189443041,https://www.openstreetmap.org/changeset/189443041,node,12800936084,2026-09-23T11:03:29Z,Netherlands,shared by highway way 1382631620 and building way 375237229,tt_event
1236,node connected highway and building,CasGroenigen,8821717,https://www.openstreetmap.org/#map=18/12.117819/-68.901906,189443041,https://www.openstreetmap.org/changeset/189443041,node,12800936083,2026-09-23T11:03:29Z,Netherlands,shared by highway way 1382631620 and building way 375237229,tt_event
1237,node connected highway and building,CasGroenigen,8821717,https://www.openstreetmap.org/#map=18/12.108765/-68.904506,189442568,https://www.openstreetmap.org/changeset/189442568,node,12743860787,2026-09-23T10:52:29Z,Netherlands,shared by highway way 478179830 and building way 373438469,tt_event
1238,node connected highway and building,CasGroenigen,8821717,https://www.openstreetmap.org/#map=18/12.109190/-68.905316,189442568,https://www.openstreetmap.org/changeset/189442568,node,12741070447,2026-09-23T10:52:29Z,Netherlands,shared by highway way 977739156 and building way 373885852,tt_event
1239,node connected highway and building,CasGroenigen,8821717,https://www.openstreetmap.org/#map=18/12.108882/-68.905556,189442568,https://www.openstreetmap.org/changeset/189442568,node,12741070448,2026-09-23T10:52:29Z,Netherlands,shared by highway way 977739157 and building way 373885852,tt_event
1240,node connected highway and building,CasGroenigen,8821717,https://www.openstreetmap.org/#map=18/12.108850/-68.904329,189442568,https://www.openstreetmap.org/changeset/189442568,node,12743860780,2026-09-23T10:52:29Z,Netherlands,shared by highway way 977739161 and building way 373438469,tt_event
1241,node connected highway and building,CasGroenigen,8821717,https://www.openstreetmap.org/#map=18/12.108794/-68.904451,189442568,https://www.openstreetmap.org/changeset/189442568,node,12743860784,2026-09-23T10:52:29Z,Netherlands,shared by highway way 977739162 and building way 373438469,tt_event
1242,node connected highway and building,CasGroenigen,8821717,https://www.openstreetmap.org/#map=18/12.108822/-68.904390,189442568,https://www.openstreetmap.org/changeset/189442568,node,12743860782,2026-09-23T10:52:29Z,Netherlands,shared by highway way 977739163 and building way 373438469,tt_event
1243,node connected highway and building,CasGroenigen,8821717,https://www.openstreetmap.org/#map=18/12.109033/-68.905510,189442568,https://www.openstreetmap.org/changeset/189442568,node,9046861075,2026-09-23T10:52:29Z,Netherlands,shared by highway way 1376072189 and building way 373885852,tt_event
1244,node connected highway and building,CasGroenigen,8821717,https://www.openstreetmap.org/#map=18/12.109010/-68.905472,189442568,https://www.openstreetmap.org/changeset/189442568,node,12741070446,2026-09-23T10:52:29Z,Netherlands,shared by highway way 1376072191 and building way 373885852,tt_event
1245,node connected highway and building,CasGroenigen,8821717,https://www.openstreetmap.org/#map=18/12.108911/-68.904806,189442568,https://www.openstreetmap.org/changeset/189442568,node,12743860773,2026-09-23T10:52:29Z,Netherlands,shared by highway way 1376377748 and building way 373438464,tt_event
1246,node connected highway and building,CasGroenigen,8821717,https://www.openstreetmap.org/#map=18/12.108814/-68.904775,189442568,https://www.openstreetmap.org/changeset/189442568,node,12743860774,2026-09-23T10:52:29Z,Netherlands,shared by highway way 1376377749 and building way 373438464,tt_event
1247,node connected highway and building,CasGroenigen,8821717,https://www.openstreetmap.org/#map=18/12.108998/-68.904402,189442568,https://www.openstreetmap.org/changeset/189442568,node,12743860781,2026-09-23T10:52:29Z,Netherlands,shared by highway way 1376377753 and building way 373438469,tt_event
1248,node connected highway and building,CasGroenigen,8821717,https://www.openstreetmap.org/#map=18/12.108971/-68.904462,189442568,https://www.openstreetmap.org/changeset/189442568,node,12743860783,2026-09-23T10:52:29Z,Netherlands,shared by highway way 1376377755 and building way 373438469,tt_event
1249,node connected highway and building,CasGroenigen,8821717,https://www.openstreetmap.org/#map=18/12.108877/-68.904492,189442568,https://www.openstreetmap.org/changeset/189442568,node,12743860785,2026-09-23T10:52:29Z,Netherlands,shared by highway way 1376377757 and building way 373438469,tt_event
1250,node connected highway and building,CasGroenigen,8821717,https://www.openstreetmap.org/#map=18/12.108918/-68.904578,189442568,https://www.openstreetmap.org/changeset/189442568,node,12743860786,2026-09-23T10:52:29Z,Netherlands,shared by highway way 1376377759 and building way 373438469,tt_event
1251,building inside building,sqrlfish,13238974,https://www.openstreetmap.org/#map=18/-6.386178/37.312088,189442198,https://www.openstreetmap.org/changeset/189442198,way,1561667430,2026-09-23T10:43:52Z,Tanzania,fully contained with/containing way 1561930097,tt_event
1256,crossing buildings,STIVIN SUMAYAN,24430822,https://www.openstreetmap.org/#map=18/-15.003174/34.961479,189441876,https://www.openstreetmap.org/changeset/189441876,way,1561666502,2026-09-23T10:37:07Z,Malawi,outline crosses way 1555063212 (88% area overlap),tt_event
1262,node connected highway and building,rrissiek,17889,https://www.openstreetmap.org/#map=18/-13.893347/33.276852,189440589,https://www.openstreetmap.org/changeset/189440589,node,14203895079,2026-09-23T10:09:27Z,Malawi,shared by highway way 685615258 and building way 1561067114,tt_event
1263,node connected highway and building,rrissiek,17889,https://www.openstreetmap.org/#map=18/-13.893347/33.276852,189440589,https://www.openstreetmap.org/changeset/189440589,node,14203895164,2026-09-23T10:09:27Z,Malawi,shared by highway way 685615258 and building way 1561067136,tt_event
1264,duplicated node,Agnes Petro,23585416,https://www.openstreetmap.org/#map=18/-6.386985/37.314318,189445842,https://www.openstreetmap.org/changeset/189445842,node,14209166791,2026-09-23T12:03:59Z,Tanzania,within 0.05m of pre-existing node 14211618562,tt_event
1265,crossing buildings,Agnes Petro,23585416,https://www.openstreetmap.org/#map=18/-6.387505/37.314331,189445842,https://www.openstreetmap.org/changeset/189445842,way,1561680001,2026-09-23T12:03:59Z,Tanzania,outline crosses way 1561934786 (87% area overlap),tt_event
1266,crossing buildings,Agnes Petro,23585416,https://www.openstreetmap.org/#map=18/-6.386955/37.314267,189445842,https://www.openstreetmap.org/changeset/189445842,way,1561680005,2026-09-23T12:03:59Z,Tanzania,outline crosses way 1561934781 (86% area overlap),tt_event
1267,crossing buildings,Agnes Petro,23585416,https://www.openstreetmap.org/#map=18/-6.386837/37.314322,189445842,https://www.openstreetmap.org/changeset/189445842,way,1561680006,2026-09-23T12:03:59Z,Tanzania,outline crosses way 1561934780 (77% area overlap),tt_event
1268,crossing buildings,Agnes Petro,23585416,https://www.openstreetmap.org/#map=18/-6.386418/37.314097,189445842,https://www.openstreetmap.org/changeset/189445842,way,1561680008,2026-09-23T12:03:59Z,Tanzania,outline crosses way 1561934791 (94% area overlap),tt_event
1269,crossing buildings,Agnes Petro,23585416,https://www.openstreetmap.org/#map=18/-6.386431/37.314200,189445842,https://www.openstreetmap.org/changeset/189445842,way,1561680009,2026-09-23T12:03:59Z,Tanzania,outline crosses way 1561934790 (85% area overlap),tt_event
1270,crossing buildings,Agnes Petro,23585416,https://www.openstreetmap.org/#map=18/-6.386732/37.314306,189445842,https://www.openstreetmap.org/changeset/189445842,way,1561680011,2026-09-23T12:03:59Z,Tanzania,outline crosses way 1561934779 (85% area overlap),tt_event
1271,crossing buildings,Agnes Petro,23585416,https://www.openstreetmap.org/#map=18/-6.387071/37.314798,189445842,https://www.openstreetmap.org/changeset/189445842,way,1561680012,2026-09-23T12:03:59Z,Tanzania,outline crosses way 1561934782 (95% area overlap),tt_event
1272,crossing buildings,Agnes Petro,23585416,https://www.openstreetmap.org/#map=18/-6.387288/37.314746,189445842,https://www.openstreetmap.org/changeset/189445842,way,1561680013,2026-09-23T12:03:59Z,Tanzania,outline crosses way 1561934785 (96% area overlap),tt_event
1273,crossing buildings,Agnes Petro,23585416,https://www.openstreetmap.org/#map=18/-6.387238/37.314879,189445842,https://www.openstreetmap.org/changeset/189445842,way,1561680014,2026-09-23T12:03:59Z,Tanzania,outline crosses way 1561934784 (97% area overlap),tt_event
1274,crossing buildings,Agnes Petro,23585416,https://www.openstreetmap.org/#map=18/-6.387148/37.314860,189445842,https://www.openstreetmap.org/changeset/189445842,way,1561680016,2026-09-23T12:03:59Z,Tanzania,outline crosses way 1561934783 (94% area overlap),tt_event
1279,crossing highway,sqrlfish,13238974,https://www.openstreetmap.org/#map=18/-6.364312/37.305393,189445161,https://www.openstreetmap.org/changeset/189445161,way,1561677975,2026-09-23T11:50:52Z,Tanzania,crosses way 1558811394 without a shared junction node,tt_event
1281,way end node near other way,sqrlfish,13238974,https://www.openstreetmap.org/#map=18/-6.363802/37.305269,189445161,https://www.openstreetmap.org/changeset/189445161,node,14209141030,2026-09-23T11:50:52Z,Tanzania,0.32m from way 1558811394 but not connected to it,tt_event
1282,way end node near other way,sqrlfish,13238974,https://www.openstreetmap.org/#map=18/-6.364313/37.305391,189445161,https://www.openstreetmap.org/changeset/189445161,node,14209141072,2026-09-23T11:50:52Z,Tanzania,0.21m from way 1558811394 but not connected to it,tt_event
1283,crossing highway,sqrlfish,13238974,https://www.openstreetmap.org/#map=18/-6.365099/37.304234,189445028,https://www.openstreetmap.org/changeset/189445028,way,1561677390,2026-09-23T11:48:03Z,Tanzania,crosses way 1558810013 without a shared junction node,tt_event
1285,way end node near other way,sqrlfish,13238974,https://www.openstreetmap.org/#map=18/-6.365100/37.304234,189445028,https://www.openstreetmap.org/changeset/189445028,node,14209113550,2026-09-23T11:48:03Z,Tanzania,0.05m from way 1558810013 but not connected to it,tt_event
1289,crossing highway,sqrlfish,13238974,https://www.openstreetmap.org/#map=18/-6.365099/37.304234,189444538,https://www.openstreetmap.org/changeset/189444538,way,1558810013,2026-09-23T11:36:58Z,Tanzania,crosses way 1561677390 without a shared junction node,tt_event
1290,crossing highway,sqrlfish,13238974,https://www.openstreetmap.org/#map=18/-6.364249/37.303321,189444538,https://www.openstreetmap.org/changeset/189444538,way,1558810013,2026-09-23T11:36:58Z,Tanzania,crosses way 1561676751 without a shared junction node,tt_event
1291,crossing highway,sqrlfish,13238974,https://www.openstreetmap.org/#map=18/-6.364201/37.303273,189444538,https://www.openstreetmap.org/changeset/189444538,way,1558810013,2026-09-23T11:36:58Z,Tanzania,crosses way 1561676752 without a shared junction node,tt_event
1295,node connected highway and building,ahirek,6558195,https://www.openstreetmap.org/#map=18/10.305760/76.227632,189444465,https://www.openstreetmap.org/changeset/189444465,node,6226330869,2026-09-23T11:35:22Z,India,shared by highway way 633196198 and building way 743543336,tt_event
1296,node connected highway and building,ahirek,6558195,https://www.openstreetmap.org/#map=18/10.316213/76.219714,189444465,https://www.openstreetmap.org/changeset/189444465,node,7083516908,2026-09-23T11:35:22Z,India,shared by highway way 758475832 and building way 758475725,tt_event
1299,crossing buildings,TeBaMa,6519568,https://www.openstreetmap.org/#map=18/-2.073198/30.409034,189438329,https://www.openstreetmap.org/changeset/189438329,way,1479149125,2026-09-23T09:19:57Z,Rwanda,outline crosses way 1479149096 (6% area overlap),tt_event
1300,crossing highway,Agnes Petro,23585416,https://www.openstreetmap.org/#map=18/-6.450265/37.433151,189438108,https://www.openstreetmap.org/changeset/189438108,way,1561650833,2026-09-23T09:14:01Z,Tanzania,crosses way 1561725850 without a shared junction node,tt_event
1301,crossing highway,Agnes Petro,23585416,https://www.openstreetmap.org/#map=18/-6.450060/37.433089,189438108,https://www.openstreetmap.org/changeset/189438108,way,1561650833,2026-09-23T09:14:01Z,Tanzania,crosses way 1561725851 without a shared junction node,tt_event
1302,crossing highway,Agnes Petro,23585416,https://www.openstreetmap.org/#map=18/-6.449755/37.432938,189438108,https://www.openstreetmap.org/changeset/189438108,way,1561650833,2026-09-23T09:14:01Z,Tanzania,crosses way 1561725846 without a shared junction node,tt_event
1303,crossing highway,Agnes Petro,23585416,https://www.openstreetmap.org/#map=18/-6.450469/37.432779,189438108,https://www.openstreetmap.org/changeset/189438108,way,1561650835,2026-09-23T09:14:01Z,Tanzania,crosses way 1561725851 without a shared junction node,tt_event
1306,crossing highway,sqrlfish,13238974,https://www.openstreetmap.org/#map=18/-6.365641/37.305841,189444269,https://www.openstreetmap.org/changeset/189444269,way,1558811394,2026-09-23T11:31:29Z,Tanzania,crosses way 1561679409 without a shared junction node,tt_event
1307,crossing highway,sqrlfish,13238974,https://www.openstreetmap.org/#map=18/-6.364758/37.305584,189444269,https://www.openstreetmap.org/changeset/189444269,way,1558811394,2026-09-23T11:31:29Z,Tanzania,crosses way 1561679412 without a shared junction node,tt_event
1308,crossing highway,sqrlfish,13238974,https://www.openstreetmap.org/#map=18/-6.364651/37.305566,189444269,https://www.openstreetmap.org/changeset/189444269,way,1558811394,2026-09-23T11:31:29Z,Tanzania,crosses way 1561679411 without a shared junction node,tt_event
1313,overlapping highway,KennyDap,21660928,https://www.openstreetmap.org/#map=18/33.515678/126.524649,189440507,https://www.openstreetmap.org/changeset/189440507,way,1150973596,2026-09-23T10:07:45Z,South Korea,runs alongside existing way 1533359588 (both 'footway') for 82% of its length,tt_event
1315,node connected highway and building,KennyDap,21660928,https://www.openstreetmap.org/#map=18/33.515420/126.525129,189440507,https://www.openstreetmap.org/changeset/189440507,node,13964369931,2026-09-23T10:07:45Z,South Korea,shared by highway way 1532210278 and building way 1532210277,tt_event
1316,node connected highway and building,KennyDap,21660928,https://www.openstreetmap.org/#map=18/33.516836/126.524267,189440507,https://www.openstreetmap.org/changeset/189440507,node,13971549738,2026-09-23T10:07:45Z,South Korea,shared by highway way 1533140641 and building way 1533140611,tt_event
1317,node connected highway and building,KennyDap,21660928,https://www.openstreetmap.org/#map=18/33.516959/126.523806,189440507,https://www.openstreetmap.org/changeset/189440507,node,13971549739,2026-09-23T10:07:45Z,South Korea,shared by highway way 1533140642 and building way 1533140613,tt_event
1318,node connected highway and building,KennyDap,21660928,https://www.openstreetmap.org/#map=18/33.513382/126.524082,189440507,https://www.openstreetmap.org/changeset/189440507,node,14000366201,2026-09-23T10:07:45Z,South Korea,shared by highway way 1536875566 and building way 375324386,tt_event
1321,node connected highway and building,CasGroenigen,8821717,https://www.openstreetmap.org/#map=18/12.120907/-68.904206,189443637,https://www.openstreetmap.org/changeset/189443637,node,6421355626,2026-09-23T11:17:59Z,Netherlands,shared by highway way 685266290 and building way 473062702,tt_event
1322,node connected highway and building,CasGroenigen,8821717,https://www.openstreetmap.org/#map=18/12.120880/-68.904359,189443637,https://www.openstreetmap.org/changeset/189443637,node,6421355627,2026-09-23T11:17:59Z,Netherlands,shared by highway way 685266291 and building way 473062702,tt_event
1325,node connected highway and building,CasGroenigen,8821717,https://www.openstreetmap.org/#map=18/12.120907/-68.904206,189443735,https://www.openstreetmap.org/changeset/189443735,node,6421355626,2026-09-23T11:20:30Z,Netherlands,shared by highway way 685266290 and building way 473062702,tt_event
1326,node connected highway and building,CasGroenigen,8821717,https://www.openstreetmap.org/#map=18/12.120880/-68.904359,189443735,https://www.openstreetmap.org/changeset/189443735,node,6421355627,2026-09-23T11:20:30Z,Netherlands,shared by highway way 685266291 and building way 473062702,tt_event
1327,node connected highway and building,CasGroenigen,8821717,https://www.openstreetmap.org/#map=18/12.121000/-68.904681,189443735,https://www.openstreetmap.org/changeset/189443735,node,6421355635,2026-09-23T11:20:30Z,Netherlands,shared by highway way 685266294 and building way 685266279,tt_event
1332,node connected highway and building,CasGroenigen,8821717,https://www.openstreetmap.org/#map=18/12.120907/-68.904206,189443469,https://www.openstreetmap.org/changeset/189443469,node,6421355626,2026-09-23T11:13:55Z,Netherlands,shared by highway way 685266290 and building way 473062702,tt_event
1333,node connected highway and building,CasGroenigen,8821717,https://www.openstreetmap.org/#map=18/12.120880/-68.904359,189443469,https://www.openstreetmap.org/changeset/189443469,node,6421355627,2026-09-23T11:13:55Z,Netherlands,shared by highway way 685266291 and building way 473062702,tt_event
1334,node connected highway and building,CasGroenigen,8821717,https://www.openstreetmap.org/#map=18/12.121000/-68.904681,189443469,https://www.openstreetmap.org/changeset/189443469,node,6421355635,2026-09-23T11:13:55Z,Netherlands,shared by highway way 685266294 and building way 685266279,tt_event
1337,node connected highway and building,ahirek,6558195,https://www.openstreetmap.org/#map=18/10.339703/76.211043,189443344,https://www.openstreetmap.org/changeset/189443344,node,6208732368,2026-09-23T11:11:03Z,India,shared by highway way 371299228 and building way 663291128,tt_event
1338,node connected highway and building,ahirek,6558195,https://www.openstreetmap.org/#map=18/10.339703/76.211043,189443344,https://www.openstreetmap.org/changeset/189443344,node,6208731867,2026-09-23T11:11:03Z,India,shared by highway way 371299228 and building way 663291048,tt_event
1339,node connected highway and building,ahirek,6558195,https://www.openstreetmap.org/#map=18/10.339703/76.211043,189443344,https://www.openstreetmap.org/changeset/189443344,node,6208731866,2026-09-23T11:11:03Z,India,shared by highway way 371299228 and building way 663291048,tt_event
1340,node connected highway and building,ahirek,6558195,https://www.openstreetmap.org/#map=18/10.333536/76.173214,189443344,https://www.openstreetmap.org/changeset/189443344,node,6163628240,2026-09-23T11:11:03Z,India,shared by highway way 658155899 and building way 658155903,tt_event
1341,crossing highway,STIVIN SUMAYAN,24430822,https://www.openstreetmap.org/#map=18/-14.999116/34.966420,189443587,https://www.openstreetmap.org/changeset/189443587,way,1561672759,2026-09-23T11:16:47Z,Malawi,crosses way 688694985 without a shared junction node,tt_event
1344,duplicated node,AdrianP41,23423772,https://www.openstreetmap.org/#map=18/43.140382/20.482520,189529615,https://www.openstreetmap.org/changeset/189529615,node,14213759386,2026-09-25T07:14:23Z,Serbia,within 0.00m of node 14213759387,tt_event
1345,duplicated node,AdrianP41,23423772,https://www.openstreetmap.org/#map=18/43.140783/20.482314,189529424,https://www.openstreetmap.org/changeset/189529424,node,14213760709,2026-09-25T07:08:42Z,Serbia,within 0.00m of node 14213760710,tt_event
1346,duplicated node,MugerwaHukasha,22684025,https://www.openstreetmap.org/#map=18/-2.901491/37.462061,189540097,https://www.openstreetmap.org/changeset/189540097,node,14214147540,2026-09-25T11:38:16Z,Kenya,within 0.03m of node 14214147545,tt_event
1349,duplicated node,Agnes Petro,23585416,https://www.openstreetmap.org/#map=18/-6.366771/37.371369,189448374,https://www.openstreetmap.org/changeset/189448374,node,14209334727,2026-09-23T12:56:19Z,Tanzania,within 0.00m of pre-existing node 14209332477,tt_event
1357,crossing buildings,Agnes Petro,23585416,https://www.openstreetmap.org/#map=18/-6.384796/37.321131,189447888,https://www.openstreetmap.org/changeset/189447888,way,1561704136,2026-09-23T12:47:15Z,Tanzania,outline crosses way 1558843725 (10% area overlap),tt_event
1358,crossing buildings,Agnes Petro,23585416,https://www.openstreetmap.org/#map=18/-6.384118/37.320794,189447888,https://www.openstreetmap.org/changeset/189447888,way,1561704144,2026-09-23T12:47:15Z,Tanzania,outline crosses way 1558843720 (23% area overlap),tt_event
1361,broken highway continuity,Aikiriza Justus,22072851,https://www.openstreetmap.org/#map=18/-0.529157/37.182426,189447421,https://www.openstreetmap.org/changeset/189447421,way,1067665933,2026-09-23T12:37:49Z,Kenya,'A2' looks continuous but way 1067665933 and way 1419282786 are 0.55m apart with no shared node,tt_event
1362,broken highway continuity,Aikiriza Justus,22072851,https://www.openstreetmap.org/#map=18/-0.507974/37.163103,189447421,https://www.openstreetmap.org/changeset/189447421,way,1420753537,2026-09-23T12:37:49Z,Kenya,'A2' looks continuous but way 1420753537 and way 1421573965 are 4.10m apart with no shared node,tt_event
1364,node connected highway and building,Aikiriza Justus,22072851,https://www.openstreetmap.org/#map=18/-0.556936/37.134677,189447421,https://www.openstreetmap.org/changeset/189447421,node,12589838654,2026-09-23T12:37:49Z,Kenya,shared by highway way 1360061754 and building way 1360061753,tt_event
1365,duplicated node,Agnes Petro,23585416,https://www.openstreetmap.org/#map=18/-6.386267/37.314507,189447319,https://www.openstreetmap.org/changeset/189447319,node,14209287031,2026-09-23T12:35:40Z,Tanzania,within 0.00m of pre-existing node 14209170639,tt_event
1366,crossing buildings,Agnes Petro,23585416,https://www.openstreetmap.org/#map=18/-6.386147/37.314189,189447319,https://www.openstreetmap.org/changeset/189447319,way,1561700069,2026-09-23T12:35:40Z,Tanzania,outline crosses way 1561934788 (99% area overlap),tt_event
1368,node connected highway and building,Agnes Petro,23585416,https://www.openstreetmap.org/#map=18/-6.385993/37.314785,189447319,https://www.openstreetmap.org/changeset/189447319,node,14209238254,2026-09-23T12:35:40Z,Tanzania,shared by highway way 1561700076 and building way 1561700067,tt_event
1370,crossing buildings,JOASH NKAMUSIIMA,23007226,https://www.openstreetmap.org/#map=18/-0.574024/37.168895,189447368,https://www.openstreetmap.org/changeset/189447368,way,1561700208,2026-09-23T12:36:38Z,Kenya,outline crosses way 1562263736 (74% area overlap),tt_event
1371,crossing buildings,JOASH NKAMUSIIMA,23007226,https://www.openstreetmap.org/#map=18/-0.571624/37.169404,189447368,https://www.openstreetmap.org/changeset/189447368,way,1561700221,2026-09-23T12:36:38Z,Kenya,outline crosses way 1562263782 (53% area overlap),tt_event
1372,crossing buildings,JOASH NKAMUSIIMA,23007226,https://www.openstreetmap.org/#map=18/-0.571624/37.169404,189447368,https://www.openstreetmap.org/changeset/189447368,way,1561700221,2026-09-23T12:36:38Z,Kenya,outline crosses way 1562263783 (70% area overlap),tt_event
1373,crossing buildings,JOASH NKAMUSIIMA,23007226,https://www.openstreetmap.org/#map=18/-0.571624/37.169404,189447368,https://www.openstreetmap.org/changeset/189447368,way,1561700221,2026-09-23T12:36:38Z,Kenya,outline crosses way 1562263781 (78% area overlap),tt_event
1374,crossing buildings,JOASH NKAMUSIIMA,23007226,https://www.openstreetmap.org/#map=18/-0.572745/37.167873,189447368,https://www.openstreetmap.org/changeset/189447368,way,1561700227,2026-09-23T12:36:38Z,Kenya,outline crosses way 1562263769 (13% area overlap),tt_event
1375,crossing buildings,JOASH NKAMUSIIMA,23007226,https://www.openstreetmap.org/#map=18/-0.572817/37.168000,189447368,https://www.openstreetmap.org/changeset/189447368,way,1561700228,2026-09-23T12:36:38Z,Kenya,outline crosses way 1562263770 (3% area overlap),tt_event
1379,duplicated node,Dnyaneshwarisolanke,23613325,https://www.openstreetmap.org/#map=18/10.686697/76.358194,189451873,https://www.openstreetmap.org/changeset/189451873,node,14209475505,2026-09-23T14:06:46Z,India,within 0.00m of pre-existing node 6252523352,tt_event
1384,crossing highway,Dnyaneshwarisolanke,23613325,https://www.openstreetmap.org/#map=18/10.672353/76.344240,189451751,https://www.openstreetmap.org/changeset/189451751,way,951745022,2026-09-23T14:04:37Z,India,crosses way 656935144 without a shared junction node,tt_event
1385,crossing highway,Dnyaneshwarisolanke,23613325,https://www.openstreetmap.org/#map=18/10.655337/76.345679,189451751,https://www.openstreetmap.org/changeset/189451751,way,951745022,2026-09-23T14:04:37Z,India,crosses way 653355150 without a shared junction node,tt_event
1386,crossing highway,Dnyaneshwarisolanke,23613325,https://www.openstreetmap.org/#map=18/10.668564/76.345206,189451751,https://www.openstreetmap.org/changeset/189451751,way,951745022,2026-09-23T14:04:37Z,India,crosses way 958553350 without a shared junction node,tt_event
1390,crossing buildings,Nettey,17309709,https://www.openstreetmap.org/#map=18/-19.538195/31.952280,189451700,https://www.openstreetmap.org/changeset/189451700,way,1561721128,2026-09-23T14:03:26Z,Zimbabwe,outline crosses way 1452572913 (44% area overlap),tt_event
1391,crossing buildings,Nettey,17309709,https://www.openstreetmap.org/#map=18/-19.533994/31.950657,189451700,https://www.openstreetmap.org/changeset/189451700,way,1561721130,2026-09-23T14:03:26Z,Zimbabwe,outline crosses way 1452572916 (45% area overlap),tt_event
1397,node connected highway and building,Dnyaneshwarisolanke,23613325,https://www.openstreetmap.org/#map=18/10.640934/76.283642,189451516,https://www.openstreetmap.org/changeset/189451516,node,6095673651,2026-09-23T13:59:26Z,India,shared by highway way 662916967 and building way 649562797,tt_event
1398,node connected highway and building,Dnyaneshwarisolanke,23613325,https://www.openstreetmap.org/#map=18/10.644347/76.273872,189451516,https://www.openstreetmap.org/changeset/189451516,node,6311608446,2026-09-23T13:59:26Z,India,shared by highway way 673966474 and building way 704879274,tt_event
1399,duplicated node,Dnyaneshwarisolanke,23613325,https://www.openstreetmap.org/#map=18/10.642599/76.290947,189451405,https://www.openstreetmap.org/changeset/189451405,node,14209426654,2026-09-23T13:56:55Z,India,within 0.00m of pre-existing node 6162230675,tt_event
1401,duplicated node,Dnyaneshwarisolanke,23613325,https://www.openstreetmap.org/#map=18/10.609972/76.194912,189451292,https://www.openstreetmap.org/changeset/189451292,node,14209397275,2026-09-23T13:55:02Z,India,within 0.00m of pre-existing node 5083069545,tt_event
1402,duplicated node,Dnyaneshwarisolanke,23613325,https://www.openstreetmap.org/#map=18/10.610552/76.195040,189451292,https://www.openstreetmap.org/changeset/189451292,node,14209397280,2026-09-23T13:55:02Z,India,within 0.00m of pre-existing node 7545050537,tt_event
1404,way end node near other way,Dnyaneshwarisolanke,23613325,https://www.openstreetmap.org/#map=18/10.610540/76.195440,189451292,https://www.openstreetmap.org/changeset/189451292,node,14209397279,2026-09-23T13:55:02Z,India,0.04m from way 521718807 but not connected to it,tt_event
1405,node connected highway and building,Agnes Petro,23585416,https://www.openstreetmap.org/#map=18/-6.371804/37.369284,189451098,https://www.openstreetmap.org/changeset/189451098,node,14209459077,2026-09-23T13:51:25Z,Tanzania,shared by highway way 1561721076 and building way 1561721049,tt_event
1406,duplicated node,Dnyaneshwarisolanke,23613325,https://www.openstreetmap.org/#map=18/10.509413/76.047782,189451089,https://www.openstreetmap.org/changeset/189451089,node,14209417990,2026-09-23T13:51:15Z,India,within 0.00m of pre-existing node 11449604621,tt_event
1410,duplicated node,Dnyaneshwarisolanke,23613325,https://www.openstreetmap.org/#map=18/10.536939/76.040971,189451007,https://www.openstreetmap.org/changeset/189451007,node,14209416712,2026-09-23T13:49:48Z,India,within 0.00m of pre-existing node 11449748250,tt_event
1412,node connected highway and building,CasGroenigen,8821717,https://www.openstreetmap.org/#map=18/12.094871/-68.906475,189450896,https://www.openstreetmap.org/changeset/189450896,node,13998617878,2026-09-23T13:47:46Z,Netherlands,shared by highway way 1536654551 and building way 1500321887,tt_event
1414,node connected highway and building,Agnes Petro,23585416,https://www.openstreetmap.org/#map=18/-6.354044/37.393492,189450815,https://www.openstreetmap.org/changeset/189450815,node,9249964315,2026-09-23T13:45:56Z,Tanzania,shared by highway way 863714508 and building way 1002227130,tt_event
1415,node connected highway and building,Agnes Petro,23585416,https://www.openstreetmap.org/#map=18/-6.353858/37.393889,189450815,https://www.openstreetmap.org/changeset/189450815,node,9249964335,2026-09-23T13:45:56Z,Tanzania,shared by highway way 872243109 and building way 1002227135,tt_event
1416,node connected highway and building,Agnes Petro,23585416,https://www.openstreetmap.org/#map=18/-6.353858/37.393889,189450815,https://www.openstreetmap.org/changeset/189450815,node,9249964334,2026-09-23T13:45:56Z,Tanzania,shared by highway way 872243109 and building way 1002227135,tt_event
1417,node connected highway and building,Agnes Petro,23585416,https://www.openstreetmap.org/#map=18/-6.371804/37.369284,189450815,https://www.openstreetmap.org/changeset/189450815,node,14209459077,2026-09-23T13:45:56Z,Tanzania,shared by highway way 1561721076 and building way 1561721049,tt_event
1418,node connected highway and building,Agnes Petro,23585416,https://www.openstreetmap.org/#map=18/-6.372469/37.372020,189450815,https://www.openstreetmap.org/changeset/189450815,node,14209502345,2026-09-23T13:45:56Z,Tanzania,shared by highway way 1561725580 and building way 1561722190,tt_event
1419,node connected highway and building,Agnes Petro,23585416,https://www.openstreetmap.org/#map=18/-6.372469/37.372020,189450815,https://www.openstreetmap.org/changeset/189450815,node,14209475886,2026-09-23T13:45:56Z,Tanzania,shared by highway way 1561725580 and building way 1561722190,tt_event
1420,crossing buildings,Agnes Petro,23585416,https://www.openstreetmap.org/#map=18/-6.373949/37.371704,189450747,https://www.openstreetmap.org/changeset/189450747,way,1561715544,2026-09-23T13:44:32Z,Tanzania,outline crosses way 1561732679 (97% area overlap),tt_event
1421,crossing buildings,Agnes Petro,23585416,https://www.openstreetmap.org/#map=18/-6.373845/37.371447,189450747,https://www.openstreetmap.org/changeset/189450747,way,1561715545,2026-09-23T13:44:32Z,Tanzania,outline crosses way 1561731743 (94% area overlap),tt_event
1422,crossing buildings,Agnes Petro,23585416,https://www.openstreetmap.org/#map=18/-6.373604/37.371477,189450747,https://www.openstreetmap.org/changeset/189450747,way,1561715546,2026-09-23T13:44:32Z,Tanzania,outline crosses way 1561731741 (96% area overlap),tt_event
1423,crossing buildings,Agnes Petro,23585416,https://www.openstreetmap.org/#map=18/-6.373654/37.371431,189450747,https://www.openstreetmap.org/changeset/189450747,way,1561715547,2026-09-23T13:44:32Z,Tanzania,outline crosses way 1561731742 (91% area overlap),tt_event
1424,crossing buildings,Agnes Petro,23585416,https://www.openstreetmap.org/#map=18/-6.373613/37.371623,189450747,https://www.openstreetmap.org/changeset/189450747,way,1561715548,2026-09-23T13:44:32Z,Tanzania,outline crosses way 1561715565 (52% area overlap),tt_event
1425,crossing buildings,Agnes Petro,23585416,https://www.openstreetmap.org/#map=18/-6.373613/37.371623,189450747,https://www.openstreetmap.org/changeset/189450747,way,1561715548,2026-09-23T13:44:32Z,Tanzania,outline crosses way 1561730030 (91% area overlap),tt_event
1426,crossing buildings,Agnes Petro,23585416,https://www.openstreetmap.org/#map=18/-6.373198/37.371603,189450747,https://www.openstreetmap.org/changeset/189450747,way,1561715549,2026-09-23T13:44:32Z,Tanzania,outline crosses way 1561730035 (92% area overlap),tt_event
1427,crossing buildings,Agnes Petro,23585416,https://www.openstreetmap.org/#map=18/-6.373434/37.371669,189450747,https://www.openstreetmap.org/changeset/189450747,way,1561715550,2026-09-23T13:44:32Z,Tanzania,outline crosses way 1561730032 (99% area overlap),tt_event
1428,crossing buildings,Agnes Petro,23585416,https://www.openstreetmap.org/#map=18/-6.373520/37.371722,189450747,https://www.openstreetmap.org/changeset/189450747,way,1561715551,2026-09-23T13:44:32Z,Tanzania,outline crosses way 1561730031 (87% area overlap),tt_event
1429,crossing buildings,Agnes Petro,23585416,https://www.openstreetmap.org/#map=18/-6.373389/37.371819,189450747,https://www.openstreetmap.org/changeset/189450747,way,1561715552,2026-09-23T13:44:32Z,Tanzania,outline crosses way 1561730033 (49% area overlap),tt_event
1430,crossing buildings,Agnes Petro,23585416,https://www.openstreetmap.org/#map=18/-6.373696/37.372006,189450747,https://www.openstreetmap.org/changeset/189450747,way,1561715553,2026-09-23T13:44:32Z,Tanzania,outline crosses way 1561730018 (2% area overlap),tt_event
1431,crossing buildings,Agnes Petro,23585416,https://www.openstreetmap.org/#map=18/-6.373201/37.372032,189450747,https://www.openstreetmap.org/changeset/189450747,way,1561715560,2026-09-23T13:44:32Z,Tanzania,outline crosses way 1561726793 (12% area overlap),tt_event
1432,crossing buildings,Agnes Petro,23585416,https://www.openstreetmap.org/#map=18/-6.373441/37.372026,189450747,https://www.openstreetmap.org/changeset/189450747,way,1561715563,2026-09-23T13:44:32Z,Tanzania,outline crosses way 1561730029 (91% area overlap),tt_event
1433,crossing buildings,Agnes Petro,23585416,https://www.openstreetmap.org/#map=18/-6.373336/37.371975,189450747,https://www.openstreetmap.org/changeset/189450747,way,1561715564,2026-09-23T13:44:32Z,Tanzania,outline crosses way 1561730034 (8% area overlap),tt_event
1434,crossing buildings,Agnes Petro,23585416,https://www.openstreetmap.org/#map=18/-6.373655/37.371609,189450747,https://www.openstreetmap.org/changeset/189450747,way,1561715565,2026-09-23T13:44:32Z,Tanzania,outline crosses way 1561731746 (59% area overlap),tt_event
1435,crossing buildings,Agnes Petro,23585416,https://www.openstreetmap.org/#map=18/-6.373655/37.371609,189450747,https://www.openstreetmap.org/changeset/189450747,way,1561715565,2026-09-23T13:44:32Z,Tanzania,outline crosses way 1561730030 (60% area overlap),tt_event
1436,crossing buildings,Agnes Petro,23585416,https://www.openstreetmap.org/#map=18/-6.373857/37.372256,189450747,https://www.openstreetmap.org/changeset/189450747,way,1561715567,2026-09-23T13:44:32Z,Tanzania,outline crosses way 1561730016 (29% area overlap),tt_event
1437,crossing buildings,Agnes Petro,23585416,https://www.openstreetmap.org/#map=18/-6.373863/37.372678,189450747,https://www.openstreetmap.org/changeset/189450747,way,1561715568,2026-09-23T13:44:32Z,Tanzania,outline crosses way 1561730013 (49% area overlap),tt_event
1438,crossing buildings,Agnes Petro,23585416,https://www.openstreetmap.org/#map=18/-6.373863/37.372678,189450747,https://www.openstreetmap.org/changeset/189450747,way,1561715568,2026-09-23T13:44:32Z,Tanzania,outline crosses way 1561730012 (41% area overlap),tt_event
1439,crossing buildings,Agnes Petro,23585416,https://www.openstreetmap.org/#map=18/-6.373660/37.372637,189450747,https://www.openstreetmap.org/changeset/189450747,way,1561715569,2026-09-23T13:44:32Z,Tanzania,outline crosses way 1561730010 (26% area overlap),tt_event
1440,crossing buildings,Agnes Petro,23585416,https://www.openstreetmap.org/#map=18/-6.373599/37.372568,189450747,https://www.openstreetmap.org/changeset/189450747,way,1561715570,2026-09-23T13:44:32Z,Tanzania,outline crosses way 1561730023 (31% area overlap),tt_event
1441,crossing buildings,Agnes Petro,23585416,https://www.openstreetmap.org/#map=18/-6.373771/37.372652,189450747,https://www.openstreetmap.org/changeset/189450747,way,1561715571,2026-09-23T13:44:32Z,Tanzania,outline crosses way 1561730012 (33% area overlap),tt_event
1442,crossing buildings,Agnes Petro,23585416,https://www.openstreetmap.org/#map=18/-6.373771/37.372652,189450747,https://www.openstreetmap.org/changeset/189450747,way,1561715571,2026-09-23T13:44:32Z,Tanzania,outline crosses way 1561730011 (16% area overlap),tt_event
1443,crossing buildings,Agnes Petro,23585416,https://www.openstreetmap.org/#map=18/-6.373771/37.372652,189450747,https://www.openstreetmap.org/changeset/189450747,way,1561715571,2026-09-23T13:44:32Z,Tanzania,outline crosses way 1561730010 (31% area overlap),tt_event
1444,crossing buildings,Agnes Petro,23585416,https://www.openstreetmap.org/#map=18/-6.373658/37.372389,189450747,https://www.openstreetmap.org/changeset/189450747,way,1561715572,2026-09-23T13:44:32Z,Tanzania,outline crosses way 1561730009 (32% area overlap),tt_event
1445,crossing buildings,Agnes Petro,23585416,https://www.openstreetmap.org/#map=18/-6.373658/37.372389,189450747,https://www.openstreetmap.org/changeset/189450747,way,1561715572,2026-09-23T13:44:32Z,Tanzania,outline crosses way 1561730025 (39% area overlap),tt_event
1446,crossing buildings,Agnes Petro,23585416,https://www.openstreetmap.org/#map=18/-6.372967/37.371953,189450747,https://www.openstreetmap.org/changeset/189450747,way,1561715575,2026-09-23T13:44:32Z,Tanzania,outline crosses way 1561732677 (60% area overlap),tt_event
1447,crossing buildings,Agnes Petro,23585416,https://www.openstreetmap.org/#map=18/-6.372819/37.372580,189450747,https://www.openstreetmap.org/changeset/189450747,way,1561715578,2026-09-23T13:44:32Z,Tanzania,outline crosses way 1561727198 (40% area overlap),tt_event
1448,crossing buildings,Agnes Petro,23585416,https://www.openstreetmap.org/#map=18/-6.372819/37.372580,189450747,https://www.openstreetmap.org/changeset/189450747,way,1561715578,2026-09-23T13:44:32Z,Tanzania,outline crosses way 1561727197 (56% area overlap),tt_event
1449,crossing buildings,Agnes Petro,23585416,https://www.openstreetmap.org/#map=18/-6.372703/37.372671,189450747,https://www.openstreetmap.org/changeset/189450747,way,1561715579,2026-09-23T13:44:32Z,Tanzania,outline crosses way 1561727196 (47% area overlap),tt_event
1450,crossing buildings,Agnes Petro,23585416,https://www.openstreetmap.org/#map=18/-6.373165/37.372481,189450747,https://www.openstreetmap.org/changeset/189450747,way,1561715582,2026-09-23T13:44:32Z,Tanzania,outline crosses way 1561726999 (4% area overlap),tt_event
1451,crossing buildings,Agnes Petro,23585416,https://www.openstreetmap.org/#map=18/-6.373465/37.372467,189450747,https://www.openstreetmap.org/changeset/189450747,way,1561715583,2026-09-23T13:44:32Z,Tanzania,outline crosses way 1561730024 (17% area overlap),tt_event
1452,crossing buildings,Agnes Petro,23585416,https://www.openstreetmap.org/#map=18/-6.373537/37.372620,189450747,https://www.openstreetmap.org/changeset/189450747,way,1561715584,2026-09-23T13:44:32Z,Tanzania,outline crosses way 1561730022 (32% area overlap),tt_event
1453,crossing buildings,Agnes Petro,23585416,https://www.openstreetmap.org/#map=18/-6.373396/37.372734,189450747,https://www.openstreetmap.org/changeset/189450747,way,1561715585,2026-09-23T13:44:32Z,Tanzania,outline crosses way 1561730020 (39% area overlap),tt_event
1454,crossing buildings,Agnes Petro,23585416,https://www.openstreetmap.org/#map=18/-6.372666/37.372101,189450747,https://www.openstreetmap.org/changeset/189450747,way,1561715586,2026-09-23T13:44:32Z,Tanzania,outline crosses way 1561726794 (72% area overlap),tt_event
1455,node connected highway and building,Agnes Petro,23585416,https://www.openstreetmap.org/#map=18/-6.372469/37.372020,189450747,https://www.openstreetmap.org/changeset/189450747,node,14209502345,2026-09-23T13:44:32Z,Tanzania,shared by highway way 1561725580 and building way 1561722190,tt_event
1456,node connected highway and building,Agnes Petro,23585416,https://www.openstreetmap.org/#map=18/-6.372469/37.372020,189450747,https://www.openstreetmap.org/changeset/189450747,node,14209475886,2026-09-23T13:44:32Z,Tanzania,shared by highway way 1561725580 and building way 1561722190,tt_event
1457,overlapping highway,KennyDap,21660928,https://www.openstreetmap.org/#map=18/33.515517/126.524870,189450696,https://www.openstreetmap.org/changeset/189450696,way,1532073551,2026-09-23T13:43:13Z,South Korea,runs alongside existing way 1561715432 (both 'footway') for 100% of its length,tt_event
1458,overlapping highway,KennyDap,21660928,https://www.openstreetmap.org/#map=18/33.515517/126.524870,189450696,https://www.openstreetmap.org/changeset/189450696,way,1532073542,2026-09-23T13:43:13Z,South Korea,runs alongside existing way 1561715432 (both 'footway') for 100% of its length,tt_event
1463,node connected highway and building,KennyDap,21660928,https://www.openstreetmap.org/#map=18/33.512961/126.524810,189450696,https://www.openstreetmap.org/changeset/189450696,node,13948509182,2026-09-23T13:43:13Z,South Korea,shared by highway way 1530453676 and building way 1530453675,tt_event
1464,node connected highway and building,KennyDap,21660928,https://www.openstreetmap.org/#map=18/33.512968/126.524827,189450696,https://www.openstreetmap.org/changeset/189450696,node,13948509185,2026-09-23T13:43:13Z,South Korea,shared by highway way 1530453677 and building way 1530453675,tt_event
1465,node connected highway and building,KennyDap,21660928,https://www.openstreetmap.org/#map=18/33.513269/126.524909,189450696,https://www.openstreetmap.org/changeset/189450696,node,13948566672,2026-09-23T13:43:13Z,South Korea,shared by highway way 1530460090 and building way 1530460089,tt_event
1466,node connected highway and building,KennyDap,21660928,https://www.openstreetmap.org/#map=18/33.513290/126.524899,189450696,https://www.openstreetmap.org/changeset/189450696,node,13948566675,2026-09-23T13:43:13Z,South Korea,shared by highway way 1530460091 and building way 1530460089,tt_event
1467,node connected highway and building,KennyDap,21660928,https://www.openstreetmap.org/#map=18/33.513332/126.524472,189450696,https://www.openstreetmap.org/changeset/189450696,node,13948566676,2026-09-23T13:43:13Z,South Korea,shared by highway way 1530460093 and building way 1530460092,tt_event
1468,node connected highway and building,KennyDap,21660928,https://www.openstreetmap.org/#map=18/33.513320/126.524447,189450696,https://www.openstreetmap.org/changeset/189450696,node,13948566679,2026-09-23T13:43:13Z,South Korea,shared by highway way 1530460094 and building way 1530460092,tt_event
1469,node connected highway and building,KennyDap,21660928,https://www.openstreetmap.org/#map=18/33.513033/126.524412,189450696,https://www.openstreetmap.org/changeset/189450696,node,13948566689,2026-09-23T13:43:13Z,South Korea,shared by highway way 1530460097 and building way 1530460095,tt_event
1470,node connected highway and building,KennyDap,21660928,https://www.openstreetmap.org/#map=18/33.513014/126.524429,189450696,https://www.openstreetmap.org/changeset/189450696,node,13948566693,2026-09-23T13:43:13Z,South Korea,shared by highway way 1530460098 and building way 1530460095,tt_event
1471,node connected highway and building,KennyDap,21660928,https://www.openstreetmap.org/#map=18/33.515420/126.525129,189450696,https://www.openstreetmap.org/changeset/189450696,node,13964369931,2026-09-23T13:43:13Z,South Korea,shared by highway way 1532210278 and building way 1532210277,tt_event
1472,node connected highway and building,KennyDap,21660928,https://www.openstreetmap.org/#map=18/33.516235/126.525822,189450696,https://www.openstreetmap.org/changeset/189450696,node,13964376629,2026-09-23T13:43:13Z,South Korea,shared by highway way 1532211779 and building way 1532108031,tt_event
1473,node connected highway and building,KennyDap,21660928,https://www.openstreetmap.org/#map=18/33.513200/126.525697,189450696,https://www.openstreetmap.org/changeset/189450696,node,13968287169,2026-09-23T13:43:13Z,South Korea,shared by highway way 1532719852 and building way 1532719851,tt_event
1474,node connected highway and building,KennyDap,21660928,https://www.openstreetmap.org/#map=18/33.516836/126.524267,189450696,https://www.openstreetmap.org/changeset/189450696,node,13971549738,2026-09-23T13:43:13Z,South Korea,shared by highway way 1533140641 and building way 1533140611,tt_event
1475,node connected highway and building,KennyDap,21660928,https://www.openstreetmap.org/#map=18/33.516959/126.523806,189450696,https://www.openstreetmap.org/changeset/189450696,node,13971549739,2026-09-23T13:43:13Z,South Korea,shared by highway way 1533140642 and building way 1533140613,tt_event
1476,node connected highway and building,KennyDap,21660928,https://www.openstreetmap.org/#map=18/33.515286/126.524067,189450696,https://www.openstreetmap.org/changeset/189450696,node,13997696547,2026-09-23T13:43:13Z,South Korea,shared by highway way 1536798726 and building way 1536535818,tt_event
1477,node connected highway and building,KennyDap,21660928,https://www.openstreetmap.org/#map=18/33.513382/126.524082,189450696,https://www.openstreetmap.org/changeset/189450696,node,14000366201,2026-09-23T13:43:13Z,South Korea,shared by highway way 1536875566 and building way 375324386,tt_event
1478,node connected highway and building,KennyDap,21660928,https://www.openstreetmap.org/#map=18/33.513268/126.523680,189450696,https://www.openstreetmap.org/changeset/189450696,node,14000366243,2026-09-23T13:43:13Z,South Korea,shared by highway way 1536875574 and building way 1536875572,tt_event
1479,node connected highway and building,KennyDap,21660928,https://www.openstreetmap.org/#map=18/33.513281/126.523129,189450696,https://www.openstreetmap.org/changeset/189450696,node,14003679571,2026-09-23T13:43:13Z,South Korea,shared by highway way 1537341649 and building way 1537341646,tt_event
1480,node connected highway and building,KennyDap,21660928,https://www.openstreetmap.org/#map=18/33.513338/126.523082,189450696,https://www.openstreetmap.org/changeset/189450696,node,14003679580,2026-09-23T13:43:13Z,South Korea,shared by highway way 1537341651 and building way 371619786,tt_event
1481,node connected highway and building,KennyDap,21660928,https://www.openstreetmap.org/#map=18/33.513899/126.522898,189450696,https://www.openstreetmap.org/changeset/189450696,node,14003679583,2026-09-23T13:43:13Z,South Korea,shared by highway way 1537341653 and building way 1537341612,tt_event
1482,node connected highway and building,KennyDap,21660928,https://www.openstreetmap.org/#map=18/33.513126/126.523230,189450696,https://www.openstreetmap.org/changeset/189450696,node,14020904032,2026-09-23T13:43:13Z,South Korea,shared by highway way 1539865774 and building way 1539865769,tt_event
1483,node connected highway and building,KennyDap,21660928,https://www.openstreetmap.org/#map=18/33.513143/126.522832,189450696,https://www.openstreetmap.org/changeset/189450696,node,14020904038,2026-09-23T13:43:13Z,South Korea,shared by highway way 1539865775 and building way 1539865772,tt_event
1484,node connected highway and building,KennyDap,21660928,https://www.openstreetmap.org/#map=18/33.513103/126.523673,189450696,https://www.openstreetmap.org/changeset/189450696,node,14022481266,2026-09-23T13:43:13Z,South Korea,shared by highway way 1540050100 and building way 1540050099,tt_event
1486,node connected highway and building,DoloresReis,16805459,https://www.openstreetmap.org/#map=18/-1.607486/29.341104,189450436,https://www.openstreetmap.org/changeset/189450436,node,12598907320,2026-09-23T13:38:03Z,Rwanda,shared by highway way 621966742 and building way 1360956130,tt_event
1487,node connected highway and building,DoloresReis,16805459,https://www.openstreetmap.org/#map=18/-1.607258/29.340879,189450436,https://www.openstreetmap.org/changeset/189450436,node,12598907276,2026-09-23T13:38:03Z,Rwanda,shared by highway way 621966763 and building way 1360956119,tt_event
1492,duplicated node,Dnyaneshwarisolanke,23613325,https://www.openstreetmap.org/#map=18/30.889966/77.552863,189544422,https://www.openstreetmap.org/changeset/189544422,node,14214246570,2026-09-25T13:12:11Z,India,within 0.00m of node 14214246571,tt_event
1495,node connected highway and building,Agnes Petro,23585416,https://www.openstreetmap.org/#map=18/-6.371804/37.369284,189451669,https://www.openstreetmap.org/changeset/189451669,node,14209459077,2026-09-23T14:02:42Z,Tanzania,shared by highway way 1561721076 and building way 1561721049,tt_event
1497,node connected highway and building,KennyDap,21660928,https://www.openstreetmap.org/#map=18/33.516836/126.524267,189451451,https://www.openstreetmap.org/changeset/189451451,node,13971549738,2026-09-23T13:57:51Z,South Korea,shared by highway way 1533140641 and building way 1533140611,tt_event
1498,duplicated node,Dnyaneshwarisolanke,23613325,https://www.openstreetmap.org/#map=18/10.561513/76.079110,189450897,https://www.openstreetmap.org/changeset/189450897,node,14209416322,2026-09-23T13:47:48Z,India,within 0.00m of pre-existing node 11294995475,tt_event
1501,crossing highway,Dnyaneshwarisolanke,23613325,https://www.openstreetmap.org/#map=18/10.650161/76.025649,189450821,https://www.openstreetmap.org/changeset/189450821,way,663309476,2026-09-23T13:45:57Z,India,crosses way 949793671 without a shared junction node,tt_event
1502,crossing highway,Dnyaneshwarisolanke,23613325,https://www.openstreetmap.org/#map=18/10.648552/76.020961,189450821,https://www.openstreetmap.org/changeset/189450821,way,949793671,2026-09-23T13:45:57Z,India,crosses way 469735667 without a shared junction node,tt_event
1503,crossing highway,Dnyaneshwarisolanke,23613325,https://www.openstreetmap.org/#map=18/10.649407/76.023541,189450821,https://www.openstreetmap.org/changeset/189450821,way,949793671,2026-09-23T13:45:57Z,India,crosses way 1271390882 without a shared junction node,tt_event
1504,crossing highway,Dnyaneshwarisolanke,23613325,https://www.openstreetmap.org/#map=18/10.649336/76.025024,189450821,https://www.openstreetmap.org/changeset/189450821,way,949793671,2026-09-23T13:45:57Z,India,crosses way 887732001 without a shared junction node,tt_event
1510,node connected highway and building,DoloresReis,16805459,https://www.openstreetmap.org/#map=18/-1.607486/29.341104,189450588,https://www.openstreetmap.org/changeset/189450588,node,12598907320,2026-09-23T13:40:47Z,Rwanda,shared by highway way 621966742 and building way 1360956130,tt_event
1512,crossing buildings,Nettey,17309709,https://www.openstreetmap.org/#map=18/-19.534001/31.950638,189449459,https://www.openstreetmap.org/changeset/189449459,way,1452572916,2026-09-23T13:18:36Z,Zimbabwe,outline crosses way 1561721130 (75% area overlap),tt_event
1516,crossing buildings,Aikiriza Justus,22072851,https://www.openstreetmap.org/#map=18/-0.593247/37.193552,189448923,https://www.openstreetmap.org/changeset/189448923,way,1561708093,2026-09-23T13:09:01Z,Kenya,outline crosses way 1560109423 (77% area overlap),tt_event
1517,duplicated node,PlayzinhoAgro-imports,15372998,https://www.openstreetmap.org/#map=18/-4.253927/-41.770661,189454627,https://www.openstreetmap.org/changeset/189454627,node,14209593223,2026-09-23T15:05:40Z,Brazil,within 0.00m of pre-existing node 13809567958,tt_event
1518,duplicated node,PlayzinhoAgro-imports,15372998,https://www.openstreetmap.org/#map=18/-4.253784/-41.770651,189454627,https://www.openstreetmap.org/changeset/189454627,node,14209593224,2026-09-23T15:05:40Z,Brazil,within 0.00m of pre-existing node 13809567961,tt_event
1519,duplicated node,PlayzinhoAgro-imports,15372998,https://www.openstreetmap.org/#map=18/-4.253887/-41.770653,189454627,https://www.openstreetmap.org/changeset/189454627,node,14209593225,2026-09-23T15:05:40Z,Brazil,within 0.00m of pre-existing node 13809567964,tt_event
1520,node connected highway and building,PlayzinhoAgro-imports,15372998,https://www.openstreetmap.org/#map=18/-4.253250/-41.770771,189454627,https://www.openstreetmap.org/changeset/189454627,node,13809568326,2026-09-23T15:05:40Z,Brazil,shared by highway way 335063126 and building way 1510709255,tt_event
1523,crossing buildings,MSANGI AS,24430799,https://www.openstreetmap.org/#map=18/-6.373198/37.371611,189454192,https://www.openstreetmap.org/changeset/189454192,way,1561730035,2026-09-23T14:57:38Z,Tanzania,outline crosses way 1561715549 (92% area overlap),tt_event
1524,node connected highway and building,Amruta Sandip Patil,21771748,https://www.openstreetmap.org/#map=18/12.501769/74.996496,189454160,https://www.openstreetmap.org/changeset/189454160,node,7513172860,2026-09-23T14:56:53Z,India,shared by highway way 49926967 and building way 803195455,tt_event
1525,node connected highway and building,Amruta Sandip Patil,21771748,https://www.openstreetmap.org/#map=18/12.497266/74.977893,189454160,https://www.openstreetmap.org/changeset/189454160,node,9352618850,2026-09-23T14:56:53Z,India,shared by highway way 1013717788 and building way 1013715279,tt_event
1526,node connected highway and building,MSANGI AS,24430799,https://www.openstreetmap.org/#map=18/-6.372469/37.372020,189454156,https://www.openstreetmap.org/changeset/189454156,node,14209502345,2026-09-23T14:56:51Z,Tanzania,shared by highway way 1561725580 and building way 1561722190,tt_event
1527,node connected highway and building,MSANGI AS,24430799,https://www.openstreetmap.org/#map=18/-6.372469/37.372020,189454156,https://www.openstreetmap.org/changeset/189454156,node,14209475886,2026-09-23T14:56:51Z,Tanzania,shared by highway way 1561725580 and building way 1561722190,tt_event
1528,crossing buildings,MSANGI AS,24430799,https://www.openstreetmap.org/#map=18/-6.372999/37.371961,189454087,https://www.openstreetmap.org/changeset/189454087,way,1561732677,2026-09-23T14:55:20Z,Tanzania,outline crosses way 1561715575 (60% area overlap),tt_event
1529,crossing buildings,MSANGI AS,24430799,https://www.openstreetmap.org/#map=18/-6.373947/37.371709,189454087,https://www.openstreetmap.org/changeset/189454087,way,1561732679,2026-09-23T14:55:20Z,Tanzania,outline crosses way 1561715544 (97% area overlap),tt_event
1530,node connected highway and building,MSANGI AS,24430799,https://www.openstreetmap.org/#map=18/-6.372469/37.372020,189454087,https://www.openstreetmap.org/changeset/189454087,node,14209502345,2026-09-23T14:55:20Z,Tanzania,shared by highway way 1561725580 and building way 1561722190,tt_event
1531,node connected highway and building,MSANGI AS,24430799,https://www.openstreetmap.org/#map=18/-6.372469/37.372020,189454087,https://www.openstreetmap.org/changeset/189454087,node,14209475886,2026-09-23T14:55:20Z,Tanzania,shared by highway way 1561725580 and building way 1561722190,tt_event
1532,node connected highway and building,cyan_,17750138,https://www.openstreetmap.org/#map=18/-2.269189/30.216091,189454076,https://www.openstreetmap.org/changeset/189454076,node,14206880454,2026-09-23T14:55:01Z,Rwanda,shared by highway way 375329437 and building way 1561400061,tt_event
1533,node connected highway and building,cyan_,17750138,https://www.openstreetmap.org/#map=18/-2.269777/30.214654,189454076,https://www.openstreetmap.org/changeset/189454076,node,14206839959,2026-09-23T14:55:01Z,Rwanda,shared by highway way 375329438 and building way 1561394770,tt_event
1536,node connected highway and building,NMRB,24534843,https://www.openstreetmap.org/#map=18/-2.214516/30.138814,189454061,https://www.openstreetmap.org/changeset/189454061,node,14209563272,2026-09-23T14:54:40Z,Rwanda,shared by highway way 1561732452 and building way 1561732451,tt_event
1539,node connected highway and building,Suhail McLachlan,18643834,https://www.openstreetmap.org/#map=18/-2.199998/30.123462,189454044,https://www.openstreetmap.org/changeset/189454044,node,14209563074,2026-09-23T14:54:19Z,Rwanda,shared by highway way 676786131 and building way 1561732395,tt_event
1540,node connected highway and building,Suhail McLachlan,18643834,https://www.openstreetmap.org/#map=18/-2.199998/30.123462,189454044,https://www.openstreetmap.org/changeset/189454044,node,14209563075,2026-09-23T14:54:19Z,Rwanda,shared by highway way 676786131 and building way 1561732395,tt_event
1541,node connected highway and building,Suhail McLachlan,18643834,https://www.openstreetmap.org/#map=18/-2.199890/30.123677,189454044,https://www.openstreetmap.org/changeset/189454044,node,14209563002,2026-09-23T14:54:19Z,Rwanda,shared by highway way 676786136 and building way 1561732379,tt_event
1542,node connected highway and building,Suhail McLachlan,18643834,https://www.openstreetmap.org/#map=18/-2.199890/30.123677,189454044,https://www.openstreetmap.org/changeset/189454044,node,14209562969,2026-09-23T14:54:19Z,Rwanda,shared by highway way 676786136 and building way 1561732374,tt_event
1543,node connected highway and building,Suhail McLachlan,18643834,https://www.openstreetmap.org/#map=18/-2.199890/30.123677,189454044,https://www.openstreetmap.org/changeset/189454044,node,14209562968,2026-09-23T14:54:19Z,Rwanda,shared by highway way 676786136 and building way 1561732374,tt_event
1545,node connected highway and building,John Jeffreys,24534827,https://www.openstreetmap.org/#map=18/-2.248251/30.218173,189454040,https://www.openstreetmap.org/changeset/189454040,node,14209562827,2026-09-23T14:54:18Z,Rwanda,shared by highway way 676163734 and building way 1561732330,tt_event
1546,node connected highway and building,John Jeffreys,24534827,https://www.openstreetmap.org/#map=18/-2.248251/30.218173,189454040,https://www.openstreetmap.org/changeset/189454040,node,14209562826,2026-09-23T14:54:18Z,Rwanda,shared by highway way 676163734 and building way 1561732330,tt_event
1547,node connected highway and building,John Jeffreys,24534827,https://www.openstreetmap.org/#map=18/-2.251215/30.217676,189454040,https://www.openstreetmap.org/changeset/189454040,node,14209548931,2026-09-23T14:54:18Z,Rwanda,shared by highway way 676163739 and building way 1561731101,tt_event
1548,node connected highway and building,John Jeffreys,24534827,https://www.openstreetmap.org/#map=18/-2.251798/30.215335,189454040,https://www.openstreetmap.org/changeset/189454040,node,14209561916,2026-09-23T14:54:18Z,Rwanda,shared by highway way 676163741 and building way 1561732202,tt_event
1552,node connected highway and building,Amys12,18643841,https://www.openstreetmap.org/#map=18/-2.186536/30.158189,189453975,https://www.openstreetmap.org/changeset/189453975,node,14212550653,2026-09-23T14:53:07Z,Rwanda,shared by highway way 679488162 and building way 1562030363,tt_event
1553,node connected highway and building,Amys12,18643841,https://www.openstreetmap.org/#map=18/-2.189754/30.139214,189453975,https://www.openstreetmap.org/changeset/189453975,node,14202144430,2026-09-23T14:53:07Z,Rwanda,shared by highway way 1125677391 and building way 1560890150,tt_event
1559,node connected highway and building,Benjiiiiiiiinho,20652857,https://www.openstreetmap.org/#map=18/-2.305601/30.204846,189453911,https://www.openstreetmap.org/changeset/189453911,node,14210107527,2026-09-23T14:53:27Z,Rwanda,shared by highway way 375066531 and building way 1561790702,tt_event
1560,node connected highway and building,Benjiiiiiiiinho,20652857,https://www.openstreetmap.org/#map=18/-2.305541/30.204873,189453911,https://www.openstreetmap.org/changeset/189453911,node,14210107410,2026-09-23T14:53:27Z,Rwanda,shared by highway way 375066532 and building way 1561790674,tt_event
1561,node connected highway and building,Benjiiiiiiiinho,20652857,https://www.openstreetmap.org/#map=18/-2.305541/30.204873,189453911,https://www.openstreetmap.org/changeset/189453911,node,14210107411,2026-09-23T14:53:27Z,Rwanda,shared by highway way 375066532 and building way 1561790675,tt_event
1562,node connected highway and building,Benjiiiiiiiinho,20652857,https://www.openstreetmap.org/#map=18/-2.269189/30.216091,189453911,https://www.openstreetmap.org/changeset/189453911,node,14206880454,2026-09-23T14:53:27Z,Rwanda,shared by highway way 375329437 and building way 1561400061,tt_event
1563,node connected highway and building,Benjiiiiiiiinho,20652857,https://www.openstreetmap.org/#map=18/-2.269777/30.214654,189453911,https://www.openstreetmap.org/changeset/189453911,node,14206839959,2026-09-23T14:53:27Z,Rwanda,shared by highway way 375329438 and building way 1561394770,tt_event
1564,node connected highway and building,Benjiiiiiiiinho,20652857,https://www.openstreetmap.org/#map=18/-2.248251/30.218173,189453911,https://www.openstreetmap.org/changeset/189453911,node,14209562827,2026-09-23T14:53:27Z,Rwanda,shared by highway way 676163734 and building way 1561732330,tt_event
1565,node connected highway and building,Benjiiiiiiiinho,20652857,https://www.openstreetmap.org/#map=18/-2.248251/30.218173,189453911,https://www.openstreetmap.org/changeset/189453911,node,14209562826,2026-09-23T14:53:27Z,Rwanda,shared by highway way 676163734 and building way 1561732330,tt_event
1566,node connected highway and building,Benjiiiiiiiinho,20652857,https://www.openstreetmap.org/#map=18/-2.306673/30.205619,189453911,https://www.openstreetmap.org/changeset/189453911,node,14210107462,2026-09-23T14:53:27Z,Rwanda,shared by highway way 676271217 and building way 1561790687,tt_event
1567,node connected highway and building,Benjiiiiiiiinho,20652857,https://www.openstreetmap.org/#map=18/-2.224055/30.130727,189453911,https://www.openstreetmap.org/changeset/189453911,node,6337468406,2026-09-23T14:53:27Z,Rwanda,shared by highway way 676767096 and building way 1561396668,tt_event
1568,node connected highway and building,Benjiiiiiiiinho,20652857,https://www.openstreetmap.org/#map=18/-2.199998/30.123462,189453911,https://www.openstreetmap.org/changeset/189453911,node,14209563074,2026-09-23T14:53:27Z,Rwanda,shared by highway way 676786131 and building way 1561732395,tt_event
1569,node connected highway and building,Benjiiiiiiiinho,20652857,https://www.openstreetmap.org/#map=18/-2.199998/30.123462,189453911,https://www.openstreetmap.org/changeset/189453911,node,14209563075,2026-09-23T14:53:27Z,Rwanda,shared by highway way 676786131 and building way 1561732395,tt_event
1570,node connected highway and building,Benjiiiiiiiinho,20652857,https://www.openstreetmap.org/#map=18/-2.199890/30.123677,189453911,https://www.openstreetmap.org/changeset/189453911,node,14209563002,2026-09-23T14:53:27Z,Rwanda,shared by highway way 676786136 and building way 1561732379,tt_event
1571,node connected highway and building,Benjiiiiiiiinho,20652857,https://www.openstreetmap.org/#map=18/-2.199890/30.123677,189453911,https://www.openstreetmap.org/changeset/189453911,node,14209562969,2026-09-23T14:53:27Z,Rwanda,shared by highway way 676786136 and building way 1561732374,tt_event
1572,node connected highway and building,Benjiiiiiiiinho,20652857,https://www.openstreetmap.org/#map=18/-2.199890/30.123677,189453911,https://www.openstreetmap.org/changeset/189453911,node,14209562968,2026-09-23T14:53:27Z,Rwanda,shared by highway way 676786136 and building way 1561732374,tt_event
1573,node connected highway and building,Benjiiiiiiiinho,20652857,https://www.openstreetmap.org/#map=18/-2.186536/30.158189,189453911,https://www.openstreetmap.org/changeset/189453911,node,14212550653,2026-09-23T14:53:27Z,Rwanda,shared by highway way 679488162 and building way 1562030363,tt_event
1574,node connected highway and building,Benjiiiiiiiinho,20652857,https://www.openstreetmap.org/#map=18/-2.189754/30.139214,189453911,https://www.openstreetmap.org/changeset/189453911,node,14202144430,2026-09-23T14:53:27Z,Rwanda,shared by highway way 1125677391 and building way 1560890150,tt_event
1575,node connected highway and building,Benjiiiiiiiinho,20652857,https://www.openstreetmap.org/#map=18/-2.214516/30.138814,189453911,https://www.openstreetmap.org/changeset/189453911,node,14209563272,2026-09-23T14:53:27Z,Rwanda,shared by highway way 1561732452 and building way 1561732451,tt_event
1576,crossing buildings,MSANGI AS,24430799,https://www.openstreetmap.org/#map=18/-6.373608/37.371479,189453831,https://www.openstreetmap.org/changeset/189453831,way,1561731741,2026-09-23T14:50:30Z,Tanzania,outline crosses way 1561715546 (96% area overlap),tt_event
1577,crossing buildings,MSANGI AS,24430799,https://www.openstreetmap.org/#map=18/-6.373657/37.371429,189453831,https://www.openstreetmap.org/changeset/189453831,way,1561731742,2026-09-23T14:50:30Z,Tanzania,outline crosses way 1561715547 (91% area overlap),tt_event
1578,crossing buildings,MSANGI AS,24430799,https://www.openstreetmap.org/#map=18/-6.373846/37.371446,189453831,https://www.openstreetmap.org/changeset/189453831,way,1561731743,2026-09-23T14:50:30Z,Tanzania,outline crosses way 1561715545 (94% area overlap),tt_event
1579,crossing buildings,MSANGI AS,24430799,https://www.openstreetmap.org/#map=18/-6.373698/37.371601,189453831,https://www.openstreetmap.org/changeset/189453831,way,1561731746,2026-09-23T14:50:30Z,Tanzania,outline crosses way 1561715565 (59% area overlap),tt_event
1581,node connected highway and building,Batu the Batu (Batu),24534834,https://www.openstreetmap.org/#map=18/-2.199998/30.123462,189453815,https://www.openstreetmap.org/changeset/189453815,node,14209563074,2026-09-23T14:50:10Z,Rwanda,shared by highway way 676786131 and building way 1561732395,tt_event
1582,node connected highway and building,Batu the Batu (Batu),24534834,https://www.openstreetmap.org/#map=18/-2.199998/30.123462,189453815,https://www.openstreetmap.org/changeset/189453815,node,14209563075,2026-09-23T14:50:10Z,Rwanda,shared by highway way 676786131 and building way 1561732395,tt_event
1583,node connected highway and building,Batu the Batu (Batu),24534834,https://www.openstreetmap.org/#map=18/-2.199890/30.123677,189453815,https://www.openstreetmap.org/changeset/189453815,node,14209563002,2026-09-23T14:50:10Z,Rwanda,shared by highway way 676786136 and building way 1561732379,tt_event
1584,node connected highway and building,Batu the Batu (Batu),24534834,https://www.openstreetmap.org/#map=18/-2.199890/30.123677,189453815,https://www.openstreetmap.org/changeset/189453815,node,14209562969,2026-09-23T14:50:10Z,Rwanda,shared by highway way 676786136 and building way 1561732374,tt_event
1585,node connected highway and building,Batu the Batu (Batu),24534834,https://www.openstreetmap.org/#map=18/-2.199890/30.123677,189453815,https://www.openstreetmap.org/changeset/189453815,node,14209562968,2026-09-23T14:50:10Z,Rwanda,shared by highway way 676786136 and building way 1561732374,tt_event
1587,node connected highway and building,John Jeffreys,24534827,https://www.openstreetmap.org/#map=18/-2.251215/30.217676,189453711,https://www.openstreetmap.org/changeset/189453711,node,14209548931,2026-09-23T14:48:18Z,Rwanda,shared by highway way 676163739 and building way 1561731101,tt_event
1588,node connected highway and building,John Jeffreys,24534827,https://www.openstreetmap.org/#map=18/-2.248251/30.218173,189453711,https://www.openstreetmap.org/changeset/189453711,node,14209562827,2026-09-23T14:48:18Z,Rwanda,shared by highway way 676163734 and building way 1561732330,tt_event
1589,node connected highway and building,John Jeffreys,24534827,https://www.openstreetmap.org/#map=18/-2.248251/30.218173,189453711,https://www.openstreetmap.org/changeset/189453711,node,14209562826,2026-09-23T14:48:18Z,Rwanda,shared by highway way 676163734 and building way 1561732330,tt_event
1592,node connected highway and building,Batu the Batu (Batu),24534834,https://www.openstreetmap.org/#map=18/-2.199998/30.123462,189453656,https://www.openstreetmap.org/changeset/189453656,node,14209563074,2026-09-23T14:46:59Z,Rwanda,shared by highway way 676786131 and building way 1561732395,tt_event
1593,node connected highway and building,Batu the Batu (Batu),24534834,https://www.openstreetmap.org/#map=18/-2.199998/30.123462,189453656,https://www.openstreetmap.org/changeset/189453656,node,14209563075,2026-09-23T14:46:59Z,Rwanda,shared by highway way 676786131 and building way 1561732395,tt_event
1594,node connected highway and building,Batu the Batu (Batu),24534834,https://www.openstreetmap.org/#map=18/-2.199890/30.123677,189453656,https://www.openstreetmap.org/changeset/189453656,node,14209563002,2026-09-23T14:46:59Z,Rwanda,shared by highway way 676786136 and building way 1561732379,tt_event
1595,node connected highway and building,Batu the Batu (Batu),24534834,https://www.openstreetmap.org/#map=18/-2.199890/30.123677,189453656,https://www.openstreetmap.org/changeset/189453656,node,14209562969,2026-09-23T14:46:59Z,Rwanda,shared by highway way 676786136 and building way 1561732374,tt_event
1596,node connected highway and building,Batu the Batu (Batu),24534834,https://www.openstreetmap.org/#map=18/-2.199890/30.123677,189453656,https://www.openstreetmap.org/changeset/189453656,node,14209562968,2026-09-23T14:46:59Z,Rwanda,shared by highway way 676786136 and building way 1561732374,tt_event
1598,node connected highway and building,wrobson,24534836,https://www.openstreetmap.org/#map=18/-2.189754/30.139214,189453647,https://www.openstreetmap.org/changeset/189453647,node,14202144430,2026-09-23T14:46:46Z,Rwanda,shared by highway way 1125677391 and building way 1560890150,tt_event
1601,node connected highway and building,Agnes Petro,23585416,https://www.openstreetmap.org/#map=18/-6.354379/37.392834,189453638,https://www.openstreetmap.org/changeset/189453638,node,9249964310,2026-09-23T14:46:41Z,Tanzania,shared by highway way 792557770 and building way 1002227129,tt_event
1602,node connected highway and building,Agnes Petro,23585416,https://www.openstreetmap.org/#map=18/-6.354048/37.393504,189453638,https://www.openstreetmap.org/changeset/189453638,node,9249964315,2026-09-23T14:46:41Z,Tanzania,shared by highway way 863714508 and building way 1002227130,tt_event
1603,node connected highway and building,Agnes Petro,23585416,https://www.openstreetmap.org/#map=18/-6.353732/37.393774,189453638,https://www.openstreetmap.org/changeset/189453638,node,9249964335,2026-09-23T14:46:41Z,Tanzania,shared by highway way 872243109 and building way 1002227135,tt_event
1604,node connected highway and building,Agnes Petro,23585416,https://www.openstreetmap.org/#map=18/-6.353732/37.393774,189453638,https://www.openstreetmap.org/changeset/189453638,node,9249964334,2026-09-23T14:46:41Z,Tanzania,shared by highway way 872243109 and building way 1002227135,tt_event
1607,node connected highway and building,cyan_,17750138,https://www.openstreetmap.org/#map=18/-2.305601/30.204846,189453522,https://www.openstreetmap.org/changeset/189453522,node,14210107527,2026-09-23T14:44:07Z,Rwanda,shared by highway way 375066531 and building way 1561790702,tt_event
1608,node connected highway and building,cyan_,17750138,https://www.openstreetmap.org/#map=18/-2.305541/30.204873,189453522,https://www.openstreetmap.org/changeset/189453522,node,14210107410,2026-09-23T14:44:07Z,Rwanda,shared by highway way 375066532 and building way 1561790674,tt_event
1609,node connected highway and building,cyan_,17750138,https://www.openstreetmap.org/#map=18/-2.305541/30.204873,189453522,https://www.openstreetmap.org/changeset/189453522,node,14210107411,2026-09-23T14:44:07Z,Rwanda,shared by highway way 375066532 and building way 1561790675,tt_event
1610,node connected highway and building,cyan_,17750138,https://www.openstreetmap.org/#map=18/-2.269777/30.214654,189453522,https://www.openstreetmap.org/changeset/189453522,node,14206839959,2026-09-23T14:44:07Z,Rwanda,shared by highway way 375329438 and building way 1561394770,tt_event
1611,node connected highway and building,cyan_,17750138,https://www.openstreetmap.org/#map=18/-2.306673/30.205619,189453522,https://www.openstreetmap.org/changeset/189453522,node,14210107462,2026-09-23T14:44:07Z,Rwanda,shared by highway way 676271217 and building way 1561790687,tt_event
1612,node connected highway and building,cyan_,17750138,https://www.openstreetmap.org/#map=18/-2.224055/30.130727,189453522,https://www.openstreetmap.org/changeset/189453522,node,6337468406,2026-09-23T14:44:07Z,Rwanda,shared by highway way 676767096 and building way 1561396668,tt_event
1613,node connected highway and building,cyan_,17750138,https://www.openstreetmap.org/#map=18/-2.199998/30.123462,189453522,https://www.openstreetmap.org/changeset/189453522,node,14209563074,2026-09-23T14:44:07Z,Rwanda,shared by highway way 676786131 and building way 1561732395,tt_event
1614,node connected highway and building,cyan_,17750138,https://www.openstreetmap.org/#map=18/-2.199998/30.123462,189453522,https://www.openstreetmap.org/changeset/189453522,node,14209563075,2026-09-23T14:44:07Z,Rwanda,shared by highway way 676786131 and building way 1561732395,tt_event
1615,node connected highway and building,cyan_,17750138,https://www.openstreetmap.org/#map=18/-2.199890/30.123677,189453522,https://www.openstreetmap.org/changeset/189453522,node,14209563002,2026-09-23T14:44:07Z,Rwanda,shared by highway way 676786136 and building way 1561732379,tt_event
1616,node connected highway and building,cyan_,17750138,https://www.openstreetmap.org/#map=18/-2.199890/30.123677,189453522,https://www.openstreetmap.org/changeset/189453522,node,14209562969,2026-09-23T14:44:07Z,Rwanda,shared by highway way 676786136 and building way 1561732374,tt_event
1617,node connected highway and building,cyan_,17750138,https://www.openstreetmap.org/#map=18/-2.199890/30.123677,189453522,https://www.openstreetmap.org/changeset/189453522,node,14209562968,2026-09-23T14:44:07Z,Rwanda,shared by highway way 676786136 and building way 1561732374,tt_event
1618,node connected highway and building,cyan_,17750138,https://www.openstreetmap.org/#map=18/-2.186536/30.158189,189453522,https://www.openstreetmap.org/changeset/189453522,node,14212550653,2026-09-23T14:44:07Z,Rwanda,shared by highway way 679488162 and building way 1562030363,tt_event
1619,node connected highway and building,cyan_,17750138,https://www.openstreetmap.org/#map=18/-2.189754/30.139214,189453522,https://www.openstreetmap.org/changeset/189453522,node,14202144430,2026-09-23T14:44:07Z,Rwanda,shared by highway way 1125677391 and building way 1560890150,tt_event
1620,node connected highway and building,cyan_,17750138,https://www.openstreetmap.org/#map=18/-2.214516/30.138814,189453522,https://www.openstreetmap.org/changeset/189453522,node,14209563272,2026-09-23T14:44:07Z,Rwanda,shared by highway way 1561732452 and building way 1561732451,tt_event
1622,crossing buildings,MSANGI AS,24430799,https://www.openstreetmap.org/#map=18/-6.373698/37.372412,189453460,https://www.openstreetmap.org/changeset/189453460,way,1561730009,2026-09-23T14:42:57Z,Tanzania,outline crosses way 1561715572 (32% area overlap),tt_event
1623,crossing buildings,MSANGI AS,24430799,https://www.openstreetmap.org/#map=18/-6.373747/37.372594,189453460,https://www.openstreetmap.org/changeset/189453460,way,1561730010,2026-09-23T14:42:57Z,Tanzania,outline crosses way 1561715571 (31% area overlap),tt_event
1624,crossing buildings,MSANGI AS,24430799,https://www.openstreetmap.org/#map=18/-6.373747/37.372594,189453460,https://www.openstreetmap.org/changeset/189453460,way,1561730010,2026-09-23T14:42:57Z,Tanzania,outline crosses way 1561715569 (26% area overlap),tt_event
1625,crossing buildings,MSANGI AS,24430799,https://www.openstreetmap.org/#map=18/-6.373755/37.372717,189453460,https://www.openstreetmap.org/changeset/189453460,way,1561730011,2026-09-23T14:42:57Z,Tanzania,outline crosses way 1561715571 (16% area overlap),tt_event
1626,crossing buildings,MSANGI AS,24430799,https://www.openstreetmap.org/#map=18/-6.373819/37.372669,189453460,https://www.openstreetmap.org/changeset/189453460,way,1561730012,2026-09-23T14:42:57Z,Tanzania,outline crosses way 1561715568 (41% area overlap),tt_event
1627,crossing buildings,MSANGI AS,24430799,https://www.openstreetmap.org/#map=18/-6.373819/37.372669,189453460,https://www.openstreetmap.org/changeset/189453460,way,1561730012,2026-09-23T14:42:57Z,Tanzania,outline crosses way 1561715571 (33% area overlap),tt_event
1628,crossing buildings,MSANGI AS,24430799,https://www.openstreetmap.org/#map=18/-6.373906/37.372695,189453460,https://www.openstreetmap.org/changeset/189453460,way,1561730013,2026-09-23T14:42:57Z,Tanzania,outline crosses way 1561715568 (49% area overlap),tt_event
1629,crossing buildings,MSANGI AS,24430799,https://www.openstreetmap.org/#map=18/-6.373898/37.372276,189453460,https://www.openstreetmap.org/changeset/189453460,way,1561730016,2026-09-23T14:42:57Z,Tanzania,outline crosses way 1561715567 (29% area overlap),tt_event
1630,crossing buildings,MSANGI AS,24430799,https://www.openstreetmap.org/#map=18/-6.373749/37.372020,189453460,https://www.openstreetmap.org/changeset/189453460,way,1561730018,2026-09-23T14:42:57Z,Tanzania,outline crosses way 1561715553 (2% area overlap),tt_event
1631,crossing buildings,MSANGI AS,24430799,https://www.openstreetmap.org/#map=18/-6.373430/37.372717,189453460,https://www.openstreetmap.org/changeset/189453460,way,1561730020,2026-09-23T14:42:57Z,Tanzania,outline crosses way 1561715585 (39% area overlap),tt_event
1632,crossing buildings,MSANGI AS,24430799,https://www.openstreetmap.org/#map=18/-6.373570/37.372636,189453460,https://www.openstreetmap.org/changeset/189453460,way,1561730022,2026-09-23T14:42:57Z,Tanzania,outline crosses way 1561715584 (32% area overlap),tt_event
1633,crossing buildings,MSANGI AS,24430799,https://www.openstreetmap.org/#map=18/-6.373572/37.372547,189453460,https://www.openstreetmap.org/changeset/189453460,way,1561730023,2026-09-23T14:42:57Z,Tanzania,outline crosses way 1561715570 (31% area overlap),tt_event
1634,crossing buildings,MSANGI AS,24430799,https://www.openstreetmap.org/#map=18/-6.373526/37.372481,189453460,https://www.openstreetmap.org/changeset/189453460,way,1561730024,2026-09-23T14:42:57Z,Tanzania,outline crosses way 1561715583 (17% area overlap),tt_event
1635,crossing buildings,MSANGI AS,24430799,https://www.openstreetmap.org/#map=18/-6.373629/37.372367,189453460,https://www.openstreetmap.org/changeset/189453460,way,1561730025,2026-09-23T14:42:57Z,Tanzania,outline crosses way 1561715572 (39% area overlap),tt_event
1636,crossing buildings,MSANGI AS,24430799,https://www.openstreetmap.org/#map=18/-6.373434/37.372016,189453460,https://www.openstreetmap.org/changeset/189453460,way,1561730029,2026-09-23T14:42:57Z,Tanzania,outline crosses way 1561715563 (91% area overlap),tt_event
1637,crossing buildings,MSANGI AS,24430799,https://www.openstreetmap.org/#map=18/-6.373615/37.371619,189453460,https://www.openstreetmap.org/changeset/189453460,way,1561730030,2026-09-23T14:42:57Z,Tanzania,outline crosses way 1561715565 (60% area overlap),tt_event
1638,crossing buildings,MSANGI AS,24430799,https://www.openstreetmap.org/#map=18/-6.373615/37.371619,189453460,https://www.openstreetmap.org/changeset/189453460,way,1561730030,2026-09-23T14:42:57Z,Tanzania,outline crosses way 1561715548 (91% area overlap),tt_event
1639,crossing buildings,MSANGI AS,24430799,https://www.openstreetmap.org/#map=18/-6.373516/37.371720,189453460,https://www.openstreetmap.org/changeset/189453460,way,1561730031,2026-09-23T14:42:57Z,Tanzania,outline crosses way 1561715551 (87% area overlap),tt_event
1640,crossing buildings,MSANGI AS,24430799,https://www.openstreetmap.org/#map=18/-6.373433/37.371672,189453460,https://www.openstreetmap.org/changeset/189453460,way,1561730032,2026-09-23T14:42:57Z,Tanzania,outline crosses way 1561715550 (99% area overlap),tt_event
1641,crossing buildings,MSANGI AS,24430799,https://www.openstreetmap.org/#map=18/-6.373429/37.371827,189453460,https://www.openstreetmap.org/changeset/189453460,way,1561730033,2026-09-23T14:42:57Z,Tanzania,outline crosses way 1561715552 (49% area overlap),tt_event
1642,crossing buildings,MSANGI AS,24430799,https://www.openstreetmap.org/#map=18/-6.373373/37.371989,189453460,https://www.openstreetmap.org/changeset/189453460,way,1561730034,2026-09-23T14:42:57Z,Tanzania,outline crosses way 1561715564 (8% area overlap),tt_event
1643,crossing buildings,MSANGI AS,24430799,https://www.openstreetmap.org/#map=18/-6.373204/37.371608,189453460,https://www.openstreetmap.org/changeset/189453460,way,1561730035,2026-09-23T14:42:57Z,Tanzania,outline crosses way 1561715549 (82% area overlap),tt_event
1644,node connected highway and building,John Jeffreys,24534827,https://www.openstreetmap.org/#map=18/-2.248251/30.218173,189453393,https://www.openstreetmap.org/changeset/189453393,node,14209562827,2026-09-23T14:41:18Z,Rwanda,shared by highway way 676163734 and building way 1561732330,tt_event
1645,node connected highway and building,John Jeffreys,24534827,https://www.openstreetmap.org/#map=18/-2.248251/30.218173,189453393,https://www.openstreetmap.org/changeset/189453393,node,14209562826,2026-09-23T14:41:18Z,Rwanda,shared by highway way 676163734 and building way 1561732330,tt_event
1646,node connected highway and building,John Jeffreys,24534827,https://www.openstreetmap.org/#map=18/-2.251215/30.217676,189453393,https://www.openstreetmap.org/changeset/189453393,node,14209548931,2026-09-23T14:41:18Z,Rwanda,shared by highway way 676163739 and building way 1561731101,tt_event
1647,node connected highway and building,John Jeffreys,24534827,https://www.openstreetmap.org/#map=18/-2.251798/30.215335,189453393,https://www.openstreetmap.org/changeset/189453393,node,14209561916,2026-09-23T14:41:18Z,Rwanda,shared by highway way 676163741 and building way 1561732202,tt_event
1649,node connected highway and building,NMRB,24534843,https://www.openstreetmap.org/#map=18/-2.214516/30.138814,189453391,https://www.openstreetmap.org/changeset/189453391,node,14209563272,2026-09-23T14:41:11Z,Rwanda,shared by highway way 1561732452 and building way 1561732451,tt_event
1651,node connected highway and building,aurora_b,24534833,https://www.openstreetmap.org/#map=18/-2.269189/30.216091,189453381,https://www.openstreetmap.org/changeset/189453381,node,14206880454,2026-09-23T14:40:59Z,Rwanda,shared by highway way 375329437 and building way 1561400061,tt_event
1652,node connected highway and building,aurora_b,24534833,https://www.openstreetmap.org/#map=18/-2.269777/30.214654,189453381,https://www.openstreetmap.org/changeset/189453381,node,14206839959,2026-09-23T14:40:59Z,Rwanda,shared by highway way 375329438 and building way 1561394770,tt_event
1653,node connected highway and building,aurora_b,24534833,https://www.openstreetmap.org/#map=18/-2.248251/30.218173,189453381,https://www.openstreetmap.org/changeset/189453381,node,14209562827,2026-09-23T14:40:59Z,Rwanda,shared by highway way 676163734 and building way 1561732330,tt_event
1654,node connected highway and building,aurora_b,24534833,https://www.openstreetmap.org/#map=18/-2.248251/30.218173,189453381,https://www.openstreetmap.org/changeset/189453381,node,14209562826,2026-09-23T14:40:59Z,Rwanda,shared by highway way 676163734 and building way 1561732330,tt_event
1655,node connected highway and building,aurora_b,24534833,https://www.openstreetmap.org/#map=18/-2.251215/30.217676,189453381,https://www.openstreetmap.org/changeset/189453381,node,14209548931,2026-09-23T14:40:59Z,Rwanda,shared by highway way 676163739 and building way 1561731101,tt_event
1656,node connected highway and building,aurora_b,24534833,https://www.openstreetmap.org/#map=18/-2.251798/30.215335,189453381,https://www.openstreetmap.org/changeset/189453381,node,14209561916,2026-09-23T14:40:59Z,Rwanda,shared by highway way 676163741 and building way 1561732202,tt_event
1658,node connected highway and building,Agnes Petro,23585416,https://www.openstreetmap.org/#map=18/-6.354044/37.393492,189453342,https://www.openstreetmap.org/changeset/189453342,node,9249964315,2026-09-23T14:40:21Z,Tanzania,shared by highway way 863714508 and building way 1002227130,tt_event
1659,node connected highway and building,Agnes Petro,23585416,https://www.openstreetmap.org/#map=18/-6.353858/37.393889,189453342,https://www.openstreetmap.org/changeset/189453342,node,9249964335,2026-09-23T14:40:21Z,Tanzania,shared by highway way 872243109 and building way 1002227135,tt_event
1660,node connected highway and building,Agnes Petro,23585416,https://www.openstreetmap.org/#map=18/-6.353858/37.393889,189453342,https://www.openstreetmap.org/changeset/189453342,node,9249964334,2026-09-23T14:40:21Z,Tanzania,shared by highway way 872243109 and building way 1002227135,tt_event
1661,node connected highway and building,Agnes Petro,23585416,https://www.openstreetmap.org/#map=18/-6.371804/37.369284,189453342,https://www.openstreetmap.org/changeset/189453342,node,14209459077,2026-09-23T14:40:21Z,Tanzania,shared by highway way 1561721076 and building way 1561721049,tt_event
1662,node connected highway and building,Agnes Petro,23585416,https://www.openstreetmap.org/#map=18/-6.372469/37.372020,189453342,https://www.openstreetmap.org/changeset/189453342,node,14209502345,2026-09-23T14:40:21Z,Tanzania,shared by highway way 1561725580 and building way 1561722190,tt_event
1663,node connected highway and building,Agnes Petro,23585416,https://www.openstreetmap.org/#map=18/-6.372469/37.372020,189453342,https://www.openstreetmap.org/changeset/189453342,node,14209475886,2026-09-23T14:40:21Z,Tanzania,shared by highway way 1561725580 and building way 1561722190,tt_event
1664,crossing highway,cyan_,17750138,https://www.openstreetmap.org/#map=18/-2.262859/30.211165,189453249,https://www.openstreetmap.org/changeset/189453249,way,125760260,2026-09-23T14:37:57Z,Rwanda,crosses way 1561730230 without a shared junction node,tt_event
1666,node connected highway and building,cyan_,17750138,https://www.openstreetmap.org/#map=18/-2.305601/30.204846,189453249,https://www.openstreetmap.org/changeset/189453249,node,14210107527,2026-09-23T14:37:57Z,Rwanda,shared by highway way 375066531 and building way 1561790702,tt_event
1667,node connected highway and building,cyan_,17750138,https://www.openstreetmap.org/#map=18/-2.305541/30.204873,189453249,https://www.openstreetmap.org/changeset/189453249,node,14210107410,2026-09-23T14:37:57Z,Rwanda,shared by highway way 375066532 and building way 1561790674,tt_event
1668,node connected highway and building,cyan_,17750138,https://www.openstreetmap.org/#map=18/-2.305541/30.204873,189453249,https://www.openstreetmap.org/changeset/189453249,node,14210107411,2026-09-23T14:37:57Z,Rwanda,shared by highway way 375066532 and building way 1561790675,tt_event
1669,node connected highway and building,cyan_,17750138,https://www.openstreetmap.org/#map=18/-2.269777/30.214654,189453249,https://www.openstreetmap.org/changeset/189453249,node,14206839959,2026-09-23T14:37:57Z,Rwanda,shared by highway way 375329438 and building way 1561394770,tt_event
1670,node connected highway and building,cyan_,17750138,https://www.openstreetmap.org/#map=18/-2.306673/30.205619,189453249,https://www.openstreetmap.org/changeset/189453249,node,14210107462,2026-09-23T14:37:57Z,Rwanda,shared by highway way 676271217 and building way 1561790687,tt_event
1671,node connected highway and building,cyan_,17750138,https://www.openstreetmap.org/#map=18/-2.224055/30.130727,189453249,https://www.openstreetmap.org/changeset/189453249,node,6337468406,2026-09-23T14:37:57Z,Rwanda,shared by highway way 676767096 and building way 1561396668,tt_event
1672,node connected highway and building,cyan_,17750138,https://www.openstreetmap.org/#map=18/-2.199998/30.123462,189453249,https://www.openstreetmap.org/changeset/189453249,node,14209563074,2026-09-23T14:37:57Z,Rwanda,shared by highway way 676786131 and building way 1561732395,tt_event
1673,node connected highway and building,cyan_,17750138,https://www.openstreetmap.org/#map=18/-2.199998/30.123462,189453249,https://www.openstreetmap.org/changeset/189453249,node,14209563075,2026-09-23T14:37:57Z,Rwanda,shared by highway way 676786131 and building way 1561732395,tt_event
1674,node connected highway and building,cyan_,17750138,https://www.openstreetmap.org/#map=18/-2.199890/30.123677,189453249,https://www.openstreetmap.org/changeset/189453249,node,14209563002,2026-09-23T14:37:57Z,Rwanda,shared by highway way 676786136 and building way 1561732379,tt_event
1675,node connected highway and building,cyan_,17750138,https://www.openstreetmap.org/#map=18/-2.199890/30.123677,189453249,https://www.openstreetmap.org/changeset/189453249,node,14209562969,2026-09-23T14:37:57Z,Rwanda,shared by highway way 676786136 and building way 1561732374,tt_event
1676,node connected highway and building,cyan_,17750138,https://www.openstreetmap.org/#map=18/-2.199890/30.123677,189453249,https://www.openstreetmap.org/changeset/189453249,node,14209562968,2026-09-23T14:37:57Z,Rwanda,shared by highway way 676786136 and building way 1561732374,tt_event
1677,node connected highway and building,cyan_,17750138,https://www.openstreetmap.org/#map=18/-2.186536/30.158189,189453249,https://www.openstreetmap.org/changeset/189453249,node,14212550653,2026-09-23T14:37:57Z,Rwanda,shared by highway way 679488162 and building way 1562030363,tt_event
1678,node connected highway and building,cyan_,17750138,https://www.openstreetmap.org/#map=18/-2.189754/30.139214,189453249,https://www.openstreetmap.org/changeset/189453249,node,14202144430,2026-09-23T14:37:57Z,Rwanda,shared by highway way 1125677391 and building way 1560890150,tt_event
1679,node connected highway and building,cyan_,17750138,https://www.openstreetmap.org/#map=18/-2.214516/30.138814,189453249,https://www.openstreetmap.org/changeset/189453249,node,14209563272,2026-09-23T14:37:57Z,Rwanda,shared by highway way 1561732452 and building way 1561732451,tt_event
1683,node connected highway and building,jmrileytoadhall,5180374,https://www.openstreetmap.org/#map=18/-2.186536/30.158189,189453148,https://www.openstreetmap.org/changeset/189453148,node,14212550653,2026-09-23T14:35:35Z,Rwanda,shared by highway way 679488162 and building way 1562030363,tt_event
1684,crossing highway,Amruta Sandip Patil,21771748,https://www.openstreetmap.org/#map=18/12.749561/74.879813,189453076,https://www.openstreetmap.org/changeset/189453076,way,1359430457,2026-09-23T14:33:43Z,India,crosses way 1392402321 without a shared junction node,tt_event
1686,building inside building,Agnes Petro,23585416,https://www.openstreetmap.org/#map=18/-6.372490/37.373094,189452986,https://www.openstreetmap.org/changeset/189452986,way,1561727455,2026-09-23T14:32:23Z,Tanzania,fully contained with/containing way 1561727463,tt_event
1687,crossing buildings,Agnes Petro,23585416,https://www.openstreetmap.org/#map=18/-6.372378/37.372813,189452986,https://www.openstreetmap.org/changeset/189452986,way,1561727457,2026-09-23T14:32:23Z,Tanzania,outline crosses way 1561727467 (26% area overlap),tt_event
1688,building inside building,Agnes Petro,23585416,https://www.openstreetmap.org/#map=18/-6.372644/37.373157,189452986,https://www.openstreetmap.org/changeset/189452986,way,1561727464,2026-09-23T14:32:23Z,Tanzania,fully contained with/containing way 1561660238,tt_event
1691,node connected highway and building,Agnes Petro,23585416,https://www.openstreetmap.org/#map=18/-6.372242/37.373542,189452986,https://www.openstreetmap.org/changeset/189452986,node,14209516044,2026-09-23T14:32:23Z,Tanzania,shared by highway way 1561727489 and building way 1561727474,tt_event
1692,node connected highway and building,Agnes Petro,23585416,https://www.openstreetmap.org/#map=18/-6.372242/37.373542,189452986,https://www.openstreetmap.org/changeset/189452986,node,14209516037,2026-09-23T14:32:23Z,Tanzania,shared by highway way 1561727489 and building way 1561727472,tt_event
1693,node connected highway and building,Agnes Petro,23585416,https://www.openstreetmap.org/#map=18/-6.372242/37.373542,189452986,https://www.openstreetmap.org/changeset/189452986,node,14209503574,2026-09-23T14:32:23Z,Tanzania,shared by highway way 1561727489 and building way 1561727457,tt_event
1699,duplicated node,Dnyaneshwarisolanke,23613325,https://www.openstreetmap.org/#map=18/10.830041/75.973746,189452895,https://www.openstreetmap.org/changeset/189452895,node,14209490743,2026-09-23T14:29:59Z,India,within 0.00m of pre-existing node 7346208984,tt_event
1701,crossing buildings,MSANGI AS,24430799,https://www.openstreetmap.org/#map=18/-6.373206/37.372509,189452858,https://www.openstreetmap.org/changeset/189452858,way,1561726999,2026-09-23T14:29:19Z,Tanzania,outline crosses way 1561715582 (4% area overlap),tt_event
1704,crossing buildings,MSANGI AS,24430799,https://www.openstreetmap.org/#map=18/-6.373164/37.371981,189452814,https://www.openstreetmap.org/changeset/189452814,way,1561726793,2026-09-23T14:28:17Z,Tanzania,outline crosses way 1561715560 (12% area overlap),tt_event
1705,crossing buildings,MSANGI AS,24430799,https://www.openstreetmap.org/#map=18/-6.372709/37.372112,189452814,https://www.openstreetmap.org/changeset/189452814,way,1561726794,2026-09-23T14:28:17Z,Tanzania,outline crosses way 1561715586 (72% area overlap),tt_event
1706,node connected highway and building,MSANGI AS,24430799,https://www.openstreetmap.org/#map=18/-6.372469/37.372020,189452814,https://www.openstreetmap.org/changeset/189452814,node,14209502345,2026-09-23T14:28:17Z,Tanzania,shared by highway way 1561725580 and building way 1561722190,tt_event
1707,node connected highway and building,MSANGI AS,24430799,https://www.openstreetmap.org/#map=18/-6.372469/37.372020,189452814,https://www.openstreetmap.org/changeset/189452814,node,14209475886,2026-09-23T14:28:17Z,Tanzania,shared by highway way 1561725580 and building way 1561722190,tt_event
1708,node connected highway and building,Dnyaneshwarisolanke,23613325,https://www.openstreetmap.org/#map=18/10.828859/76.024092,189452738,https://www.openstreetmap.org/changeset/189452738,node,3806652613,2026-09-23T14:26:27Z,India,shared by highway way 98716224 and building way 377292995,tt_event
1709,node connected highway and building,Dnyaneshwarisolanke,23613325,https://www.openstreetmap.org/#map=18/10.828859/76.024092,189452738,https://www.openstreetmap.org/changeset/189452738,node,1142039384,2026-09-23T14:26:27Z,India,shared by highway way 98716224 and building way 377292995,tt_event
1710,node connected highway and building,Dnyaneshwarisolanke,23613325,https://www.openstreetmap.org/#map=18/10.830010/76.023109,189452738,https://www.openstreetmap.org/changeset/189452738,node,1142040073,2026-09-23T14:26:27Z,India,shared by highway way 98716281 and building way 1223478084,tt_event
1711,node connected highway and building,Dnyaneshwarisolanke,23613325,https://www.openstreetmap.org/#map=18/10.830215/76.024548,189452738,https://www.openstreetmap.org/changeset/189452738,node,1142040341,2026-09-23T14:26:27Z,India,shared by highway way 98716322 and building way 1223481505,tt_event
1715,node connected highway and building,Benjiiiiiiiinho,20652857,https://www.openstreetmap.org/#map=18/-2.251215/30.217676,189452634,https://www.openstreetmap.org/changeset/189452634,node,14209548931,2026-09-23T14:23:50Z,Rwanda,shared by highway way 676163739 and building way 1561731101,tt_event
1716,node connected highway and building,Benjiiiiiiiinho,20652857,https://www.openstreetmap.org/#map=18/-2.251798/30.215335,189452634,https://www.openstreetmap.org/changeset/189452634,node,14209561916,2026-09-23T14:23:50Z,Rwanda,shared by highway way 676163741 and building way 1561732202,tt_event
1717,duplicated node,Agnes Petro,23585416,https://www.openstreetmap.org/#map=18/-6.371505/37.371368,189452548,https://www.openstreetmap.org/changeset/189452548,node,14209502329,2026-09-23T14:22:32Z,Tanzania,within 0.00m of pre-existing node 14209475897,tt_event
1718,crossing buildings,Agnes Petro,23585416,https://www.openstreetmap.org/#map=18/-6.372546/37.372320,189452548,https://www.openstreetmap.org/changeset/189452548,way,1561725540,2026-09-23T14:22:32Z,Tanzania,outline crosses way 1561725544 (22% area overlap),tt_event
1719,crossing buildings,Agnes Petro,23585416,https://www.openstreetmap.org/#map=18/-6.372546/37.372320,189452548,https://www.openstreetmap.org/changeset/189452548,way,1561725540,2026-09-23T14:22:32Z,Tanzania,outline crosses way 1561725543 (48% area overlap),tt_event
1720,crossing buildings,Agnes Petro,23585416,https://www.openstreetmap.org/#map=18/-6.372614/37.372677,189452548,https://www.openstreetmap.org/changeset/189452548,way,1561725558,2026-09-23T14:22:32Z,Tanzania,outline crosses way 1561727196 (27% area overlap),tt_event
1724,node connected highway and building,Agnes Petro,23585416,https://www.openstreetmap.org/#map=18/-6.372469/37.372020,189452548,https://www.openstreetmap.org/changeset/189452548,node,14209502345,2026-09-23T14:22:32Z,Tanzania,shared by highway way 1561725580 and building way 1561722190,tt_event
1725,node connected highway and building,Agnes Petro,23585416,https://www.openstreetmap.org/#map=18/-6.372469/37.372020,189452548,https://www.openstreetmap.org/changeset/189452548,node,14209475886,2026-09-23T14:22:32Z,Tanzania,shared by highway way 1561725580 and building way 1561722190,tt_event
1728,node connected highway and building,CasGroenigen,8821717,https://www.openstreetmap.org/#map=18/12.094871/-68.906475,189452409,https://www.openstreetmap.org/changeset/189452409,node,13998617878,2026-09-23T14:19:13Z,Netherlands,shared by highway way 1536654551 and building way 1500321887,tt_event
1732,node connected highway and building,KennyDap,21660928,https://www.openstreetmap.org/#map=18/33.512961/126.524810,189452375,https://www.openstreetmap.org/changeset/189452375,node,13948509182,2026-09-23T14:18:25Z,South Korea,shared by highway way 1530453676 and building way 1530453675,tt_event
1733,node connected highway and building,KennyDap,21660928,https://www.openstreetmap.org/#map=18/33.512968/126.524827,189452375,https://www.openstreetmap.org/changeset/189452375,node,13948509185,2026-09-23T14:18:25Z,South Korea,shared by highway way 1530453677 and building way 1530453675,tt_event
1734,node connected highway and building,KennyDap,21660928,https://www.openstreetmap.org/#map=18/33.513269/126.524909,189452375,https://www.openstreetmap.org/changeset/189452375,node,13948566672,2026-09-23T14:18:25Z,South Korea,shared by highway way 1530460090 and building way 1530460089,tt_event
1735,node connected highway and building,KennyDap,21660928,https://www.openstreetmap.org/#map=18/33.513290/126.524899,189452375,https://www.openstreetmap.org/changeset/189452375,node,13948566675,2026-09-23T14:18:25Z,South Korea,shared by highway way 1530460091 and building way 1530460089,tt_event
1736,node connected highway and building,KennyDap,21660928,https://www.openstreetmap.org/#map=18/33.513332/126.524472,189452375,https://www.openstreetmap.org/changeset/189452375,node,13948566676,2026-09-23T14:18:25Z,South Korea,shared by highway way 1530460093 and building way 1530460092,tt_event
1737,node connected highway and building,KennyDap,21660928,https://www.openstreetmap.org/#map=18/33.513320/126.524447,189452375,https://www.openstreetmap.org/changeset/189452375,node,13948566679,2026-09-23T14:18:25Z,South Korea,shared by highway way 1530460094 and building way 1530460092,tt_event
1738,node connected highway and building,KennyDap,21660928,https://www.openstreetmap.org/#map=18/33.513033/126.524412,189452375,https://www.openstreetmap.org/changeset/189452375,node,13948566689,2026-09-23T14:18:25Z,South Korea,shared by highway way 1530460097 and building way 1530460095,tt_event
1739,node connected highway and building,KennyDap,21660928,https://www.openstreetmap.org/#map=18/33.513014/126.524429,189452375,https://www.openstreetmap.org/changeset/189452375,node,13948566693,2026-09-23T14:18:25Z,South Korea,shared by highway way 1530460098 and building way 1530460095,tt_event
1740,node connected highway and building,KennyDap,21660928,https://www.openstreetmap.org/#map=18/33.515420/126.525129,189452375,https://www.openstreetmap.org/changeset/189452375,node,13964369931,2026-09-23T14:18:25Z,South Korea,shared by highway way 1532210278 and building way 1532210277,tt_event
1741,node connected highway and building,KennyDap,21660928,https://www.openstreetmap.org/#map=18/33.516836/126.524267,189452375,https://www.openstreetmap.org/changeset/189452375,node,13971549738,2026-09-23T14:18:25Z,South Korea,shared by highway way 1533140641 and building way 1533140611,tt_event
1742,duplicated node,Dnyaneshwarisolanke,23613325,https://www.openstreetmap.org/#map=18/10.747317/76.282110,189452341,https://www.openstreetmap.org/changeset/189452341,node,14209485338,2026-09-23T14:17:38Z,India,within 0.00m of pre-existing node 6165776406,tt_event
1743,duplicated node,Dnyaneshwarisolanke,23613325,https://www.openstreetmap.org/#map=18/10.747406/76.281760,189452341,https://www.openstreetmap.org/changeset/189452341,node,14209485339,2026-09-23T14:17:38Z,India,within 0.00m of pre-existing node 6165776402,tt_event
1750,duplicated node,Dnyaneshwarisolanke,23613325,https://www.openstreetmap.org/#map=18/10.722797/76.333393,189452132,https://www.openstreetmap.org/changeset/189452132,node,14209424048,2026-09-23T14:12:48Z,India,within 0.00m of pre-existing node 6312317550,tt_event
1753,crossing buildings,MSANGI AS,24430799,https://www.openstreetmap.org/#map=18/-6.372665/37.372695,189452905,https://www.openstreetmap.org/changeset/189452905,way,1561727196,2026-09-23T14:30:18Z,Tanzania,outline crosses way 1561715579 (47% area overlap),tt_event
1754,crossing buildings,MSANGI AS,24430799,https://www.openstreetmap.org/#map=18/-6.372665/37.372695,189452905,https://www.openstreetmap.org/changeset/189452905,way,1561727196,2026-09-23T14:30:18Z,Tanzania,outline crosses way 1561725558 (27% area overlap),tt_event
1755,crossing buildings,MSANGI AS,24430799,https://www.openstreetmap.org/#map=18/-6.372854/37.372607,189452905,https://www.openstreetmap.org/changeset/189452905,way,1561727197,2026-09-23T14:30:18Z,Tanzania,outline crosses way 1561715578 (56% area overlap),tt_event
1756,crossing buildings,MSANGI AS,24430799,https://www.openstreetmap.org/#map=18/-6.372876/37.372577,189452905,https://www.openstreetmap.org/changeset/189452905,way,1561727198,2026-09-23T14:30:18Z,Tanzania,outline crosses way 1561715578 (40% area overlap),tt_event
1757,duplicated node,Dnyaneshwarisolanke,23613325,https://www.openstreetmap.org/#map=18/10.748995/76.356790,189452054,https://www.openstreetmap.org/changeset/189452054,node,14209476403,2026-09-23T14:11:05Z,India,within 0.00m of pre-existing node 8620173267,tt_event
1758,duplicated node,Dnyaneshwarisolanke,23613325,https://www.openstreetmap.org/#map=18/10.748247/76.355884,189452054,https://www.openstreetmap.org/changeset/189452054,node,14209476406,2026-09-23T14:11:05Z,India,within 0.00m of pre-existing node 6184437482,tt_event
1764,duplicated node,Dnyaneshwarisolanke,23613325,https://www.openstreetmap.org/#map=18/10.733532/76.351192,189451990,https://www.openstreetmap.org/changeset/189451990,node,14209474717,2026-09-23T14:09:32Z,India,within 0.00m of pre-existing node 6247546168,tt_event
1767,crossing buildings,Agnes Petro,23585416,https://www.openstreetmap.org/#map=18/-6.391691/37.344838,189457532,https://www.openstreetmap.org/changeset/189457532,way,1561745784,2026-09-23T16:04:00Z,Tanzania,outline crosses way 1560249450 (13% area overlap),tt_event
1768,crossing buildings,Agnes Petro,23585416,https://www.openstreetmap.org/#map=18/-6.390543/37.344111,189457532,https://www.openstreetmap.org/changeset/189457532,way,1561745785,2026-09-23T16:04:00Z,Tanzania,outline crosses way 1561745786 (6% area overlap),tt_event
1769,crossing buildings,Agnes Petro,23585416,https://www.openstreetmap.org/#map=18/-6.390358/37.344700,189457532,https://www.openstreetmap.org/changeset/189457532,way,1561745788,2026-09-23T16:04:00Z,Tanzania,outline crosses way 1561745789 (13% area overlap),tt_event
1772,node connected highway and building,MSANGI AS,24430799,https://www.openstreetmap.org/#map=18/-6.371804/37.369284,189456978,https://www.openstreetmap.org/changeset/189456978,node,14209459077,2026-09-23T15:52:14Z,Tanzania,shared by highway way 1561721076 and building way 1561721049,tt_event
1773,node connected highway and building,MSANGI AS,24430799,https://www.openstreetmap.org/#map=18/-6.372469/37.372020,189456978,https://www.openstreetmap.org/changeset/189456978,node,14209502345,2026-09-23T15:52:14Z,Tanzania,shared by highway way 1561725580 and building way 1561722190,tt_event
1774,node connected highway and building,MSANGI AS,24430799,https://www.openstreetmap.org/#map=18/-6.372469/37.372020,189456978,https://www.openstreetmap.org/changeset/189456978,node,14209475886,2026-09-23T15:52:14Z,Tanzania,shared by highway way 1561725580 and building way 1561722190,tt_event
1779,overlapping highway,KennyDap,21660928,https://www.openstreetmap.org/#map=18/33.516595/126.524721,189452015,https://www.openstreetmap.org/changeset/189452015,way,1535910632,2026-09-23T14:10:15Z,South Korea,runs alongside existing way 1535910619 (both 'footway') for 100% of its length,tt_event
1781,node connected highway and building,KennyDap,21660928,https://www.openstreetmap.org/#map=18/33.516836/126.524267,189452015,https://www.openstreetmap.org/changeset/189452015,node,13971549738,2026-09-23T14:10:15Z,South Korea,shared by highway way 1533140641 and building way 1533140611,tt_event
1787,broken highway continuity,KennyDap,21660928,https://www.openstreetmap.org/#map=18/33.515366/126.526813,189455235,https://www.openstreetmap.org/changeset/189455235,way,1531881985,2026-09-23T15:18:44Z,South Korea,'관덕로15길' looks continuous but way 1531881985 and way 1533876767 are 4.43m apart with no shared node,tt_event
1794,node connected highway and building,KennyDap,21660928,https://www.openstreetmap.org/#map=18/33.514284/126.521955,189455235,https://www.openstreetmap.org/changeset/189455235,node,13942102170,2026-09-23T15:18:44Z,South Korea,shared by highway way 1529614141 and building way 371619784,tt_event
1795,node connected highway and building,KennyDap,21660928,https://www.openstreetmap.org/#map=18/33.513333/126.521616,189455235,https://www.openstreetmap.org/changeset/189455235,node,13942101962,2026-09-23T15:18:44Z,South Korea,shared by highway way 1530041999 and building way 288746175,tt_event
1796,node connected highway and building,KennyDap,21660928,https://www.openstreetmap.org/#map=18/33.512961/126.524810,189455235,https://www.openstreetmap.org/changeset/189455235,node,13948509182,2026-09-23T15:18:44Z,South Korea,shared by highway way 1530453676 and building way 1530453675,tt_event
1797,node connected highway and building,KennyDap,21660928,https://www.openstreetmap.org/#map=18/33.512968/126.524827,189455235,https://www.openstreetmap.org/changeset/189455235,node,13948509185,2026-09-23T15:18:44Z,South Korea,shared by highway way 1530453677 and building way 1530453675,tt_event
1798,node connected highway and building,KennyDap,21660928,https://www.openstreetmap.org/#map=18/33.513269/126.524909,189455235,https://www.openstreetmap.org/changeset/189455235,node,13948566672,2026-09-23T15:18:44Z,South Korea,shared by highway way 1530460090 and building way 1530460089,tt_event
1799,node connected highway and building,KennyDap,21660928,https://www.openstreetmap.org/#map=18/33.513290/126.524899,189455235,https://www.openstreetmap.org/changeset/189455235,node,13948566675,2026-09-23T15:18:44Z,South Korea,shared by highway way 1530460091 and building way 1530460089,tt_event
1800,node connected highway and building,KennyDap,21660928,https://www.openstreetmap.org/#map=18/33.513332/126.524472,189455235,https://www.openstreetmap.org/changeset/189455235,node,13948566676,2026-09-23T15:18:44Z,South Korea,shared by highway way 1530460093 and building way 1530460092,tt_event
1801,node connected highway and building,KennyDap,21660928,https://www.openstreetmap.org/#map=18/33.513320/126.524447,189455235,https://www.openstreetmap.org/changeset/189455235,node,13948566679,2026-09-23T15:18:44Z,South Korea,shared by highway way 1530460094 and building way 1530460092,tt_event
1802,node connected highway and building,KennyDap,21660928,https://www.openstreetmap.org/#map=18/33.513033/126.524412,189455235,https://www.openstreetmap.org/changeset/189455235,node,13948566689,2026-09-23T15:18:44Z,South Korea,shared by highway way 1530460097 and building way 1530460095,tt_event
1803,node connected highway and building,KennyDap,21660928,https://www.openstreetmap.org/#map=18/33.513014/126.524429,189455235,https://www.openstreetmap.org/changeset/189455235,node,13948566693,2026-09-23T15:18:44Z,South Korea,shared by highway way 1530460098 and building way 1530460095,tt_event
1804,node connected highway and building,KennyDap,21660928,https://www.openstreetmap.org/#map=18/33.513011/126.526520,189455235,https://www.openstreetmap.org/changeset/189455235,node,13954289053,2026-09-23T15:18:44Z,South Korea,shared by highway way 1531067877 and building way 1531067876,tt_event
1805,node connected highway and building,KennyDap,21660928,https://www.openstreetmap.org/#map=18/33.514730/126.528103,189455235,https://www.openstreetmap.org/changeset/189455235,node,13962483083,2026-09-23T15:18:44Z,South Korea,shared by highway way 1531952931 and building way 1531952932,tt_event
1806,node connected highway and building,KennyDap,21660928,https://www.openstreetmap.org/#map=18/33.515318/126.527001,189455235,https://www.openstreetmap.org/changeset/189455235,node,13962754082,2026-09-23T15:18:44Z,South Korea,shared by highway way 1531987554 and building way 1531987552,tt_event
1807,node connected highway and building,KennyDap,21660928,https://www.openstreetmap.org/#map=18/33.515794/126.526590,189455235,https://www.openstreetmap.org/changeset/189455235,node,13963623035,2026-09-23T15:18:44Z,South Korea,shared by highway way 1532107992 and building way 1532107991,tt_event
1808,node connected highway and building,KennyDap,21660928,https://www.openstreetmap.org/#map=18/33.516140/126.526588,189455235,https://www.openstreetmap.org/changeset/189455235,node,13964376630,2026-09-23T15:18:44Z,South Korea,shared by highway way 1532108066 and building way 1532108054,tt_event
1809,node connected highway and building,KennyDap,21660928,https://www.openstreetmap.org/#map=18/33.515205/126.526523,189455235,https://www.openstreetmap.org/changeset/189455235,node,13964306966,2026-09-23T15:18:44Z,South Korea,shared by highway way 1532210217 and building way 1532210216,tt_event
1810,node connected highway and building,KennyDap,21660928,https://www.openstreetmap.org/#map=18/33.515420/126.525129,189455235,https://www.openstreetmap.org/changeset/189455235,node,13964369931,2026-09-23T15:18:44Z,South Korea,shared by highway way 1532210278 and building way 1532210277,tt_event
1811,node connected highway and building,KennyDap,21660928,https://www.openstreetmap.org/#map=18/33.516235/126.525822,189455235,https://www.openstreetmap.org/changeset/189455235,node,13964376629,2026-09-23T15:18:44Z,South Korea,shared by highway way 1532211779 and building way 1532108031,tt_event
1812,node connected highway and building,KennyDap,21660928,https://www.openstreetmap.org/#map=18/33.515138/126.527519,189455235,https://www.openstreetmap.org/changeset/189455235,node,13964366119,2026-09-23T15:18:44Z,South Korea,shared by highway way 1532213534 and building way 1531987515,tt_event
1813,node connected highway and building,KennyDap,21660928,https://www.openstreetmap.org/#map=18/33.515151/126.527490,189455235,https://www.openstreetmap.org/changeset/189455235,node,13964366120,2026-09-23T15:18:44Z,South Korea,shared by highway way 1532213535 and building way 1531987529,tt_event
1814,node connected highway and building,KennyDap,21660928,https://www.openstreetmap.org/#map=18/33.514306/126.527632,189455235,https://www.openstreetmap.org/changeset/189455235,node,13966121983,2026-09-23T15:18:44Z,South Korea,shared by highway way 1532428310 and building way 1531952934,tt_event
1815,node connected highway and building,KennyDap,21660928,https://www.openstreetmap.org/#map=18/33.513597/126.526698,189455235,https://www.openstreetmap.org/changeset/189455235,node,13968042289,2026-09-23T15:18:44Z,South Korea,shared by highway way 1532691195 and building way 1532691193,tt_event
1816,node connected highway and building,KennyDap,21660928,https://www.openstreetmap.org/#map=18/33.513573/126.526606,189455235,https://www.openstreetmap.org/changeset/189455235,node,13968042290,2026-09-23T15:18:44Z,South Korea,shared by highway way 1532691196 and building way 1532691193,tt_event
1817,node connected highway and building,KennyDap,21660928,https://www.openstreetmap.org/#map=18/33.513572/126.526678,189455235,https://www.openstreetmap.org/changeset/189455235,node,13968042295,2026-09-23T15:18:44Z,South Korea,shared by highway way 1532691197 and building way 1532691193,tt_event
1818,node connected highway and building,KennyDap,21660928,https://www.openstreetmap.org/#map=18/33.513561/126.526782,189455235,https://www.openstreetmap.org/changeset/189455235,node,13968042300,2026-09-23T15:18:44Z,South Korea,shared by highway way 1532691198 and building way 1532691193,tt_event
1819,node connected highway and building,KennyDap,21660928,https://www.openstreetmap.org/#map=18/33.513175/126.526506,189455235,https://www.openstreetmap.org/changeset/189455235,node,13968287145,2026-09-23T15:18:44Z,South Korea,shared by highway way 1532719848 and building way 1532719847,tt_event
1820,node connected highway and building,KennyDap,21660928,https://www.openstreetmap.org/#map=18/33.513200/126.525697,189455235,https://www.openstreetmap.org/changeset/189455235,node,13968287169,2026-09-23T15:18:44Z,South Korea,shared by highway way 1532719852 and building way 1532719851,tt_event
1821,node connected highway and building,KennyDap,21660928,https://www.openstreetmap.org/#map=18/33.516836/126.524267,189455235,https://www.openstreetmap.org/changeset/189455235,node,13971549738,2026-09-23T15:18:44Z,South Korea,shared by highway way 1533140641 and building way 1533140611,tt_event
1822,node connected highway and building,KennyDap,21660928,https://www.openstreetmap.org/#map=18/33.516959/126.523806,189455235,https://www.openstreetmap.org/changeset/189455235,node,13971549739,2026-09-23T15:18:44Z,South Korea,shared by highway way 1533140642 and building way 1533140613,tt_event
1823,node connected highway and building,KennyDap,21660928,https://www.openstreetmap.org/#map=18/33.516862/126.520922,189455235,https://www.openstreetmap.org/changeset/189455235,node,13979310836,2026-09-23T15:18:44Z,South Korea,shared by highway way 1534126590 and building way 1534121333,tt_event
1824,node connected highway and building,KennyDap,21660928,https://www.openstreetmap.org/#map=18/33.516932/126.519913,189455235,https://www.openstreetmap.org/changeset/189455235,node,13979796999,2026-09-23T15:18:44Z,South Korea,shared by highway way 1534185510 and building way 1534185487,tt_event
1825,node connected highway and building,KennyDap,21660928,https://www.openstreetmap.org/#map=18/33.516891/126.519906,189455235,https://www.openstreetmap.org/changeset/189455235,node,13979797000,2026-09-23T15:18:44Z,South Korea,shared by highway way 1534185511 and building way 1534185487,tt_event
1826,node connected highway and building,KennyDap,21660928,https://www.openstreetmap.org/#map=18/33.515188/126.520931,189455235,https://www.openstreetmap.org/changeset/189455235,node,13987569712,2026-09-23T15:18:44Z,South Korea,shared by highway way 1535144760 and building way 1535144768,tt_event
1827,node connected highway and building,KennyDap,21660928,https://www.openstreetmap.org/#map=18/33.515286/126.524067,189455235,https://www.openstreetmap.org/changeset/189455235,node,13997696547,2026-09-23T15:18:44Z,South Korea,shared by highway way 1536798726 and building way 1536535818,tt_event
1828,node connected highway and building,KennyDap,21660928,https://www.openstreetmap.org/#map=18/33.513382/126.524082,189455235,https://www.openstreetmap.org/changeset/189455235,node,14000366201,2026-09-23T15:18:44Z,South Korea,shared by highway way 1536875566 and building way 375324386,tt_event
1829,node connected highway and building,KennyDap,21660928,https://www.openstreetmap.org/#map=18/33.513268/126.523680,189455235,https://www.openstreetmap.org/changeset/189455235,node,14000366243,2026-09-23T15:18:44Z,South Korea,shared by highway way 1536875574 and building way 1536875572,tt_event
1830,node connected highway and building,KennyDap,21660928,https://www.openstreetmap.org/#map=18/33.514822/126.521882,189455235,https://www.openstreetmap.org/changeset/189455235,node,14001214769,2026-09-23T15:18:44Z,South Korea,shared by highway way 1536986964 and building way 1151111605,tt_event
1831,node connected highway and building,KennyDap,21660928,https://www.openstreetmap.org/#map=18/33.514259/126.522093,189455235,https://www.openstreetmap.org/changeset/189455235,node,6787234556,2026-09-23T15:18:44Z,South Korea,shared by highway way 1537196410 and building way 371619785,tt_event
1832,node connected highway and building,KennyDap,21660928,https://www.openstreetmap.org/#map=18/33.513345/126.522407,189455235,https://www.openstreetmap.org/changeset/189455235,node,14002616380,2026-09-23T15:18:44Z,South Korea,shared by highway way 1537196418 and building way 1537196417,tt_event
1833,node connected highway and building,KennyDap,21660928,https://www.openstreetmap.org/#map=18/33.514494/126.522308,189455235,https://www.openstreetmap.org/changeset/189455235,node,13942102161,2026-09-23T15:18:44Z,South Korea,shared by highway way 1537331666 and building way 371619785,tt_event
1834,node connected highway and building,KennyDap,21660928,https://www.openstreetmap.org/#map=18/33.513281/126.523129,189455235,https://www.openstreetmap.org/changeset/189455235,node,14003679571,2026-09-23T15:18:44Z,South Korea,shared by highway way 1537341649 and building way 1537341646,tt_event
1835,node connected highway and building,KennyDap,21660928,https://www.openstreetmap.org/#map=18/33.513338/126.523082,189455235,https://www.openstreetmap.org/changeset/189455235,node,14003679580,2026-09-23T15:18:44Z,South Korea,shared by highway way 1537341651 and building way 371619786,tt_event
1836,node connected highway and building,KennyDap,21660928,https://www.openstreetmap.org/#map=18/33.513899/126.522898,189455235,https://www.openstreetmap.org/changeset/189455235,node,14003679583,2026-09-23T15:18:44Z,South Korea,shared by highway way 1537341653 and building way 1537341612,tt_event
1837,node connected highway and building,KennyDap,21660928,https://www.openstreetmap.org/#map=18/33.513126/126.523230,189455235,https://www.openstreetmap.org/changeset/189455235,node,14020904032,2026-09-23T15:18:44Z,South Korea,shared by highway way 1539865774 and building way 1539865769,tt_event
1838,node connected highway and building,KennyDap,21660928,https://www.openstreetmap.org/#map=18/33.513143/126.522832,189455235,https://www.openstreetmap.org/changeset/189455235,node,14020904038,2026-09-23T15:18:44Z,South Korea,shared by highway way 1539865775 and building way 1539865772,tt_event
1839,node connected highway and building,KennyDap,21660928,https://www.openstreetmap.org/#map=18/33.513160/126.522411,189455235,https://www.openstreetmap.org/changeset/189455235,node,14020904048,2026-09-23T15:18:44Z,South Korea,shared by highway way 1539865776 and building way 1539865773,tt_event
1840,node connected highway and building,KennyDap,21660928,https://www.openstreetmap.org/#map=18/33.513103/126.523673,189455235,https://www.openstreetmap.org/changeset/189455235,node,14022481266,2026-09-23T15:18:44Z,South Korea,shared by highway way 1540050100 and building way 1540050099,tt_event
1841,node connected highway and building,Athumani Msangi,24430799,https://www.openstreetmap.org/#map=18/-6.354044/37.393492,189454834,https://www.openstreetmap.org/changeset/189454834,node,9249964315,2026-09-23T15:10:01Z,Tanzania,shared by highway way 863714508 and building way 1002227130,tt_event
1842,node connected highway and building,Athumani Msangi,24430799,https://www.openstreetmap.org/#map=18/-6.353858/37.393889,189454834,https://www.openstreetmap.org/changeset/189454834,node,9249964335,2026-09-23T15:10:01Z,Tanzania,shared by highway way 872243109 and building way 1002227135,tt_event
1843,node connected highway and building,Athumani Msangi,24430799,https://www.openstreetmap.org/#map=18/-6.353858/37.393889,189454834,https://www.openstreetmap.org/changeset/189454834,node,9249964334,2026-09-23T15:10:01Z,Tanzania,shared by highway way 872243109 and building way 1002227135,tt_event
1844,node connected highway and building,Athumani Msangi,24430799,https://www.openstreetmap.org/#map=18/-6.371804/37.369284,189454834,https://www.openstreetmap.org/changeset/189454834,node,14209459077,2026-09-23T15:10:01Z,Tanzania,shared by highway way 1561721076 and building way 1561721049,tt_event
1845,node connected highway and building,Athumani Msangi,24430799,https://www.openstreetmap.org/#map=18/-6.372469/37.372020,189454834,https://www.openstreetmap.org/changeset/189454834,node,14209502345,2026-09-23T15:10:01Z,Tanzania,shared by highway way 1561725580 and building way 1561722190,tt_event
1846,node connected highway and building,Athumani Msangi,24430799,https://www.openstreetmap.org/#map=18/-6.372469/37.372020,189454834,https://www.openstreetmap.org/changeset/189454834,node,14209475886,2026-09-23T15:10:01Z,Tanzania,shared by highway way 1561725580 and building way 1561722190,tt_event
1847,crossing buildings,SUNDAY_GODFREY,23115816,https://www.openstreetmap.org/#map=18/-6.389762/37.341385,189460420,https://www.openstreetmap.org/changeset/189460420,way,1561757804,2026-09-23T17:07:24Z,Tanzania,outline crosses way 1561894614 (5% area overlap),tt_event
1848,building inside building,benrat,24584058,https://www.openstreetmap.org/#map=18/-15.390947/28.271295,189460417,https://www.openstreetmap.org/changeset/189460417,way,1561757779,2026-09-23T17:07:20Z,Zambia,fully contained with/containing way 1395268793,tt_event
1849,crossing buildings,benrat,24584058,https://www.openstreetmap.org/#map=18/-15.390890/28.271460,189460417,https://www.openstreetmap.org/changeset/189460417,way,1561757780,2026-09-23T17:07:20Z,Zambia,outline crosses way 1395268794 (69% area overlap),tt_event
1850,crossing buildings,benrat,24584058,https://www.openstreetmap.org/#map=18/-15.390841/28.271583,189460417,https://www.openstreetmap.org/changeset/189460417,way,1561757781,2026-09-23T17:07:20Z,Zambia,outline crosses way 1395268794 (6% area overlap),tt_event
1851,crossing buildings,benrat,24584058,https://www.openstreetmap.org/#map=18/-15.391167/28.271473,189460417,https://www.openstreetmap.org/changeset/189460417,way,1561757783,2026-09-23T17:07:20Z,Zambia,outline crosses way 1395305633 (95% area overlap),tt_event
1852,crossing buildings,benrat,24584058,https://www.openstreetmap.org/#map=18/-15.389955/28.270788,189460417,https://www.openstreetmap.org/changeset/189460417,way,1561757790,2026-09-23T17:07:20Z,Zambia,outline crosses way 1395268795 (51% area overlap),tt_event
1853,crossing buildings,benrat,24584058,https://www.openstreetmap.org/#map=18/-15.389841/28.270678,189460417,https://www.openstreetmap.org/changeset/189460417,way,1561757791,2026-09-23T17:07:20Z,Zambia,outline crosses way 1395268795 (20% area overlap),tt_event
1854,crossing buildings,benrat,24584058,https://www.openstreetmap.org/#map=18/-15.389841/28.270678,189460417,https://www.openstreetmap.org/changeset/189460417,way,1561757791,2026-09-23T17:07:20Z,Zambia,outline crosses way 1395268804 (91% area overlap),tt_event
1855,crossing buildings,benrat,24584058,https://www.openstreetmap.org/#map=18/-15.390980/28.271774,189460417,https://www.openstreetmap.org/changeset/189460417,way,1561757796,2026-09-23T17:07:20Z,Zambia,outline crosses way 1395268851 (100% area overlap),tt_event
1859,node connected highway and building,SUNDAY_GODFREY,23115816,https://www.openstreetmap.org/#map=18/-6.375882/37.321250,189460195,https://www.openstreetmap.org/changeset/189460195,node,14209787689,2026-09-23T17:01:49Z,Tanzania,shared by highway way 1561756729 and building way 1561341573,tt_event
1862,node connected highway and building,SUNDAY_GODFREY,23115816,https://www.openstreetmap.org/#map=18/-6.375821/37.321381,189460080,https://www.openstreetmap.org/changeset/189460080,node,14206292815,2026-09-23T16:59:20Z,Tanzania,shared by highway way 1561756550 and building way 1561341573,tt_event
1863,node connected highway and building,SUNDAY_GODFREY,23115816,https://www.openstreetmap.org/#map=18/-6.375882/37.321250,189460080,https://www.openstreetmap.org/changeset/189460080,node,14209787689,2026-09-23T16:59:20Z,Tanzania,shared by highway way 1561756729 and building way 1561341573,tt_event
1864,crossing buildings,SUNDAY_GODFREY,23115816,https://www.openstreetmap.org/#map=18/-6.375347/37.321504,189460005,https://www.openstreetmap.org/changeset/189460005,way,1561755937,2026-09-23T16:57:27Z,Tanzania,outline crosses way 1561968607 (11% area overlap),tt_event
1865,node connected highway and building,SUNDAY_GODFREY,23115816,https://www.openstreetmap.org/#map=18/-6.375821/37.321381,189459773,https://www.openstreetmap.org/changeset/189459773,node,14206292815,2026-09-23T16:52:37Z,Tanzania,shared by highway way 1561756550 and building way 1561341573,tt_event
1866,node connected highway and building,SUNDAY_GODFREY,23115816,https://www.openstreetmap.org/#map=18/-6.375882/37.321250,189459773,https://www.openstreetmap.org/changeset/189459773,node,14209787689,2026-09-23T16:52:37Z,Tanzania,shared by highway way 1561756729 and building way 1561341573,tt_event
1867,node connected highway and building,SUNDAY_GODFREY,23115816,https://www.openstreetmap.org/#map=18/-6.375821/37.321381,189459707,https://www.openstreetmap.org/changeset/189459707,node,14206292815,2026-09-23T16:51:06Z,Tanzania,shared by highway way 1561756550 and building way 1561341573,tt_event
1868,node connected highway and building,SUNDAY_GODFREY,23115816,https://www.openstreetmap.org/#map=18/-6.375882/37.321250,189459707,https://www.openstreetmap.org/changeset/189459707,node,14209787689,2026-09-23T16:51:06Z,Tanzania,shared by highway way 1561756729 and building way 1561341573,tt_event
1869,node connected highway and building,SUNDAY_GODFREY,23115816,https://www.openstreetmap.org/#map=18/-6.375821/37.321381,189459688,https://www.openstreetmap.org/changeset/189459688,node,14206292815,2026-09-23T16:50:31Z,Tanzania,shared by highway way 1561756550 and building way 1561341573,tt_event
1870,node connected highway and building,SUNDAY_GODFREY,23115816,https://www.openstreetmap.org/#map=18/-6.375882/37.321250,189459688,https://www.openstreetmap.org/changeset/189459688,node,14209787689,2026-09-23T16:50:31Z,Tanzania,shared by highway way 1561756729 and building way 1561341573,tt_event
1871,node connected highway and building,SUNDAY_GODFREY,23115816,https://www.openstreetmap.org/#map=18/-6.375821/37.321381,189459654,https://www.openstreetmap.org/changeset/189459654,node,14206292815,2026-09-23T16:49:25Z,Tanzania,shared by highway way 1561756550 and building way 1561341573,tt_event
1872,node connected highway and building,SUNDAY_GODFREY,23115816,https://www.openstreetmap.org/#map=18/-6.375882/37.321250,189459654,https://www.openstreetmap.org/changeset/189459654,node,14209787689,2026-09-23T16:49:25Z,Tanzania,shared by highway way 1561756729 and building way 1561341573,tt_event
1873,crossing highway,Agnes Petro,23585416,https://www.openstreetmap.org/#map=18/-6.382870/37.327337,189459585,https://www.openstreetmap.org/changeset/189459585,way,1561754030,2026-09-23T16:47:58Z,Tanzania,crosses way 1561932859 without a shared junction node,tt_event
1876,node connected highway and building,Agnes Petro,23585416,https://www.openstreetmap.org/#map=18/-6.382526/37.326194,189459585,https://www.openstreetmap.org/changeset/189459585,node,14209757889,2026-09-23T16:47:58Z,Tanzania,shared by highway way 1561754032 and building way 1561754019,tt_event
1881,feature mapped without primary tag,Muhamad Rafka Agustian_,24589433,https://www.openstreetmap.org/#map=18/-8.054939/111.714817,189570015,https://www.openstreetmap.org/changeset/189570015,node,3311565074,2026-09-26T04:08:54Z,Indonesia,node 3311565074: tags present but none are a primary key: ['name'],tt_event
1883,node connected highway and building,SUNDAY_GODFREY,23115816,https://www.openstreetmap.org/#map=18/-6.375821/37.321381,189460096,https://www.openstreetmap.org/changeset/189460096,node,14206292815,2026-09-23T17:00:02Z,Tanzania,shared by highway way 1561756550 and building way 1561341573,tt_event
1884,node connected highway and building,SUNDAY_GODFREY,23115816,https://www.openstreetmap.org/#map=18/-6.375882/37.321250,189460096,https://www.openstreetmap.org/changeset/189460096,node,14209787689,2026-09-23T17:00:02Z,Tanzania,shared by highway way 1561756729 and building way 1561341573,tt_event
1886,node connected highway and building,SUNDAY_GODFREY,23115816,https://www.openstreetmap.org/#map=18/-6.375821/37.321381,189460040,https://www.openstreetmap.org/changeset/189460040,node,14206292815,2026-09-23T16:58:19Z,Tanzania,shared by highway way 1561756550 and building way 1561341573,tt_event
1887,node connected highway and building,SUNDAY_GODFREY,23115816,https://www.openstreetmap.org/#map=18/-6.375882/37.321250,189460040,https://www.openstreetmap.org/changeset/189460040,node,14209787689,2026-09-23T16:58:19Z,Tanzania,shared by highway way 1561756729 and building way 1561341573,tt_event
1888,node connected highway and building,SUNDAY_GODFREY,23115816,https://www.openstreetmap.org/#map=18/-6.375821/37.321381,189459804,https://www.openstreetmap.org/changeset/189459804,node,14206292815,2026-09-23T16:53:24Z,Tanzania,shared by highway way 1561756550 and building way 1561341573,tt_event
1889,node connected highway and building,SUNDAY_GODFREY,23115816,https://www.openstreetmap.org/#map=18/-6.375882/37.321250,189459804,https://www.openstreetmap.org/changeset/189459804,node,14209787689,2026-09-23T16:53:24Z,Tanzania,shared by highway way 1561756729 and building way 1561341573,tt_event
1890,crossing buildings,Agnes Petro,23585416,https://www.openstreetmap.org/#map=18/-6.385531/37.328292,189459694,https://www.openstreetmap.org/changeset/189459694,way,1561754744,2026-09-23T16:50:41Z,Tanzania,outline crosses way 1559009118 (93% area overlap),tt_event
1892,node connected highway and building,Agnes Petro,23585416,https://www.openstreetmap.org/#map=18/-6.385096/37.326405,189459694,https://www.openstreetmap.org/changeset/189459694,node,14209744286,2026-09-23T16:50:41Z,Tanzania,shared by highway way 1145089391 and building way 1561754745,tt_event
1894,node connected highway and building,SUNDAY_GODFREY,23115816,https://www.openstreetmap.org/#map=18/-6.375821/37.321381,189459487,https://www.openstreetmap.org/changeset/189459487,node,14206292815,2026-09-23T16:45:49Z,Tanzania,shared by highway way 1561756550 and building way 1561341573,tt_event
1895,node connected highway and building,SUNDAY_GODFREY,23115816,https://www.openstreetmap.org/#map=18/-6.375882/37.321250,189459487,https://www.openstreetmap.org/changeset/189459487,node,14209787689,2026-09-23T16:45:49Z,Tanzania,shared by highway way 1561756729 and building way 1561341573,tt_event
1896,node connected highway and building,SUNDAY_GODFREY,23115816,https://www.openstreetmap.org/#map=18/-6.375821/37.321381,189459379,https://www.openstreetmap.org/changeset/189459379,node,14206292815,2026-09-23T16:43:12Z,Tanzania,shared by highway way 1561756550 and building way 1561341573,tt_event
1897,node connected highway and building,SUNDAY_GODFREY,23115816,https://www.openstreetmap.org/#map=18/-6.375882/37.321250,189459379,https://www.openstreetmap.org/changeset/189459379,node,14209787689,2026-09-23T16:43:12Z,Tanzania,shared by highway way 1561756729 and building way 1561341573,tt_event
1898,node connected highway and building,SUNDAY_GODFREY,23115816,https://www.openstreetmap.org/#map=18/-6.375821/37.321381,189459356,https://www.openstreetmap.org/changeset/189459356,node,14206292815,2026-09-23T16:42:42Z,Tanzania,shared by highway way 1561756550 and building way 1561341573,tt_event
1899,node connected highway and building,SUNDAY_GODFREY,23115816,https://www.openstreetmap.org/#map=18/-6.375821/37.321381,189459336,https://www.openstreetmap.org/changeset/189459336,node,14206292815,2026-09-23T16:42:08Z,Tanzania,shared by highway way 1561756550 and building way 1561341573,tt_event
1900,node connected highway and building,SUNDAY_GODFREY,23115816,https://www.openstreetmap.org/#map=18/-6.375882/37.321250,189459336,https://www.openstreetmap.org/changeset/189459336,node,14209787689,2026-09-23T16:42:08Z,Tanzania,shared by highway way 1561756729 and building way 1561341573,tt_event
1901,node connected highway and building,SUNDAY_GODFREY,23115816,https://www.openstreetmap.org/#map=18/-6.375821/37.321381,189459305,https://www.openstreetmap.org/changeset/189459305,node,14206292815,2026-09-23T16:41:29Z,Tanzania,shared by highway way 1561756550 and building way 1561341573,tt_event
1902,node connected highway and building,SUNDAY_GODFREY,23115816,https://www.openstreetmap.org/#map=18/-6.375882/37.321250,189459305,https://www.openstreetmap.org/changeset/189459305,node,14209787689,2026-09-23T16:41:29Z,Tanzania,shared by highway way 1561756729 and building way 1561341573,tt_event
1904,node connected highway and building,SUNDAY_GODFREY,23115816,https://www.openstreetmap.org/#map=18/-6.375821/37.321381,189459256,https://www.openstreetmap.org/changeset/189459256,node,14206292815,2026-09-23T16:40:31Z,Tanzania,shared by highway way 1561756550 and building way 1561341573,tt_event
1905,node connected highway and building,SUNDAY_GODFREY,23115816,https://www.openstreetmap.org/#map=18/-6.375882/37.321250,189459256,https://www.openstreetmap.org/changeset/189459256,node,14209787689,2026-09-23T16:40:31Z,Tanzania,shared by highway way 1561756729 and building way 1561341573,tt_event
1907,node connected highway and building,SUNDAY_GODFREY,23115816,https://www.openstreetmap.org/#map=18/-6.375821/37.321381,189459439,https://www.openstreetmap.org/changeset/189459439,node,14206292815,2026-09-23T16:44:17Z,Tanzania,shared by highway way 1561756550 and building way 1561341573,tt_event
1908,node connected highway and building,SUNDAY_GODFREY,23115816,https://www.openstreetmap.org/#map=18/-6.375882/37.321250,189459439,https://www.openstreetmap.org/changeset/189459439,node,14209787689,2026-09-23T16:44:17Z,Tanzania,shared by highway way 1561756729 and building way 1561341573,tt_event
1909,unclear changeset comment,Amol_Pawar,24098318,https://www.openstreetmap.org/#map=18/18.523856/73.780243,189575264,https://www.openstreetmap.org/changeset/189575264,changeset,189575264,2026-09-26T08:03:56Z,India,changeset 189575264: comment too short to be informative: 'POI added',tt_event
1910,unclear changeset comment,Amol_Pawar,24098318,https://www.openstreetmap.org/#map=18/18.523935/73.780285,189575134,https://www.openstreetmap.org/changeset/189575134,changeset,189575134,2026-09-26T07:59:44Z,India,changeset 189575134: comment too short to be informative: 'POI added',tt_event
1911,unclear changeset comment,Amol_Pawar,24098318,https://www.openstreetmap.org/#map=18/18.523546/73.780535,189574936,https://www.openstreetmap.org/changeset/189574936,changeset,189574936,2026-09-26T07:53:18Z,India,changeset 189574936: comment too short to be informative: 'POI added',tt_event
1912,unclear changeset comment,Amol_Pawar,24098318,https://www.openstreetmap.org/#map=18/18.523433/73.780546,189574583,https://www.openstreetmap.org/changeset/189574583,changeset,189574583,2026-09-26T07:43:38Z,India,changeset 189574583: comment too short to be informative: 'POI added',tt_event
1913,unclear changeset comment,Amol_Pawar,24098318,https://www.openstreetmap.org/#map=18/18.523380/73.780542,189574468,https://www.openstreetmap.org/changeset/189574468,changeset,189574468,2026-09-26T07:40:12Z,India,changeset 189574468: comment too short to be informative: 'POI added',tt_event
1914,unclear changeset comment,Amol_Pawar,24098318,https://www.openstreetmap.org/#map=18/18.523464/73.780513,189574142,https://www.openstreetmap.org/changeset/189574142,changeset,189574142,2026-09-26T07:29:59Z,India,changeset 189574142: comment too short to be informative: 'POI added',tt_event
1915,unclear changeset comment,Amol_Pawar,24098318,https://www.openstreetmap.org/#map=18/18.523795/73.780599,189573936,https://www.openstreetmap.org/changeset/189573936,changeset,189573936,2026-09-26T07:23:37Z,India,changeset 189573936: comment too short to be informative: 'POI added',tt_event
1916,unclear changeset comment,Amol_Pawar,24098318,https://www.openstreetmap.org/#map=18/18.523824/73.780617,189573788,https://www.openstreetmap.org/changeset/189573788,changeset,189573788,2026-09-26T07:20:32Z,India,changeset 189573788: comment too short to be informative: 'POI added',tt_event
1918,unclear changeset comment,Amol_Pawar,24098318,https://www.openstreetmap.org/#map=18/18.510204/73.773807,189576840,https://www.openstreetmap.org/changeset/189576840,changeset,189576840,2026-09-26T08:46:41Z,India,changeset 189576840: comment too short to be informative: 'POI added',tt_event
1919,unclear changeset comment,Amol_Pawar,24098318,https://www.openstreetmap.org/#map=18/18.510926/73.772877,189576746,https://www.openstreetmap.org/changeset/189576746,changeset,189576746,2026-09-26T08:44:10Z,India,changeset 189576746: comment too short to be informative: 'POI added',tt_event
1920,unclear changeset comment,Amol_Pawar,24098318,https://www.openstreetmap.org/#map=18/18.511095/73.772638,189576514,https://www.openstreetmap.org/changeset/189576514,changeset,189576514,2026-09-26T08:38:14Z,India,changeset 189576514: comment too short to be informative: 'POI added',tt_event
1921,unclear changeset comment,Amol_Pawar,24098318,https://www.openstreetmap.org/#map=18/18.519552/73.768082,189575760,https://www.openstreetmap.org/changeset/189575760,changeset,189575760,2026-09-26T08:19:40Z,India,changeset 189575760: comment too short to be informative: 'POI added',tt_event
1922,unclear changeset comment,Amol_Pawar,24098318,https://www.openstreetmap.org/#map=18/18.536113/73.766353,189575434,https://www.openstreetmap.org/changeset/189575434,changeset,189575434,2026-09-26T08:10:01Z,India,changeset 189575434: comment too short to be informative: 'POI added',tt_event
1923,crossing buildings,Agnes Petro,23585416,https://www.openstreetmap.org/#map=18/-6.390888/37.334877,189458471,https://www.openstreetmap.org/changeset/189458471,way,1561749789,2026-09-23T16:24:07Z,Tanzania,outline crosses way 1559897449 (2% area overlap),tt_event
1924,crossing buildings,Agnes Petro,23585416,https://www.openstreetmap.org/#map=18/-6.390848/37.333867,189458256,https://www.openstreetmap.org/changeset/189458256,way,1561748859,2026-09-23T16:20:10Z,Tanzania,outline crosses way 1561748861 (3% area overlap),tt_event
1926,node connected highway and building,Agnes Petro,23585416,https://www.openstreetmap.org/#map=18/-6.390473/37.333745,189458256,https://www.openstreetmap.org/changeset/189458256,node,14209680178,2026-09-23T16:20:10Z,Tanzania,shared by highway way 1145073699 and building way 1561748865,tt_event
1933,node connected highway and building,Agnes Petro,23585416,https://www.openstreetmap.org/#map=18/-6.390328/37.342662,189457721,https://www.openstreetmap.org/changeset/189457721,node,14209660492,2026-09-23T16:08:38Z,Tanzania,shared by highway way 1145093243 and building way 1561746367,tt_event
1934,crossing highway,Agnes Petro,23585416,https://www.openstreetmap.org/#map=18/-6.446641/37.423527,189462748,https://www.openstreetmap.org/changeset/189462748,way,1561731896,2026-09-23T18:02:04Z,Tanzania,crosses way 1561892423 without a shared junction node,tt_event
1940,node connected highway and building,SUNDAY_GODFREY,23115816,https://www.openstreetmap.org/#map=18/-6.353858/37.393889,189462649,https://www.openstreetmap.org/changeset/189462649,node,9249964335,2026-09-23T17:59:49Z,Tanzania,shared by highway way 872243109 and building way 1002227135,tt_event
1941,node connected highway and building,SUNDAY_GODFREY,23115816,https://www.openstreetmap.org/#map=18/-6.353858/37.393889,189462649,https://www.openstreetmap.org/changeset/189462649,node,9249964334,2026-09-23T17:59:49Z,Tanzania,shared by highway way 872243109 and building way 1002227135,tt_event
1942,node connected highway and building,SUNDAY_GODFREY,23115816,https://www.openstreetmap.org/#map=18/-6.353858/37.393889,189462620,https://www.openstreetmap.org/changeset/189462620,node,9249964335,2026-09-23T17:59:07Z,Tanzania,shared by highway way 872243109 and building way 1002227135,tt_event
1943,node connected highway and building,SUNDAY_GODFREY,23115816,https://www.openstreetmap.org/#map=18/-6.353858/37.393889,189462620,https://www.openstreetmap.org/changeset/189462620,node,9249964334,2026-09-23T17:59:07Z,Tanzania,shared by highway way 872243109 and building way 1002227135,tt_event
1944,crossing buildings,Agnes Petro,23585416,https://www.openstreetmap.org/#map=18/-6.449087/37.421411,189462534,https://www.openstreetmap.org/changeset/189462534,way,1561766952,2026-09-23T17:57:12Z,Tanzania,outline crosses way 1558991249 (26% area overlap),tt_event
1947,unclear changeset comment,Amol_Pawar,24098318,https://www.openstreetmap.org/#map=18/18.511677/73.774287,189579604,https://www.openstreetmap.org/changeset/189579604,changeset,189579604,2026-09-26T09:55:15Z,India,changeset 189579604: comment too short to be informative: 'POI added',tt_event
1948,unclear changeset comment,Amol_Pawar,24098318,https://www.openstreetmap.org/#map=18/18.511675/73.774220,189579459,https://www.openstreetmap.org/changeset/189579459,changeset,189579459,2026-09-26T09:52:22Z,India,changeset 189579459: comment too short to be informative: 'POI added',tt_event
1949,unclear changeset comment,Amol_Pawar,24098318,https://www.openstreetmap.org/#map=18/18.511673/73.774184,189579378,https://www.openstreetmap.org/changeset/189579378,changeset,189579378,2026-09-26T09:50:27Z,India,changeset 189579378: comment too short to be informative: 'POI added',tt_event
1950,unclear changeset comment,Amol_Pawar,24098318,https://www.openstreetmap.org/#map=18/18.511668/73.774141,189579183,https://www.openstreetmap.org/changeset/189579183,changeset,189579183,2026-09-26T09:46:10Z,India,changeset 189579183: comment too short to be informative: 'POI added',tt_event
1951,unclear changeset comment,Amol_Pawar,24098318,https://www.openstreetmap.org/#map=18/18.511669/73.774044,189579064,https://www.openstreetmap.org/changeset/189579064,changeset,189579064,2026-09-26T09:43:16Z,India,changeset 189579064: comment too short to be informative: 'POI added',tt_event
1952,unclear changeset comment,Amol_Pawar,24098318,https://www.openstreetmap.org/#map=18/18.511642/73.774091,189578731,https://www.openstreetmap.org/changeset/189578731,changeset,189578731,2026-09-26T09:35:05Z,India,changeset 189578731: comment too short to be informative: 'POI added',tt_event
1953,unclear changeset comment,Darshanrm,24594710,https://www.openstreetmap.org/#map=18/10.759270/76.720377,189578448,https://www.openstreetmap.org/changeset/189578448,changeset,189578448,2026-09-26T09:28:15Z,India,changeset 189578448: comment too short to be informative: 'Added',tt_event
1954,unclear changeset comment,RAVEENA RAVEENDRAN,24594760,https://www.openstreetmap.org/#map=18/10.770740/76.633864,189578324,https://www.openstreetmap.org/changeset/189578324,changeset,189578324,2026-09-26T09:25:39Z,India,changeset 189578324: comment too short to be informative: 'house',tt_event
1955,unclear changeset comment,Amol_Pawar,24098318,https://www.openstreetmap.org/#map=18/18.511718/73.774401,189578289,https://www.openstreetmap.org/changeset/189578289,changeset,189578289,2026-09-26T09:25:14Z,India,changeset 189578289: comment too short to be informative: 'POI added',tt_event
1956,unclear changeset comment,Allgoo,24594882,https://www.openstreetmap.org/#map=18/10.660888/76.768258,189578203,https://www.openstreetmap.org/changeset/189578203,changeset,189578203,2026-09-26T09:24:04Z,India,changeset 189578203: comment too short to be informative: 'house',tt_event
1957,unclear changeset comment,EDA_MONEE,24594718,https://www.openstreetmap.org/#map=18/10.653810/76.688383,189578008,https://www.openstreetmap.org/changeset/189578008,changeset,189578008,2026-09-26T09:19:34Z,India,changeset 189578008: comment too short to be informative: 'house',tt_event
1958,unclear changeset comment,Amol_Pawar,24098318,https://www.openstreetmap.org/#map=18/18.511689/73.772237,189577831,https://www.openstreetmap.org/changeset/189577831,changeset,189577831,2026-09-26T09:14:38Z,India,changeset 189577831: comment too short to be informative: 'POI added',tt_event
1961,crossing highway,SUNDAY_GODFREY,23115816,https://www.openstreetmap.org/#map=18/-6.351196/37.393912,189462499,https://www.openstreetmap.org/changeset/189462499,way,1561766881,2026-09-23T17:56:36Z,Tanzania,crosses way 1561766938 without a shared junction node,tt_event
1964,crossing buildings,Agnes Petro,23585416,https://www.openstreetmap.org/#map=18/-6.450323/37.420484,189462321,https://www.openstreetmap.org/changeset/189462321,way,1561766133,2026-09-23T17:52:00Z,Tanzania,outline crosses way 1561766134 (4% area overlap),tt_event
1965,crossing buildings,Agnes Petro,23585416,https://www.openstreetmap.org/#map=18/-6.449412/37.420788,189462321,https://www.openstreetmap.org/changeset/189462321,way,1561766149,2026-09-23T17:52:00Z,Tanzania,outline crosses way 1561766150 (7% area overlap),tt_event
1971,crossing highway,Agnes Petro,23585416,https://www.openstreetmap.org/#map=18/-6.450671/37.425841,189461934,https://www.openstreetmap.org/changeset/189461934,way,1561763576,2026-09-23T17:42:05Z,Tanzania,crosses way 1562591297 without a shared junction node,tt_event
1975,duplicated node,Jaspe Gentille,24313651,https://www.openstreetmap.org/#map=18/-9.762880/28.767706,189461916,https://www.openstreetmap.org/changeset/189461916,node,14209821700,2026-09-23T17:41:44Z,Zambia,within 0.00m of pre-existing node 14194636304,tt_event
1979,duplicated node,Jaspe Gentille,24313651,https://www.openstreetmap.org/#map=18/-9.764609/28.762271,189461727,https://www.openstreetmap.org/changeset/189461727,node,14209835351,2026-09-23T17:37:48Z,Zambia,within 0.00m of pre-existing node 14182955523,tt_event
1983,node connected highway and building,SUNDAY_GODFREY,23115816,https://www.openstreetmap.org/#map=18/-6.354044/37.393492,189461621,https://www.openstreetmap.org/changeset/189461621,node,9249964315,2026-09-23T17:34:48Z,Tanzania,shared by highway way 863714508 and building way 1002227130,tt_event
1984,node connected highway and building,SUNDAY_GODFREY,23115816,https://www.openstreetmap.org/#map=18/-6.353858/37.393889,189461621,https://www.openstreetmap.org/changeset/189461621,node,9249964335,2026-09-23T17:34:48Z,Tanzania,shared by highway way 872243109 and building way 1002227135,tt_event
1985,node connected highway and building,SUNDAY_GODFREY,23115816,https://www.openstreetmap.org/#map=18/-6.353858/37.393889,189461621,https://www.openstreetmap.org/changeset/189461621,node,9249964334,2026-09-23T17:34:48Z,Tanzania,shared by highway way 872243109 and building way 1002227135,tt_event
1986,node connected highway and building,SUNDAY_GODFREY,23115816,https://www.openstreetmap.org/#map=18/-6.371804/37.369284,189461621,https://www.openstreetmap.org/changeset/189461621,node,14209459077,2026-09-23T17:34:48Z,Tanzania,shared by highway way 1561721076 and building way 1561721049,tt_event
1987,node connected highway and building,SUNDAY_GODFREY,23115816,https://www.openstreetmap.org/#map=18/-6.372469/37.372020,189461621,https://www.openstreetmap.org/changeset/189461621,node,14209502345,2026-09-23T17:34:48Z,Tanzania,shared by highway way 1561725580 and building way 1561722190,tt_event
1988,node connected highway and building,SUNDAY_GODFREY,23115816,https://www.openstreetmap.org/#map=18/-6.372469/37.372020,189461621,https://www.openstreetmap.org/changeset/189461621,node,14209475886,2026-09-23T17:34:48Z,Tanzania,shared by highway way 1561725580 and building way 1561722190,tt_event
1995,duplicated node,SUNDAY_GODFREY,23115816,https://www.openstreetmap.org/#map=18/-6.449180/37.423546,189460646,https://www.openstreetmap.org/changeset/189460646,node,14209778329,2026-09-23T17:12:31Z,Tanzania,within 0.00m of pre-existing node 14183021340,tt_event
1998,crossing buildings,SUNDAY_GODFREY,23115816,https://www.openstreetmap.org/#map=18/-6.389489/37.341109,189460576,https://www.openstreetmap.org/changeset/189460576,way,1561758154,2026-09-23T17:10:46Z,Tanzania,outline crosses way 1561894613 (34% area overlap),tt_event
1999,crossing buildings,SUNDAY_GODFREY,23115816,https://www.openstreetmap.org/#map=18/-6.389489/37.341109,189460576,https://www.openstreetmap.org/changeset/189460576,way,1561758154,2026-09-23T17:10:46Z,Tanzania,outline crosses way 1561894612 (13% area overlap),tt_event
2001,duplicated node,Niwandinda              Dismas,24238455,https://www.openstreetmap.org/#map=18/1.398556/32.244653,189587402,https://www.openstreetmap.org/changeset/189587402,node,14219544633,2026-09-26T13:06:22Z,Uganda,within 0.00m of node 14219544639,tt_event
2002,duplicated node,Alvineladad,23128887,https://www.openstreetmap.org/#map=18/1.405446/32.265826,189586650,https://www.openstreetmap.org/changeset/189586650,node,14219487876,2026-09-26T12:48:53Z,Uganda,within 0.02m of node 14219487878,tt_event
2003,duplicated node,Alvineladad,23128887,https://www.openstreetmap.org/#map=18/1.404045/32.262950,189586650,https://www.openstreetmap.org/changeset/189586650,node,14219516707,2026-09-26T12:48:53Z,Uganda,within 0.04m of node 14219516713,tt_event
2004,unclear changeset comment,Asire Henry,24595129,https://www.openstreetmap.org/#map=18/1.371804/32.220677,189586360,https://www.openstreetmap.org/changeset/189586360,changeset,189586360,2026-09-26T12:42:45Z,Uganda,changeset 189586360: comment too short to be informative: 'dd',tt_event
2016,node connected highway and building,bluej428,21064899,https://www.openstreetmap.org/#map=18/-2.305541/30.204873,189464013,https://www.openstreetmap.org/changeset/189464013,node,14210107410,2026-09-23T18:31:09Z,Rwanda,shared by highway way 375066532 and building way 1561790674,tt_event
2017,node connected highway and building,bluej428,21064899,https://www.openstreetmap.org/#map=18/-2.305541/30.204873,189464013,https://www.openstreetmap.org/changeset/189464013,node,14210107411,2026-09-23T18:31:09Z,Rwanda,shared by highway way 375066532 and building way 1561790675,tt_event
2018,node connected highway and building,bluej428,21064899,https://www.openstreetmap.org/#map=18/-2.306673/30.205619,189464013,https://www.openstreetmap.org/changeset/189464013,node,14210107462,2026-09-23T18:31:09Z,Rwanda,shared by highway way 676271217 and building way 1561790687,tt_event
2019,node connected highway and building,bluej428,21064899,https://www.openstreetmap.org/#map=18/-2.305601/30.204846,189464013,https://www.openstreetmap.org/changeset/189464013,node,14210107527,2026-09-23T18:31:09Z,Rwanda,shared by highway way 375066531 and building way 1561790702,tt_event
2025,duplicated node,Agnes Petro,23585416,https://www.openstreetmap.org/#map=18/-6.449006/37.422590,189463020,https://www.openstreetmap.org/changeset/189463020,node,14209913801,2026-09-23T18:08:54Z,Tanzania,within 0.00m of pre-existing node 14209775730,tt_event
2028,duplicated node,ABDULLAHI22,24595353,https://www.openstreetmap.org/#map=18/15.016988/-16.740892,189590086,https://www.openstreetmap.org/changeset/189590086,node,14219682206,2026-09-26T14:05:29Z,Senegal,within 0.00m of node 14219682208,tt_event
2029,duplicated node,Muhamad Rifki agustian_,24588498,https://www.openstreetmap.org/#map=18/-7.776305/110.373464,189589086,https://www.openstreetmap.org/changeset/189589086,node,14219580763,2026-09-26T13:43:32Z,Indonesia,within 0.00m of node 14219580764,tt_event
2030,duplicated node,JAMIL WASSWA MUBIRU,24595376,https://www.openstreetmap.org/#map=18/1.329932/32.468997,189588362,https://www.openstreetmap.org/changeset/189588362,node,14219597930,2026-09-26T13:28:41Z,Uganda,within 0.03m of node 14219597935,tt_event
2031,duplicated node,Niwandinda              Dismas,24238455,https://www.openstreetmap.org/#map=18/1.389931/32.248793,189587515,https://www.openstreetmap.org/changeset/189587515,node,14219526075,2026-09-26T13:09:00Z,Uganda,within 0.01m of node 14219526076,tt_event
2033,node connected highway and building,Agnes Petro,23585416,https://www.openstreetmap.org/#map=18/-6.450344/37.430328,189463616,https://www.openstreetmap.org/changeset/189463616,node,14210094342,2026-09-23T18:21:19Z,Tanzania,shared by highway way 1561735926 and building way 1561788501,tt_event
2034,feature mapped without primary tag,Fatou_Ball,24595343,https://www.openstreetmap.org/#map=18/15.020807/-16.730353,189591165,https://www.openstreetmap.org/changeset/189591165,node,3733229744,2026-09-26T14:28:17Z,Senegal,node 3733229744: tags present but none are a primary key: ['source'],tt_event
2035,feature mapped without primary tag,Fatou_Ball,24595343,https://www.openstreetmap.org/#map=18/15.021726/-16.730099,189591165,https://www.openstreetmap.org/changeset/189591165,node,3733229765,2026-09-26T14:28:17Z,Senegal,node 3733229765: tags present but none are a primary key: ['source'],tt_event
2036,duplicated node,Fatou_Ball,24595343,https://www.openstreetmap.org/#map=18/15.019052/-16.731896,189591165,https://www.openstreetmap.org/changeset/189591165,node,14219773876,2026-09-26T14:28:17Z,Senegal,within 0.02m of node 14219773879,tt_event
2037,duplicated node,Fatou_Ball,24595343,https://www.openstreetmap.org/#map=18/15.021463/-16.731103,189591165,https://www.openstreetmap.org/changeset/189591165,node,14219773994,2026-09-26T14:28:17Z,Senegal,within 0.02m of node 14219773995,tt_event
2038,duplicated node,Fatou_Ball,24595343,https://www.openstreetmap.org/#map=18/15.021514/-16.731147,189591165,https://www.openstreetmap.org/changeset/189591165,node,14219774004,2026-09-26T14:28:17Z,Senegal,within 0.00m of node 14219774005,tt_event
2039,duplicated node,Fatou_Ball,24595343,https://www.openstreetmap.org/#map=18/15.021031/-16.731556,189591165,https://www.openstreetmap.org/changeset/189591165,node,14219774049,2026-09-26T14:28:17Z,Senegal,within 0.03m of node 14219774050,tt_event
2040,feature mapped without primary tag,ngom@17,24595367,https://www.openstreetmap.org/#map=18/15.029224/-16.723657,189590401,https://www.openstreetmap.org/changeset/189590401,node,3733229820,2026-09-26T14:13:10Z,Senegal,node 3733229820: tags present but none are a primary key: ['source'],tt_event
2041,feature mapped without primary tag,ngom@17,24595367,https://www.openstreetmap.org/#map=18/15.029417/-16.723874,189590401,https://www.openstreetmap.org/changeset/189590401,node,3733229821,2026-09-26T14:13:10Z,Senegal,node 3733229821: tags present but none are a primary key: ['source'],tt_event
2042,feature mapped without primary tag,ngom@17,24595367,https://www.openstreetmap.org/#map=18/15.030252/-16.724567,189590401,https://www.openstreetmap.org/changeset/189590401,node,3733229824,2026-09-26T14:13:10Z,Senegal,node 3733229824: tags present but none are a primary key: ['source'],tt_event
2043,feature mapped without primary tag,ngom@17,24595367,https://www.openstreetmap.org/#map=18/15.031513/-16.725190,189590401,https://www.openstreetmap.org/changeset/189590401,node,3733229825,2026-09-26T14:13:10Z,Senegal,node 3733229825: tags present but none are a primary key: ['source'],tt_event
2044,feature mapped without primary tag,ngom@17,24595367,https://www.openstreetmap.org/#map=18/15.032106/-16.725559,189590401,https://www.openstreetmap.org/changeset/189590401,node,3733229826,2026-09-26T14:13:10Z,Senegal,node 3733229826: tags present but none are a primary key: ['source'],tt_event
2045,feature mapped without primary tag,ngom@17,24595367,https://www.openstreetmap.org/#map=18/15.032332/-16.725598,189590401,https://www.openstreetmap.org/changeset/189590401,node,3733229827,2026-09-26T14:13:10Z,Senegal,node 3733229827: tags present but none are a primary key: ['source'],tt_event
2046,duplicated node,ngom@17,24595367,https://www.openstreetmap.org/#map=18/15.031003/-16.724762,189590401,https://www.openstreetmap.org/changeset/189590401,node,14219725485,2026-09-26T14:13:10Z,Senegal,within 0.00m of node 14219725487,tt_event
2047,duplicated node,ngom@17,24595367,https://www.openstreetmap.org/#map=18/15.031003/-16.724762,189590401,https://www.openstreetmap.org/changeset/189590401,node,14219725485,2026-09-26T14:13:10Z,Senegal,within 0.04m of node 14219725488,tt_event
2048,duplicated node,ngom@17,24595367,https://www.openstreetmap.org/#map=18/15.031003/-16.724762,189590401,https://www.openstreetmap.org/changeset/189590401,node,14219725487,2026-09-26T14:13:10Z,Senegal,within 0.04m of node 14219725488,tt_event
2049,duplicated node,ngom@17,24595367,https://www.openstreetmap.org/#map=18/15.030975/-16.724825,189590401,https://www.openstreetmap.org/changeset/189590401,node,14219725486,2026-09-26T14:13:10Z,Senegal,within 0.04m of node 14219725489,tt_event
2050,duplicated node,ngom@17,24595367,https://www.openstreetmap.org/#map=18/15.030450/-16.725539,189590401,https://www.openstreetmap.org/changeset/189590401,node,14219725600,2026-09-26T14:13:10Z,Senegal,within 0.00m of node 14219725603,tt_event
2052,node connected highway and building,Mtaalam,24271963,https://www.openstreetmap.org/#map=18/-6.371804/37.369284,189467662,https://www.openstreetmap.org/changeset/189467662,node,14209459077,2026-09-23T20:07:25Z,Tanzania,shared by highway way 1561721076 and building way 1561721049,tt_event
2053,node connected highway and building,Mtaalam,24271963,https://www.openstreetmap.org/#map=18/-6.372469/37.372020,189467662,https://www.openstreetmap.org/changeset/189467662,node,14209502345,2026-09-23T20:07:25Z,Tanzania,shared by highway way 1561725580 and building way 1561722190,tt_event
2054,node connected highway and building,Mtaalam,24271963,https://www.openstreetmap.org/#map=18/-6.372469/37.372020,189467662,https://www.openstreetmap.org/changeset/189467662,node,14209475886,2026-09-23T20:07:25Z,Tanzania,shared by highway way 1561725580 and building way 1561722190,tt_event
2055,duplicated node,ABDULLAHI22,24595353,https://www.openstreetmap.org/#map=18/15.015225/-16.730927,189593115,https://www.openstreetmap.org/changeset/189593115,node,14219852585,2026-09-26T15:07:43Z,Senegal,within 0.00m of node 14219852586,tt_event
2059,node connected highway and building,Mtaalam,24271963,https://www.openstreetmap.org/#map=18/-6.354044/37.393492,189467206,https://www.openstreetmap.org/changeset/189467206,node,9249964315,2026-09-23T19:55:44Z,Tanzania,shared by highway way 863714508 and building way 1002227130,tt_event
2060,node connected highway and building,Mtaalam,24271963,https://www.openstreetmap.org/#map=18/-6.353858/37.393889,189467206,https://www.openstreetmap.org/changeset/189467206,node,9249964335,2026-09-23T19:55:44Z,Tanzania,shared by highway way 872243109 and building way 1002227135,tt_event
2061,node connected highway and building,Mtaalam,24271963,https://www.openstreetmap.org/#map=18/-6.353858/37.393889,189467206,https://www.openstreetmap.org/changeset/189467206,node,9249964334,2026-09-23T19:55:44Z,Tanzania,shared by highway way 872243109 and building way 1002227135,tt_event
2062,node connected highway and building,Mtaalam,24271963,https://www.openstreetmap.org/#map=18/-6.371804/37.369284,189467206,https://www.openstreetmap.org/changeset/189467206,node,14209459077,2026-09-23T19:55:44Z,Tanzania,shared by highway way 1561721076 and building way 1561721049,tt_event
2063,node connected highway and building,Mtaalam,24271963,https://www.openstreetmap.org/#map=18/-6.372469/37.372020,189467206,https://www.openstreetmap.org/changeset/189467206,node,14209502345,2026-09-23T19:55:44Z,Tanzania,shared by highway way 1561725580 and building way 1561722190,tt_event
2064,node connected highway and building,Mtaalam,24271963,https://www.openstreetmap.org/#map=18/-6.372469/37.372020,189467206,https://www.openstreetmap.org/changeset/189467206,node,14209475886,2026-09-23T19:55:44Z,Tanzania,shared by highway way 1561725580 and building way 1561722190,tt_event
2066,node connected highway and building,Sahar Mustafa 2025,22359261,https://www.openstreetmap.org/#map=18/-9.809660/28.752389,189467060,https://www.openstreetmap.org/changeset/189467060,node,14181854383,2026-09-23T19:51:37Z,Zambia,shared by highway way 1558965726 and building way 378746553,tt_event
2067,node connected highway and building,Sahar Mustafa 2025,22359261,https://www.openstreetmap.org/#map=18/-9.809532/28.752317,189467060,https://www.openstreetmap.org/changeset/189467060,node,14181854384,2026-09-23T19:51:37Z,Zambia,shared by highway way 1558965728 and building way 378746553,tt_event
2068,node connected highway and building,Sahar Mustafa 2025,22359261,https://www.openstreetmap.org/#map=18/-9.811212/28.762460,189467060,https://www.openstreetmap.org/changeset/189467060,node,14192345046,2026-09-23T19:51:37Z,Zambia,shared by highway way 1560227020 and building way 1560227028,tt_event
2069,node connected highway and building,Sahar Mustafa 2025,22359261,https://www.openstreetmap.org/#map=18/-9.811048/28.762329,189467060,https://www.openstreetmap.org/changeset/189467060,node,4364874004,2026-09-23T19:51:37Z,Zambia,shared by highway way 1560227026 and building way 438831932,tt_event
2070,node connected highway and building,Sahar Mustafa 2025,22359261,https://www.openstreetmap.org/#map=18/-9.811048/28.762329,189467060,https://www.openstreetmap.org/changeset/189467060,node,3820534509,2026-09-23T19:51:37Z,Zambia,shared by highway way 1560227026 and building way 378745996,tt_event
2071,node connected highway and building,Sahar Mustafa 2025,22359261,https://www.openstreetmap.org/#map=18/-9.812436/28.761203,189467060,https://www.openstreetmap.org/changeset/189467060,node,14192303971,2026-09-23T19:51:37Z,Zambia,shared by highway way 1560228065 and building way 378721434,tt_event
2072,node connected highway and building,Sahar Mustafa 2025,22359261,https://www.openstreetmap.org/#map=18/-9.812435/28.761397,189467060,https://www.openstreetmap.org/changeset/189467060,node,14192303975,2026-09-23T19:51:37Z,Zambia,shared by highway way 1560228066 and building way 378770285,tt_event
2073,node connected highway and building,Sahar Mustafa 2025,22359261,https://www.openstreetmap.org/#map=18/-9.812956/28.761067,189467060,https://www.openstreetmap.org/changeset/189467060,node,3820559499,2026-09-23T19:51:37Z,Zambia,shared by highway way 1560228068 and building way 378748487,tt_event
2074,crossing highway,wrobson,24534836,https://www.openstreetmap.org/#map=18/-2.171933/30.131829,189466666,https://www.openstreetmap.org/changeset/189466666,way,1561808059,2026-09-23T19:41:23Z,Rwanda,crosses way 1562062108 without a shared junction node,tt_event
2075,crossing highway,wrobson,24534836,https://www.openstreetmap.org/#map=18/-2.168884/30.130992,189466666,https://www.openstreetmap.org/changeset/189466666,way,677959174,2026-09-23T19:41:23Z,Rwanda,crosses way 1562062109 without a shared junction node,tt_event
2077,node connected highway and building,wrobson,24534836,https://www.openstreetmap.org/#map=18/-2.161292/30.128685,189466666,https://www.openstreetmap.org/changeset/189466666,node,14137990566,2026-09-23T19:41:23Z,Rwanda,shared by highway way 677930405 and building way 1553949268,tt_event
2078,node connected highway and building,wrobson,24534836,https://www.openstreetmap.org/#map=18/-2.161292/30.128685,189466666,https://www.openstreetmap.org/changeset/189466666,node,14137990567,2026-09-23T19:41:23Z,Rwanda,shared by highway way 677930405 and building way 1553949268,tt_event
2079,node connected highway and building,wrobson,24534836,https://www.openstreetmap.org/#map=18/-2.189754/30.139214,189466666,https://www.openstreetmap.org/changeset/189466666,node,14202144430,2026-09-23T19:41:23Z,Rwanda,shared by highway way 1125677391 and building way 1560890150,tt_event
2080,crossing buildings,gidion shembazi,23852174,https://www.openstreetmap.org/#map=18/-6.381751/37.341853,189466645,https://www.openstreetmap.org/changeset/189466645,way,1561807999,2026-09-23T19:40:51Z,Tanzania,outline crosses way 1562005623 (12% area overlap),tt_event
2081,crossing buildings,gidion shembazi,23852174,https://www.openstreetmap.org/#map=18/-6.381142/37.341531,189466645,https://www.openstreetmap.org/changeset/189466645,way,1561808009,2026-09-23T19:40:51Z,Tanzania,outline crosses way 1562005606 (14% area overlap),tt_event
2082,crossing buildings,gidion shembazi,23852174,https://www.openstreetmap.org/#map=18/-6.381142/37.341531,189466645,https://www.openstreetmap.org/changeset/189466645,way,1561808009,2026-09-23T19:40:51Z,Tanzania,outline crosses way 1562005607 (56% area overlap),tt_event
2083,node connected highway and building,gidion shembazi,23852174,https://www.openstreetmap.org/#map=18/-6.368971/37.339870,189466645,https://www.openstreetmap.org/changeset/189466645,node,14212288862,2026-09-23T19:40:51Z,Tanzania,shared by highway way 1145091752 and building way 1562005615,tt_event
2084,feature mapped without primary tag,Mouhameth Nguer,24595875,https://www.openstreetmap.org/#map=18/15.013260/-16.735535,189597058,https://www.openstreetmap.org/changeset/189597058,node,3733229240,2026-09-26T16:39:01Z,Senegal,node 3733229240: tags present but none are a primary key: ['source'],tt_event
2085,feature mapped without primary tag,Mouhameth Nguer,24595875,https://www.openstreetmap.org/#map=18/15.014795/-16.734753,189597058,https://www.openstreetmap.org/changeset/189597058,node,3733229317,2026-09-26T16:39:01Z,Senegal,node 3733229317: tags present but none are a primary key: ['source'],tt_event
2086,feature mapped without primary tag,Mouhameth Nguer,24595875,https://www.openstreetmap.org/#map=18/15.015728/-16.734339,189597058,https://www.openstreetmap.org/changeset/189597058,node,3733229357,2026-09-26T16:39:01Z,Senegal,node 3733229357: tags present but none are a primary key: ['source'],tt_event
2087,feature mapped without primary tag,Mouhameth Nguer,24595875,https://www.openstreetmap.org/#map=18/15.015980/-16.734298,189597058,https://www.openstreetmap.org/changeset/189597058,node,3733229368,2026-09-26T16:39:01Z,Senegal,node 3733229368: tags present but none are a primary key: ['source'],tt_event
2088,feature mapped without primary tag,Mouhameth Nguer,24595875,https://www.openstreetmap.org/#map=18/15.015162/-16.734562,189597058,https://www.openstreetmap.org/changeset/189597058,node,3733229328,2026-09-26T16:39:01Z,Senegal,node 3733229328: tags present but none are a primary key: ['source'],tt_event
2089,feature mapped without primary tag,fallou dieng,24595692,https://www.openstreetmap.org/#map=18/15.019431/-16.735716,189596656,https://www.openstreetmap.org/changeset/189596656,node,3733229502,2026-09-26T16:30:18Z,Senegal,node 3733229502: tags present but none are a primary key: ['source'],tt_event
2090,feature mapped without primary tag,fallou dieng,24595692,https://www.openstreetmap.org/#map=18/15.020651/-16.735507,189596656,https://www.openstreetmap.org/changeset/189596656,node,3733229733,2026-09-26T16:30:18Z,Senegal,node 3733229733: tags present but none are a primary key: ['source'],tt_event
2091,feature mapped without primary tag,fallou dieng,24595692,https://www.openstreetmap.org/#map=18/15.020736/-16.735397,189596656,https://www.openstreetmap.org/changeset/189596656,node,3733229741,2026-09-26T16:30:18Z,Senegal,node 3733229741: tags present but none are a primary key: ['source'],tt_event
2092,feature mapped without primary tag,fallou dieng,24595692,https://www.openstreetmap.org/#map=18/15.020739/-16.735546,189596656,https://www.openstreetmap.org/changeset/189596656,node,3733229743,2026-09-26T16:30:18Z,Senegal,node 3733229743: tags present but none are a primary key: ['source'],tt_event
2093,feature mapped without primary tag,fallou dieng,24595692,https://www.openstreetmap.org/#map=18/15.020803/-16.735438,189596656,https://www.openstreetmap.org/changeset/189596656,node,3733229751,2026-09-26T16:30:18Z,Senegal,node 3733229751: tags present but none are a primary key: ['source'],tt_event
2094,feature mapped without primary tag,Mamebousso@,24595449,https://www.openstreetmap.org/#map=18/15.012466/-16.727979,189596445,https://www.openstreetmap.org/changeset/189596445,node,3733229190,2026-09-26T16:44:11Z,Senegal,node 3733229190: tags present but none are a primary key: ['source'],tt_event
2095,feature mapped without primary tag,Mamebousso@,24595449,https://www.openstreetmap.org/#map=18/15.012509/-16.728205,189596445,https://www.openstreetmap.org/changeset/189596445,node,3733229192,2026-09-26T16:44:11Z,Senegal,node 3733229192: tags present but none are a primary key: ['source'],tt_event
2096,feature mapped without primary tag,Mamebousso@,24595449,https://www.openstreetmap.org/#map=18/15.012555/-16.728308,189596445,https://www.openstreetmap.org/changeset/189596445,node,3733229195,2026-09-26T16:44:11Z,Senegal,node 3733229195: tags present but none are a primary key: ['source'],tt_event
2097,feature mapped without primary tag,Mamebousso@,24595449,https://www.openstreetmap.org/#map=18/15.012655/-16.728406,189596445,https://www.openstreetmap.org/changeset/189596445,node,3733229199,2026-09-26T16:44:11Z,Senegal,node 3733229199: tags present but none are a primary key: ['source'],tt_event
2098,feature mapped without primary tag,Mamebousso@,24595449,https://www.openstreetmap.org/#map=18/15.012746/-16.728470,189596445,https://www.openstreetmap.org/changeset/189596445,node,3733229205,2026-09-26T16:44:11Z,Senegal,node 3733229205: tags present but none are a primary key: ['source'],tt_event
2099,feature mapped without primary tag,Mamebousso@,24595449,https://www.openstreetmap.org/#map=18/15.012819/-16.728585,189596445,https://www.openstreetmap.org/changeset/189596445,node,3733229208,2026-09-26T16:44:11Z,Senegal,node 3733229208: tags present but none are a primary key: ['source'],tt_event
2100,feature mapped without primary tag,Mamebousso@,24595449,https://www.openstreetmap.org/#map=18/15.012905/-16.728786,189596445,https://www.openstreetmap.org/changeset/189596445,node,3733229211,2026-09-26T16:44:11Z,Senegal,node 3733229211: tags present but none are a primary key: ['source'],tt_event
2101,feature mapped without primary tag,Mamebousso@,24595449,https://www.openstreetmap.org/#map=18/15.012932/-16.728925,189596445,https://www.openstreetmap.org/changeset/189596445,node,3733229213,2026-09-26T16:44:11Z,Senegal,node 3733229213: tags present but none are a primary key: ['source'],tt_event
2102,feature mapped without primary tag,Mamebousso@,24595449,https://www.openstreetmap.org/#map=18/15.012970/-16.729077,189596445,https://www.openstreetmap.org/changeset/189596445,node,3733229216,2026-09-26T16:44:11Z,Senegal,node 3733229216: tags present but none are a primary key: ['source'],tt_event
2103,feature mapped without primary tag,Mamebousso@,24595449,https://www.openstreetmap.org/#map=18/15.013099/-16.729338,189596445,https://www.openstreetmap.org/changeset/189596445,node,3733229222,2026-09-26T16:44:11Z,Senegal,node 3733229222: tags present but none are a primary key: ['source'],tt_event
2104,feature mapped without primary tag,Mamebousso@,24595449,https://www.openstreetmap.org/#map=18/15.012968/-16.729110,189596445,https://www.openstreetmap.org/changeset/189596445,node,3733229231,2026-09-26T16:44:11Z,Senegal,node 3733229231: tags present but none are a primary key: ['source'],tt_event
2105,feature mapped without primary tag,Mamebousso@,24595449,https://www.openstreetmap.org/#map=18/15.012991/-16.728998,189596445,https://www.openstreetmap.org/changeset/189596445,node,3733229242,2026-09-26T16:44:11Z,Senegal,node 3733229242: tags present but none are a primary key: ['source'],tt_event
2106,feature mapped without primary tag,ABDULLAHI22,24595353,https://www.openstreetmap.org/#map=18/15.004318/-16.738213,189599573,https://www.openstreetmap.org/changeset/189599573,node,3733228848,2026-09-26T17:46:45Z,Senegal,node 3733228848: tags present but none are a primary key: ['source'],tt_event
2107,feature mapped without primary tag,ABDULLAHI22,24595353,https://www.openstreetmap.org/#map=18/15.005471/-16.739108,189599573,https://www.openstreetmap.org/changeset/189599573,node,3733228882,2026-09-26T17:46:45Z,Senegal,node 3733228882: tags present but none are a primary key: ['source'],tt_event
2108,feature mapped without primary tag,ABDULLAHI22,24595353,https://www.openstreetmap.org/#map=18/15.005735/-16.740562,189599573,https://www.openstreetmap.org/changeset/189599573,node,3733228894,2026-09-26T17:46:45Z,Senegal,node 3733228894: tags present but none are a primary key: ['source'],tt_event
2109,feature mapped without primary tag,ABDULLAHI22,24595353,https://www.openstreetmap.org/#map=18/15.006404/-16.738616,189599573,https://www.openstreetmap.org/changeset/189599573,node,3733228919,2026-09-26T17:46:45Z,Senegal,node 3733228919: tags present but none are a primary key: ['source'],tt_event
2110,feature mapped without primary tag,ABDULLAHI22,24595353,https://www.openstreetmap.org/#map=18/15.007915/-16.738442,189599573,https://www.openstreetmap.org/changeset/189599573,node,3733228978,2026-09-26T17:46:45Z,Senegal,node 3733228978: tags present but none are a primary key: ['source'],tt_event
2111,feature mapped without primary tag,ABDULLAHI22,24595353,https://www.openstreetmap.org/#map=18/15.008023/-16.738680,189599573,https://www.openstreetmap.org/changeset/189599573,node,3733228983,2026-09-26T17:46:45Z,Senegal,node 3733228983: tags present but none are a primary key: ['source'],tt_event
2112,feature mapped without primary tag,ABDULLAHI22,24595353,https://www.openstreetmap.org/#map=18/15.008127/-16.738910,189599573,https://www.openstreetmap.org/changeset/189599573,node,3733228991,2026-09-26T17:46:45Z,Senegal,node 3733228991: tags present but none are a primary key: ['source'],tt_event
2113,feature mapped without primary tag,ABDULLAHI22,24595353,https://www.openstreetmap.org/#map=18/15.005463/-16.742429,189599573,https://www.openstreetmap.org/changeset/189599573,node,3733228903,2026-09-26T17:46:45Z,Senegal,node 3733228903: tags present but none are a primary key: ['source'],tt_event
2114,feature mapped without primary tag,Mamebousso@,24595449,https://www.openstreetmap.org/#map=18/15.009874/-16.730816,189599554,https://www.openstreetmap.org/changeset/189599554,node,3733229091,2026-09-26T17:46:03Z,Senegal,node 3733229091: tags present but none are a primary key: ['source'],tt_event
2115,duplicated node,Mamebousso@,24595449,https://www.openstreetmap.org/#map=18/15.009977/-16.731006,189599554,https://www.openstreetmap.org/changeset/189599554,node,14220117739,2026-09-26T17:46:03Z,Senegal,within 0.03m of node 14220117773,tt_event
2116,feature mapped without primary tag,Mamebousso@,24595449,https://www.openstreetmap.org/#map=18/15.006790/-16.732260,189598276,https://www.openstreetmap.org/changeset/189598276,node,3733228948,2026-09-26T17:09:28Z,Senegal,node 3733228948: tags present but none are a primary key: ['source'],tt_event
2117,feature mapped without primary tag,Mamebousso@,24595449,https://www.openstreetmap.org/#map=18/15.007187/-16.731870,189598276,https://www.openstreetmap.org/changeset/189598276,node,3733228949,2026-09-26T17:09:28Z,Senegal,node 3733228949: tags present but none are a primary key: ['source'],tt_event
2118,feature mapped without primary tag,Mamebousso@,24595449,https://www.openstreetmap.org/#map=18/15.007208/-16.731920,189598276,https://www.openstreetmap.org/changeset/189598276,node,3733228955,2026-09-26T17:09:28Z,Senegal,node 3733228955: tags present but none are a primary key: ['source'],tt_event
2119,feature mapped without primary tag,Mamebousso@,24595449,https://www.openstreetmap.org/#map=18/15.007367/-16.732066,189598276,https://www.openstreetmap.org/changeset/189598276,node,3733228958,2026-09-26T17:09:28Z,Senegal,node 3733228958: tags present but none are a primary key: ['source'],tt_event
2120,feature mapped without primary tag,Mamebousso@,24595449,https://www.openstreetmap.org/#map=18/15.007463/-16.732257,189598276,https://www.openstreetmap.org/changeset/189598276,node,3733228962,2026-09-26T17:09:28Z,Senegal,node 3733228962: tags present but none are a primary key: ['source'],tt_event
2123,node connected highway and building,Sehpar,24586405,https://www.openstreetmap.org/#map=18/-2.269189/30.216091,189465821,https://www.openstreetmap.org/changeset/189465821,node,14206880454,2026-09-23T19:15:58Z,Rwanda,shared by highway way 375329437 and building way 1561400061,tt_event
2126,node connected highway and building,Mtaalam,24271963,https://www.openstreetmap.org/#map=18/-6.354044/37.393492,189469404,https://www.openstreetmap.org/changeset/189469404,node,9249964315,2026-09-23T21:07:28Z,Tanzania,shared by highway way 863714508 and building way 1002227130,tt_event
2127,node connected highway and building,Mtaalam,24271963,https://www.openstreetmap.org/#map=18/-6.353858/37.393889,189469404,https://www.openstreetmap.org/changeset/189469404,node,9249964335,2026-09-23T21:07:28Z,Tanzania,shared by highway way 872243109 and building way 1002227135,tt_event
2128,node connected highway and building,Mtaalam,24271963,https://www.openstreetmap.org/#map=18/-6.353858/37.393889,189469404,https://www.openstreetmap.org/changeset/189469404,node,9249964334,2026-09-23T21:07:28Z,Tanzania,shared by highway way 872243109 and building way 1002227135,tt_event
2132,crossing buildings,gidion shembazi,23852174,https://www.openstreetmap.org/#map=18/-6.383734/37.341359,189469209,https://www.openstreetmap.org/changeset/189469209,way,1561819606,2026-09-23T21:00:34Z,Tanzania,outline crosses way 1561959649 (5% area overlap),tt_event
2135,node connected highway and building,gidion shembazi,23852174,https://www.openstreetmap.org/#map=18/-6.368971/37.339870,189466444,https://www.openstreetmap.org/changeset/189466444,node,14212288862,2026-09-23T19:34:53Z,Tanzania,shared by highway way 1145091752 and building way 1562005615,tt_event
2137,duplicated node,Muhamad Rafka Agustian_,24589433,https://www.openstreetmap.org/#map=18/-6.593333/105.879822,189605375,https://www.openstreetmap.org/changeset/189605375,node,14220518076,2026-09-26T20:46:51Z,Indonesia,within 0.00m of node 14220518077,tt_event
2140,crossing highway,Zuzanna Szklarz,24496075,https://www.openstreetmap.org/#map=18/-2.179071/30.129960,189469061,https://www.openstreetmap.org/changeset/189469061,way,677690458,2026-09-23T20:55:35Z,Rwanda,crosses way 1562007431 without a shared junction node,tt_event
2141,crossing highway,Zuzanna Szklarz,24496075,https://www.openstreetmap.org/#map=18/-2.170054/30.134598,189469061,https://www.openstreetmap.org/changeset/189469061,way,677690458,2026-09-23T20:55:35Z,Rwanda,crosses way 1562062110 without a shared junction node,tt_event
2145,node connected highway and building,Zuzanna Szklarz,24496075,https://www.openstreetmap.org/#map=18/-2.161292/30.128685,189469061,https://www.openstreetmap.org/changeset/189469061,node,14137990566,2026-09-23T20:55:35Z,Rwanda,shared by highway way 677930405 and building way 1553949268,tt_event
2146,node connected highway and building,Zuzanna Szklarz,24496075,https://www.openstreetmap.org/#map=18/-2.161292/30.128685,189469061,https://www.openstreetmap.org/changeset/189469061,node,14137990567,2026-09-23T20:55:35Z,Rwanda,shared by highway way 677930405 and building way 1553949268,tt_event
2147,node connected highway and building,Zuzanna Szklarz,24496075,https://www.openstreetmap.org/#map=18/-2.194389/30.123811,189469061,https://www.openstreetmap.org/changeset/189469061,node,14222430427,2026-09-23T20:55:35Z,Rwanda,shared by highway way 1125669383 and building way 1562775810,tt_event
2148,node connected highway and building,Zuzanna Szklarz,24496075,https://www.openstreetmap.org/#map=18/-2.194389/30.123811,189469061,https://www.openstreetmap.org/changeset/189469061,node,14222432939,2026-09-23T20:55:35Z,Rwanda,shared by highway way 1125669383 and building way 1562772586,tt_event
2149,node connected highway and building,Zuzanna Szklarz,24496075,https://www.openstreetmap.org/#map=18/-2.194389/30.123811,189469061,https://www.openstreetmap.org/changeset/189469061,node,14222432938,2026-09-23T20:55:35Z,Rwanda,shared by highway way 1125669383 and building way 1562772586,tt_event
2150,node connected highway and building,Zuzanna Szklarz,24496075,https://www.openstreetmap.org/#map=18/-2.189754/30.139214,189469061,https://www.openstreetmap.org/changeset/189469061,node,14202144430,2026-09-23T20:55:35Z,Rwanda,shared by highway way 1125677391 and building way 1560890150,tt_event
2154,node connected highway and building,Athumani Msangi,24430799,https://www.openstreetmap.org/#map=18/-6.354044/37.393492,189468687,https://www.openstreetmap.org/changeset/189468687,node,9249964315,2026-09-23T20:42:46Z,Tanzania,shared by highway way 863714508 and building way 1002227130,tt_event
2156,node connected highway and building,Athumani Msangi,24430799,https://www.openstreetmap.org/#map=18/-6.354044/37.393492,189468535,https://www.openstreetmap.org/changeset/189468535,node,9249964315,2026-09-23T20:37:13Z,Tanzania,shared by highway way 863714508 and building way 1002227130,tt_event
2157,node connected highway and building,Athumani Msangi,24430799,https://www.openstreetmap.org/#map=18/-6.353858/37.393889,189468535,https://www.openstreetmap.org/changeset/189468535,node,9249964335,2026-09-23T20:37:13Z,Tanzania,shared by highway way 872243109 and building way 1002227135,tt_event
2158,node connected highway and building,Athumani Msangi,24430799,https://www.openstreetmap.org/#map=18/-6.353858/37.393889,189468535,https://www.openstreetmap.org/changeset/189468535,node,9249964334,2026-09-23T20:37:13Z,Tanzania,shared by highway way 872243109 and building way 1002227135,tt_event
2159,node connected highway and building,Athumani Msangi,24430799,https://www.openstreetmap.org/#map=18/-6.371804/37.369284,189468535,https://www.openstreetmap.org/changeset/189468535,node,14209459077,2026-09-23T20:37:13Z,Tanzania,shared by highway way 1561721076 and building way 1561721049,tt_event
2160,node connected highway and building,Athumani Msangi,24430799,https://www.openstreetmap.org/#map=18/-6.372469/37.372020,189468535,https://www.openstreetmap.org/changeset/189468535,node,14209502345,2026-09-23T20:37:13Z,Tanzania,shared by highway way 1561725580 and building way 1561722190,tt_event
2161,node connected highway and building,Athumani Msangi,24430799,https://www.openstreetmap.org/#map=18/-6.372469/37.372020,189468535,https://www.openstreetmap.org/changeset/189468535,node,14209475886,2026-09-23T20:37:13Z,Tanzania,shared by highway way 1561725580 and building way 1561722190,tt_event
2168,node connected highway and building,Zuzanna Szklarz,24496075,https://www.openstreetmap.org/#map=18/-2.144269/30.111767,189468515,https://www.openstreetmap.org/changeset/189468515,node,14094709722,2026-09-23T20:36:30Z,Rwanda,shared by highway way 676716527 and building way 1549652475,tt_event
2169,node connected highway and building,Zuzanna Szklarz,24496075,https://www.openstreetmap.org/#map=18/-2.161292/30.128685,189468515,https://www.openstreetmap.org/changeset/189468515,node,14137990566,2026-09-23T20:36:30Z,Rwanda,shared by highway way 677930405 and building way 1553949268,tt_event
2170,node connected highway and building,Zuzanna Szklarz,24496075,https://www.openstreetmap.org/#map=18/-2.161292/30.128685,189468515,https://www.openstreetmap.org/changeset/189468515,node,14137990567,2026-09-23T20:36:30Z,Rwanda,shared by highway way 677930405 and building way 1553949268,tt_event
2171,node connected highway and building,Zuzanna Szklarz,24496075,https://www.openstreetmap.org/#map=18/-2.130511/30.130894,189468515,https://www.openstreetmap.org/changeset/189468515,node,14045106467,2026-09-23T20:36:30Z,Rwanda,shared by highway way 680031171 and building way 1543935817,tt_event
2172,node connected highway and building,Zuzanna Szklarz,24496075,https://www.openstreetmap.org/#map=18/-2.151337/30.110271,189468515,https://www.openstreetmap.org/changeset/189468515,node,14129011972,2026-09-23T20:36:30Z,Rwanda,shared by highway way 680035298 and building way 1552945298,tt_event
2173,node connected highway and building,Zuzanna Szklarz,24496075,https://www.openstreetmap.org/#map=18/-2.151337/30.110271,189468515,https://www.openstreetmap.org/changeset/189468515,node,14129012007,2026-09-23T20:36:30Z,Rwanda,shared by highway way 680035298 and building way 1552945305,tt_event
2174,node connected highway and building,Zuzanna Szklarz,24496075,https://www.openstreetmap.org/#map=18/-2.151337/30.110271,189468515,https://www.openstreetmap.org/changeset/189468515,node,14129012006,2026-09-23T20:36:30Z,Rwanda,shared by highway way 680035298 and building way 1552945305,tt_event
2175,node connected highway and building,Zuzanna Szklarz,24496075,https://www.openstreetmap.org/#map=18/-2.151337/30.110271,189468515,https://www.openstreetmap.org/changeset/189468515,node,14129012012,2026-09-23T20:36:30Z,Rwanda,shared by highway way 680035298 and building way 1552945306,tt_event
2176,node connected highway and building,Zuzanna Szklarz,24496075,https://www.openstreetmap.org/#map=18/-2.151337/30.110271,189468515,https://www.openstreetmap.org/changeset/189468515,node,14129012013,2026-09-23T20:36:30Z,Rwanda,shared by highway way 680035298 and building way 1552945306,tt_event
2177,node connected highway and building,Zuzanna Szklarz,24496075,https://www.openstreetmap.org/#map=18/-2.194389/30.123811,189468515,https://www.openstreetmap.org/changeset/189468515,node,14222430427,2026-09-23T20:36:30Z,Rwanda,shared by highway way 1125669383 and building way 1562775810,tt_event
2178,node connected highway and building,Zuzanna Szklarz,24496075,https://www.openstreetmap.org/#map=18/-2.194389/30.123811,189468515,https://www.openstreetmap.org/changeset/189468515,node,14222432939,2026-09-23T20:36:30Z,Rwanda,shared by highway way 1125669383 and building way 1562772586,tt_event
2179,node connected highway and building,Zuzanna Szklarz,24496075,https://www.openstreetmap.org/#map=18/-2.194389/30.123811,189468515,https://www.openstreetmap.org/changeset/189468515,node,14222432938,2026-09-23T20:36:30Z,Rwanda,shared by highway way 1125669383 and building way 1562772586,tt_event
2180,node connected highway and building,Zuzanna Szklarz,24496075,https://www.openstreetmap.org/#map=18/-2.189754/30.139214,189468515,https://www.openstreetmap.org/changeset/189468515,node,14202144430,2026-09-23T20:36:30Z,Rwanda,shared by highway way 1125677391 and building way 1560890150,tt_event
2181,node connected highway and building,Zuzanna Szklarz,24496075,https://www.openstreetmap.org/#map=18/-2.143643/30.120059,189468515,https://www.openstreetmap.org/changeset/189468515,node,14137490934,2026-09-23T20:36:30Z,Rwanda,shared by highway way 1542825403 and building way 1553886447,tt_event
2182,node connected highway and building,Zuzanna Szklarz,24496075,https://www.openstreetmap.org/#map=18/-2.143643/30.120059,189468515,https://www.openstreetmap.org/changeset/189468515,node,14137490935,2026-09-23T20:36:30Z,Rwanda,shared by highway way 1542825403 and building way 1553886447,tt_event
2184,crossing buildings,acarreon003,24582523,https://www.openstreetmap.org/#map=18/-2.224160/30.191019,189468172,https://www.openstreetmap.org/changeset/189468172,way,1561815253,2026-09-23T20:24:45Z,Rwanda,outline crosses way 1561815254 (5% area overlap),tt_event
2185,duplicated node,topolokitaaki,10689196,https://www.openstreetmap.org/#map=18/-2.267711/30.217193,189617270,https://www.openstreetmap.org/changeset/189617270,node,14221465575,2026-09-27T07:58:18Z,Rwanda,within 0.00m of node 14221465576,tt_event
2186,duplicated node,topolokitaaki,10689196,https://www.openstreetmap.org/#map=18/-2.267610/30.217834,189617270,https://www.openstreetmap.org/changeset/189617270,node,14221465582,2026-09-27T07:58:18Z,Rwanda,within 0.00m of node 14221465583,tt_event
2187,duplicated node,topolokitaaki,10689196,https://www.openstreetmap.org/#map=18/-2.224186/30.094255,189619301,https://www.openstreetmap.org/changeset/189619301,node,14221709867,2026-09-27T09:01:32Z,Rwanda,within 0.00m of node 14221709868,tt_event
2188,duplicated node,topolokitaaki,10689196,https://www.openstreetmap.org/#map=18/-2.225390/30.094349,189619301,https://www.openstreetmap.org/changeset/189619301,node,14221709872,2026-09-27T09:01:32Z,Rwanda,within 0.00m of node 14221709873,tt_event
2189,duplicated node,topolokitaaki,10689196,https://www.openstreetmap.org/#map=18/-2.226785/30.094750,189618991,https://www.openstreetmap.org/changeset/189618991,node,14221628704,2026-09-27T08:54:44Z,Rwanda,within 0.00m of node 14221628705,tt_event
2190,duplicated node,topolokitaaki,10689196,https://www.openstreetmap.org/#map=18/-2.227614/30.096098,189618183,https://www.openstreetmap.org/changeset/189618183,node,14221523203,2026-09-27T08:29:26Z,Rwanda,within 0.00m of node 14221523204,tt_event
2192,duplicated node,Alannnn,24587147,https://www.openstreetmap.org/#map=18/13.680270/100.548089,189625800,https://www.openstreetmap.org/changeset/189625800,node,14222127797,2026-09-27T11:45:43Z,Thailand,within 0.00m of node 14222127798,tt_event
2193,duplicated node,Alannnn,24587147,https://www.openstreetmap.org/#map=18/13.680270/100.548089,189625800,https://www.openstreetmap.org/changeset/189625800,node,14222127797,2026-09-27T11:45:43Z,Thailand,within 0.00m of node 14222127799,tt_event
2194,duplicated node,Alannnn,24587147,https://www.openstreetmap.org/#map=18/13.680270/100.548089,189625800,https://www.openstreetmap.org/changeset/189625800,node,14222127798,2026-09-27T11:45:43Z,Thailand,within 0.00m of node 14222127799,tt_event
2195,duplicated node,Osano,20287125,https://www.openstreetmap.org/#map=18/-2.897083/37.508078,189627869,https://www.openstreetmap.org/changeset/189627869,node,14222208560,2026-09-27T12:31:29Z,Kenya,within 0.03m of node 14222208561,tt_event
2196,duplicated node,Osano,20287125,https://www.openstreetmap.org/#map=18/-2.899023/37.511614,189627869,https://www.openstreetmap.org/changeset/189627869,node,14222208569,2026-09-27T12:31:29Z,Kenya,within 0.00m of node 14222208573,tt_event
2197,duplicated node,Osano,20287125,https://www.openstreetmap.org/#map=18/-2.898006/37.512579,189627869,https://www.openstreetmap.org/changeset/189627869,node,14222208576,2026-09-27T12:31:29Z,Kenya,within 0.03m of node 14222208582,tt_event
2198,duplicated node,Osano,20287125,https://www.openstreetmap.org/#map=18/-2.897980/37.512583,189627869,https://www.openstreetmap.org/changeset/189627869,node,14222208580,2026-09-27T12:31:29Z,Kenya,within 0.01m of node 14222208581,tt_event
2199,duplicated node,Osano,20287125,https://www.openstreetmap.org/#map=18/-2.895727/37.507841,189627869,https://www.openstreetmap.org/changeset/189627869,node,14222241727,2026-09-27T12:31:29Z,Kenya,within 0.04m of node 14222241732,tt_event
2200,feature mapped without primary tag,dialloalpha,3713991,https://www.openstreetmap.org/#map=18/15.004618/-16.735191,189631984,https://www.openstreetmap.org/changeset/189631984,node,3733228856,2026-09-27T14:01:47Z,Senegal,node 3733228856: tags present but none are a primary key: ['source'],tt_event
2201,feature mapped without primary tag,dialloalpha,3713991,https://www.openstreetmap.org/#map=18/15.005016/-16.733266,189631984,https://www.openstreetmap.org/changeset/189631984,node,3733228864,2026-09-27T14:01:47Z,Senegal,node 3733228864: tags present but none are a primary key: ['source'],tt_event
2202,feature mapped without primary tag,dialloalpha,3713991,https://www.openstreetmap.org/#map=18/15.005191/-16.734894,189631984,https://www.openstreetmap.org/changeset/189631984,node,3733228870,2026-09-27T14:01:47Z,Senegal,node 3733228870: tags present but none are a primary key: ['source'],tt_event
2203,feature mapped without primary tag,dialloalpha,3713991,https://www.openstreetmap.org/#map=18/15.005788/-16.734582,189631984,https://www.openstreetmap.org/changeset/189631984,node,3733228893,2026-09-27T14:01:47Z,Senegal,node 3733228893: tags present but none are a primary key: ['source'],tt_event
2204,feature mapped without primary tag,dialloalpha,3713991,https://www.openstreetmap.org/#map=18/15.006349/-16.734295,189631984,https://www.openstreetmap.org/changeset/189631984,node,3733228915,2026-09-27T14:01:47Z,Senegal,node 3733228915: tags present but none are a primary key: ['source'],tt_event
2205,feature mapped without primary tag,dialloalpha,3713991,https://www.openstreetmap.org/#map=18/15.006908/-16.734005,189631984,https://www.openstreetmap.org/changeset/189631984,node,3733228945,2026-09-27T14:01:47Z,Senegal,node 3733228945: tags present but none are a primary key: ['source'],tt_event
2206,feature mapped without primary tag,dialloalpha,3713991,https://www.openstreetmap.org/#map=18/15.007475/-16.733711,189631984,https://www.openstreetmap.org/changeset/189631984,node,3733228967,2026-09-27T14:01:47Z,Senegal,node 3733228967: tags present but none are a primary key: ['source'],tt_event
2207,feature mapped without primary tag,dialloalpha,3713991,https://www.openstreetmap.org/#map=18/15.008024/-16.733427,189631984,https://www.openstreetmap.org/changeset/189631984,node,3733228982,2026-09-27T14:01:47Z,Senegal,node 3733228982: tags present but none are a primary key: ['source'],tt_event
2208,feature mapped without primary tag,dialloalpha,3713991,https://www.openstreetmap.org/#map=18/15.008602/-16.733127,189631984,https://www.openstreetmap.org/changeset/189631984,node,3733229020,2026-09-27T14:01:47Z,Senegal,node 3733229020: tags present but none are a primary key: ['source'],tt_event
2209,feature mapped without primary tag,dialloalpha,3713991,https://www.openstreetmap.org/#map=18/15.009168/-16.732834,189631984,https://www.openstreetmap.org/changeset/189631984,node,3733229049,2026-09-27T14:01:47Z,Senegal,node 3733229049: tags present but none are a primary key: ['source'],tt_event
2210,duplicated node,ass bouh,24598265,https://www.openstreetmap.org/#map=18/15.016286/-16.736918,189629940,https://www.openstreetmap.org/changeset/189629940,node,14222319960,2026-09-27T13:19:29Z,Senegal,within 0.00m of node 14222319961,tt_event
2211,duplicated node,Baraka MP,24584848,https://www.openstreetmap.org/#map=18/13.699783/100.546558,189629817,https://www.openstreetmap.org/changeset/189629817,node,14222287618,2026-09-27T13:16:18Z,Thailand,within 0.04m of node 14222287619,tt_event
2212,duplicated node,ass bouh,24598265,https://www.openstreetmap.org/#map=18/15.016369/-16.737591,189629703,https://www.openstreetmap.org/changeset/189629703,node,14222329165,2026-09-27T13:13:13Z,Senegal,within 0.02m of node 14222329166,tt_event
2213,duplicated node,ass bouh,24598265,https://www.openstreetmap.org/#map=18/15.015724/-16.736210,189629703,https://www.openstreetmap.org/changeset/189629703,node,14222329302,2026-09-27T13:13:13Z,Senegal,within 0.05m of node 14222329303,tt_event
2214,duplicated node,ass bouh,24598265,https://www.openstreetmap.org/#map=18/15.015594/-16.735402,189629703,https://www.openstreetmap.org/changeset/189629703,node,14222329325,2026-09-27T13:13:13Z,Senegal,within 0.02m of node 14222329326,tt_event
2215,duplicated node,ass bouh,24598265,https://www.openstreetmap.org/#map=18/15.015601/-16.735400,189629703,https://www.openstreetmap.org/changeset/189629703,node,14222329328,2026-09-27T13:13:13Z,Senegal,within 0.03m of node 14222329329,tt_event
2216,duplicated node,Nelson Mwova,15220084,https://www.openstreetmap.org/#map=18/-28.440852/21.293516,189629466,https://www.openstreetmap.org/changeset/189629466,node,14222308892,2026-09-27T13:08:31Z,South Africa,within 0.02m of node 14222308896,tt_event
2217,duplicated node,Nelson Mwova,15220084,https://www.openstreetmap.org/#map=18/-28.440876/21.291794,189629466,https://www.openstreetmap.org/changeset/189629466,node,14222322242,2026-09-27T13:08:31Z,South Africa,within 0.04m of node 14222322249,tt_event
2218,feature mapped without primary tag,fallou dieng,24595692,https://www.openstreetmap.org/#map=18/15.014176/-16.732550,189632631,https://www.openstreetmap.org/changeset/189632631,node,3733229285,2026-09-27T14:13:41Z,Senegal,node 3733229285: tags present but none are a primary key: ['source'],tt_event
2219,duplicated node,fallou dieng,24595692,https://www.openstreetmap.org/#map=18/15.015370/-16.733125,189632631,https://www.openstreetmap.org/changeset/189632631,node,14222421468,2026-09-27T14:13:41Z,Senegal,within 0.02m of node 14222421470,tt_event
2220,feature mapped without primary tag,dialloalpha,3713991,https://www.openstreetmap.org/#map=18/15.004582/-16.733709,189632478,https://www.openstreetmap.org/changeset/189632478,node,3733228854,2026-09-27T14:10:27Z,Senegal,node 3733228854: tags present but none are a primary key: ['source'],tt_event
2221,duplicated node,ABDULLAHI22,24595353,https://www.openstreetmap.org/#map=18/15.012865/-16.733250,189641439,https://www.openstreetmap.org/changeset/189641439,node,14224660445,2026-09-27T17:02:51Z,Senegal,within 0.01m of node 14224660447,tt_event
2222,duplicated node,ABDULLAHI22,24595353,https://www.openstreetmap.org/#map=18/15.012596/-16.734279,189641439,https://www.openstreetmap.org/changeset/189641439,node,14224660603,2026-09-27T17:02:51Z,Senegal,within 0.00m of node 14224660605,tt_event
2223,feature mapped without primary tag,fallou dieng,24595692,https://www.openstreetmap.org/#map=18/15.019694/-16.733272,189641357,https://www.openstreetmap.org/changeset/189641357,node,3733229517,2026-09-27T17:00:24Z,Senegal,node 3733229517: tags present but none are a primary key: ['source'],tt_event
2224,feature mapped without primary tag,fallou dieng,24595692,https://www.openstreetmap.org/#map=18/15.019711/-16.733162,189641357,https://www.openstreetmap.org/changeset/189641357,node,3733229518,2026-09-27T17:00:24Z,Senegal,node 3733229518: tags present but none are a primary key: ['source'],tt_event
2225,feature mapped without primary tag,fallou dieng,24595692,https://www.openstreetmap.org/#map=18/15.019799/-16.733287,189641357,https://www.openstreetmap.org/changeset/189641357,node,3733229522,2026-09-27T17:00:24Z,Senegal,node 3733229522: tags present but none are a primary key: ['source'],tt_event
2226,feature mapped without primary tag,fallou dieng,24595692,https://www.openstreetmap.org/#map=18/15.019816/-16.733179,189641357,https://www.openstreetmap.org/changeset/189641357,node,3733229523,2026-09-27T17:00:24Z,Senegal,node 3733229523: tags present but none are a primary key: ['source'],tt_event
2227,feature mapped without primary tag,fallou dieng,24595692,https://www.openstreetmap.org/#map=18/15.010195/-16.739404,189640375,https://www.openstreetmap.org/changeset/189640375,node,3733229103,2026-09-27T16:37:51Z,Senegal,node 3733229103: tags present but none are a primary key: ['source'],tt_event
2228,feature mapped without primary tag,fallou dieng,24595692,https://www.openstreetmap.org/#map=18/15.010827/-16.739071,189640375,https://www.openstreetmap.org/changeset/189640375,node,3733229128,2026-09-27T16:37:51Z,Senegal,node 3733229128: tags present but none are a primary key: ['source'],tt_event
2230,node connected highway and building,Mtaalam,24271963,https://www.openstreetmap.org/#map=18/-6.371804/37.369284,189467812,https://www.openstreetmap.org/changeset/189467812,node,14209459077,2026-09-23T20:12:12Z,Tanzania,shared by highway way 1561721076 and building way 1561721049,tt_event
2231,node connected highway and building,Mtaalam,24271963,https://www.openstreetmap.org/#map=18/-6.372469/37.372020,189467812,https://www.openstreetmap.org/changeset/189467812,node,14209502345,2026-09-23T20:12:12Z,Tanzania,shared by highway way 1561725580 and building way 1561722190,tt_event
2232,node connected highway and building,Mtaalam,24271963,https://www.openstreetmap.org/#map=18/-6.372469/37.372020,189467812,https://www.openstreetmap.org/changeset/189467812,node,14209475886,2026-09-23T20:12:12Z,Tanzania,shared by highway way 1561725580 and building way 1561722190,tt_event
2238,node connected highway and building,Mtaalam,24271963,https://www.openstreetmap.org/#map=18/-6.371804/37.369284,189467733,https://www.openstreetmap.org/changeset/189467733,node,14209459077,2026-09-23T20:09:15Z,Tanzania,shared by highway way 1561721076 and building way 1561721049,tt_event
2239,node connected highway and building,Mtaalam,24271963,https://www.openstreetmap.org/#map=18/-6.372469/37.372020,189467733,https://www.openstreetmap.org/changeset/189467733,node,14209502345,2026-09-23T20:09:15Z,Tanzania,shared by highway way 1561725580 and building way 1561722190,tt_event
2240,node connected highway and building,Mtaalam,24271963,https://www.openstreetmap.org/#map=18/-6.372469/37.372020,189467733,https://www.openstreetmap.org/changeset/189467733,node,14209475886,2026-09-23T20:09:15Z,Tanzania,shared by highway way 1561725580 and building way 1561722190,tt_event
2242,node connected highway and building,Mtaalam,24271963,https://www.openstreetmap.org/#map=18/-6.371804/37.369284,189470850,https://www.openstreetmap.org/changeset/189470850,node,14209459077,2026-09-23T22:05:05Z,Tanzania,shared by highway way 1561721076 and building way 1561721049,tt_event
2243,node connected highway and building,Mtaalam,24271963,https://www.openstreetmap.org/#map=18/-6.372469/37.372020,189470850,https://www.openstreetmap.org/changeset/189470850,node,14209502345,2026-09-23T22:05:05Z,Tanzania,shared by highway way 1561725580 and building way 1561722190,tt_event
2244,node connected highway and building,Mtaalam,24271963,https://www.openstreetmap.org/#map=18/-6.372469/37.372020,189470850,https://www.openstreetmap.org/changeset/189470850,node,14209475886,2026-09-23T22:05:05Z,Tanzania,shared by highway way 1561725580 and building way 1561722190,tt_event
2245,node connected highway and building,Mtaalam,24271963,https://www.openstreetmap.org/#map=18/-6.371804/37.369284,189470794,https://www.openstreetmap.org/changeset/189470794,node,14209459077,2026-09-23T22:02:36Z,Tanzania,shared by highway way 1561721076 and building way 1561721049,tt_event
2246,node connected highway and building,Mtaalam,24271963,https://www.openstreetmap.org/#map=18/-6.372469/37.372020,189470794,https://www.openstreetmap.org/changeset/189470794,node,14209502345,2026-09-23T22:02:36Z,Tanzania,shared by highway way 1561725580 and building way 1561722190,tt_event
2247,node connected highway and building,Mtaalam,24271963,https://www.openstreetmap.org/#map=18/-6.372469/37.372020,189470794,https://www.openstreetmap.org/changeset/189470794,node,14209475886,2026-09-23T22:02:36Z,Tanzania,shared by highway way 1561725580 and building way 1561722190,tt_event
2248,crossing highway,Mtaalam,24271963,https://www.openstreetmap.org/#map=18/-6.377785/37.370102,189470686,https://www.openstreetmap.org/changeset/189470686,way,862745921,2026-09-23T21:58:15Z,Tanzania,crosses way 1559136374 without a shared junction node,tt_event
2251,node connected highway and building,Mtaalam,24271963,https://www.openstreetmap.org/#map=18/-6.371804/37.369284,189470686,https://www.openstreetmap.org/changeset/189470686,node,14209459077,2026-09-23T21:58:15Z,Tanzania,shared by highway way 1561721076 and building way 1561721049,tt_event
2252,node connected highway and building,Mtaalam,24271963,https://www.openstreetmap.org/#map=18/-6.372469/37.372020,189470686,https://www.openstreetmap.org/changeset/189470686,node,14209502345,2026-09-23T21:58:15Z,Tanzania,shared by highway way 1561725580 and building way 1561722190,tt_event
2253,node connected highway and building,Mtaalam,24271963,https://www.openstreetmap.org/#map=18/-6.372469/37.372020,189470686,https://www.openstreetmap.org/changeset/189470686,node,14209475886,2026-09-23T21:58:15Z,Tanzania,shared by highway way 1561725580 and building way 1561722190,tt_event
2255,node connected highway and building,Mtaalam,24271963,https://www.openstreetmap.org/#map=18/-6.354044/37.393492,189470591,https://www.openstreetmap.org/changeset/189470591,node,9249964315,2026-09-23T21:54:35Z,Tanzania,shared by highway way 863714508 and building way 1002227130,tt_event
2260,node connected highway and building,Mtaalam,24271963,https://www.openstreetmap.org/#map=18/-6.354044/37.393492,189470310,https://www.openstreetmap.org/changeset/189470310,node,9249964315,2026-09-23T21:42:06Z,Tanzania,shared by highway way 863714508 and building way 1002227130,tt_event
2261,crossing highway,MartinBarcala,24578004,https://www.openstreetmap.org/#map=18/1.042557/32.715844,189470109,https://www.openstreetmap.org/changeset/189470109,way,1512056922,2026-09-23T21:33:30Z,Uganda,crosses way 1562769618 without a shared junction node,tt_event
2264,node connected highway and building,Mtaalam,24271963,https://www.openstreetmap.org/#map=18/-6.354044/37.393492,189469786,https://www.openstreetmap.org/changeset/189469786,node,9249964315,2026-09-23T21:22:33Z,Tanzania,shared by highway way 863714508 and building way 1002227130,tt_event
2267,duplicated node,Divine ciel,24346661,https://www.openstreetmap.org/#map=18/-2.305637/30.154080,189469650,https://www.openstreetmap.org/changeset/189469650,node,14210385487,2026-09-23T21:17:05Z,Rwanda,within 0.01m of pre-existing node 14212502736,tt_event
2271,node connected highway and building,Mtaalam,24271963,https://www.openstreetmap.org/#map=18/-6.354044/37.393492,189469633,https://www.openstreetmap.org/changeset/189469633,node,9249964315,2026-09-23T21:16:04Z,Tanzania,shared by highway way 863714508 and building way 1002227130,tt_event
2272,node connected highway and building,Mtaalam,24271963,https://www.openstreetmap.org/#map=18/-6.353858/37.393889,189469633,https://www.openstreetmap.org/changeset/189469633,node,9249964335,2026-09-23T21:16:04Z,Tanzania,shared by highway way 872243109 and building way 1002227135,tt_event
2273,node connected highway and building,Mtaalam,24271963,https://www.openstreetmap.org/#map=18/-6.353858/37.393889,189469633,https://www.openstreetmap.org/changeset/189469633,node,9249964334,2026-09-23T21:16:04Z,Tanzania,shared by highway way 872243109 and building way 1002227135,tt_event
2276,way end node near other way,Mtaalam,24271963,https://www.openstreetmap.org/#map=18/-6.355627/37.389919,189469550,https://www.openstreetmap.org/changeset/189469550,node,14183377770,2026-09-23T21:12:57Z,Tanzania,0.45m from way 989288471 but not connected to it,tt_event
2287,node connected highway and building,Mtaalam,24271963,https://www.openstreetmap.org/#map=18/-6.354048/37.393504,189471647,https://www.openstreetmap.org/changeset/189471647,node,9249964315,2026-09-23T22:46:58Z,Tanzania,shared by highway way 863714508 and building way 1002227130,tt_event
2288,node connected highway and building,Mtaalam,24271963,https://www.openstreetmap.org/#map=18/-6.353732/37.393774,189471647,https://www.openstreetmap.org/changeset/189471647,node,9249964335,2026-09-23T22:46:58Z,Tanzania,shared by highway way 872243109 and building way 1002227135,tt_event
2289,node connected highway and building,Mtaalam,24271963,https://www.openstreetmap.org/#map=18/-6.353732/37.393774,189471647,https://www.openstreetmap.org/changeset/189471647,node,9249964334,2026-09-23T22:46:58Z,Tanzania,shared by highway way 872243109 and building way 1002227135,tt_event
2293,node connected highway and building,Mtaalam,24271963,https://www.openstreetmap.org/#map=18/-6.353858/37.393889,189471490,https://www.openstreetmap.org/changeset/189471490,node,9249964335,2026-09-23T22:36:50Z,Tanzania,shared by highway way 872243109 and building way 1002227135,tt_event
2294,node connected highway and building,Mtaalam,24271963,https://www.openstreetmap.org/#map=18/-6.353858/37.393889,189471490,https://www.openstreetmap.org/changeset/189471490,node,9249964334,2026-09-23T22:36:50Z,Tanzania,shared by highway way 872243109 and building way 1002227135,tt_event
2296,crossing highway,Joachim_0,4498347,https://www.openstreetmap.org/#map=18/-14.283022/33.641311,189471426,https://www.openstreetmap.org/changeset/189471426,way,1561828468,2026-09-23T22:32:46Z,Malawi,crosses way 297356206 without a shared junction node,tt_event
2297,crossing highway,Joachim_0,4498347,https://www.openstreetmap.org/#map=18/-14.282160/33.641241,189471426,https://www.openstreetmap.org/changeset/189471426,way,1561828468,2026-09-23T22:32:46Z,Malawi,crosses way 685860470 without a shared junction node,tt_event
2298,crossing highway,Joachim_0,4498347,https://www.openstreetmap.org/#map=18/-14.281520/33.641212,189471426,https://www.openstreetmap.org/changeset/189471426,way,1561828468,2026-09-23T22:32:46Z,Malawi,crosses way 1204467477 without a shared junction node,tt_event
2300,crossing highway,Mtaalam,24271963,https://www.openstreetmap.org/#map=18/-6.377785/37.370102,189471381,https://www.openstreetmap.org/changeset/189471381,way,862745921,2026-09-23T22:30:24Z,Tanzania,crosses way 1559136374 without a shared junction node,tt_event
2303,node connected highway and building,Mtaalam,24271963,https://www.openstreetmap.org/#map=18/-6.371804/37.369284,189471381,https://www.openstreetmap.org/changeset/189471381,node,14209459077,2026-09-23T22:30:24Z,Tanzania,shared by highway way 1561721076 and building way 1561721049,tt_event
2304,node connected highway and building,Mtaalam,24271963,https://www.openstreetmap.org/#map=18/-6.372469/37.372020,189471381,https://www.openstreetmap.org/changeset/189471381,node,14209502345,2026-09-23T22:30:24Z,Tanzania,shared by highway way 1561725580 and building way 1561722190,tt_event
2305,node connected highway and building,Mtaalam,24271963,https://www.openstreetmap.org/#map=18/-6.372469/37.372020,189471381,https://www.openstreetmap.org/changeset/189471381,node,14209475886,2026-09-23T22:30:24Z,Tanzania,shared by highway way 1561725580 and building way 1561722190,tt_event
2307,node connected highway and building,Mtaalam,24271963,https://www.openstreetmap.org/#map=18/-6.353858/37.393889,189471308,https://www.openstreetmap.org/changeset/189471308,node,9249964335,2026-09-23T22:26:24Z,Tanzania,shared by highway way 872243109 and building way 1002227135,tt_event
2308,node connected highway and building,Mtaalam,24271963,https://www.openstreetmap.org/#map=18/-6.353858/37.393889,189471308,https://www.openstreetmap.org/changeset/189471308,node,9249964334,2026-09-23T22:26:24Z,Tanzania,shared by highway way 872243109 and building way 1002227135,tt_event
2310,node connected highway and building,Mtaalam,24271963,https://www.openstreetmap.org/#map=18/-6.371804/37.369284,189471299,https://www.openstreetmap.org/changeset/189471299,node,14209459077,2026-09-23T22:25:50Z,Tanzania,shared by highway way 1561721076 and building way 1561721049,tt_event
2311,node connected highway and building,Mtaalam,24271963,https://www.openstreetmap.org/#map=18/-6.372469/37.372020,189471299,https://www.openstreetmap.org/changeset/189471299,node,14209502345,2026-09-23T22:25:50Z,Tanzania,shared by highway way 1561725580 and building way 1561722190,tt_event
2312,node connected highway and building,Mtaalam,24271963,https://www.openstreetmap.org/#map=18/-6.372469/37.372020,189471299,https://www.openstreetmap.org/changeset/189471299,node,14209475886,2026-09-23T22:25:50Z,Tanzania,shared by highway way 1561725580 and building way 1561722190,tt_event
2317,crossing highway,FARID AZAM,20880560,https://www.openstreetmap.org/#map=18/-6.375832/37.334340,189471154,https://www.openstreetmap.org/changeset/189471154,way,1561827139,2026-09-23T22:18:30Z,Tanzania,crosses way 1560889786 without a shared junction node,tt_event
2321,node connected highway and building,Mtaalam,24271963,https://www.openstreetmap.org/#map=18/-6.354044/37.393492,189471012,https://www.openstreetmap.org/changeset/189471012,node,9249964315,2026-09-23T22:11:46Z,Tanzania,shared by highway way 863714508 and building way 1002227130,tt_event
2322,node connected highway and building,Mtaalam,24271963,https://www.openstreetmap.org/#map=18/-6.353858/37.393889,189471012,https://www.openstreetmap.org/changeset/189471012,node,9249964335,2026-09-23T22:11:46Z,Tanzania,shared by highway way 872243109 and building way 1002227135,tt_event
2323,node connected highway and building,Mtaalam,24271963,https://www.openstreetmap.org/#map=18/-6.353858/37.393889,189471012,https://www.openstreetmap.org/changeset/189471012,node,9249964334,2026-09-23T22:11:46Z,Tanzania,shared by highway way 872243109 and building way 1002227135,tt_event
2326,node connected highway and building,Alpha_Planet,24368838,https://www.openstreetmap.org/#map=18/0.950544/32.685876,189472542,https://www.openstreetmap.org/changeset/189472542,node,13753652470,2026-09-23T23:53:01Z,Uganda,shared by highway way 1502667829 and building way 1502667828,tt_event
2338,crossing highway,Dannyoung,11010237,https://www.openstreetmap.org/#map=18/-2.914174/37.529633,189472420,https://www.openstreetmap.org/changeset/189472420,way,698913833,2026-09-23T23:43:39Z,Kenya,crosses way 1562670667 without a shared junction node,tt_event
2353,crossing highway,Dannyoung,11010237,https://www.openstreetmap.org/#map=18/-2.918140/37.533206,189472126,https://www.openstreetmap.org/changeset/189472126,way,698913833,2026-09-23T23:23:15Z,Kenya,crosses way 1561833511 without a shared junction node,tt_event
2354,crossing highway,Dannyoung,11010237,https://www.openstreetmap.org/#map=18/-2.914174/37.529633,189472126,https://www.openstreetmap.org/changeset/189472126,way,698913833,2026-09-23T23:23:15Z,Kenya,crosses way 1562670667 without a shared junction node,tt_event
2366,feature mapped without primary tag,KahnuSwain,18397551,https://www.openstreetmap.org/#map=18/20.962948/85.886523,189655705,https://www.openstreetmap.org/changeset/189655705,node,245692099,2026-09-28T01:59:32Z,India,node 245692099: tags present but none are a primary key: ['source'],tt_event
2367,feature mapped without primary tag,KahnuSwain,18397551,https://www.openstreetmap.org/#map=18/20.966085/85.918272,189656117,https://www.openstreetmap.org/changeset/189656117,node,245692164,2026-09-28T02:24:23Z,India,node 245692164: tags present but none are a primary key: ['source'],tt_event
2372,crossing highway,KahnuSwain,18397551,https://www.openstreetmap.org/#map=18/20.707628/86.109240,189475120,https://www.openstreetmap.org/changeset/189475120,way,1539714674,2026-09-24T02:39:45Z,India,crosses way 1539714672 without a shared junction node,tt_event
2373,crossing highway,KahnuSwain,18397551,https://www.openstreetmap.org/#map=18/20.723778/86.110725,189475120,https://www.openstreetmap.org/changeset/189475120,way,1539714674,2026-09-24T02:39:45Z,India,crosses way 1539714669 without a shared junction node,tt_event
2374,crossing highway,KahnuSwain,18397551,https://www.openstreetmap.org/#map=18/20.733009/86.106206,189475120,https://www.openstreetmap.org/changeset/189475120,way,1539714674,2026-09-24T02:39:45Z,India,crosses way 1539714670 without a shared junction node,tt_event
2375,crossing highway,KahnuSwain,18397551,https://www.openstreetmap.org/#map=18/20.707732/86.109328,189475120,https://www.openstreetmap.org/changeset/189475120,way,842258326,2026-09-24T02:39:45Z,India,crosses way 1539714672 without a shared junction node,tt_event
2376,crossing highway,KahnuSwain,18397551,https://www.openstreetmap.org/#map=18/20.723768/86.110879,189475120,https://www.openstreetmap.org/changeset/189475120,way,842258326,2026-09-24T02:39:45Z,India,crosses way 1539714669 without a shared junction node,tt_event
2377,crossing highway,KahnuSwain,18397551,https://www.openstreetmap.org/#map=18/20.733060/86.106343,189475120,https://www.openstreetmap.org/changeset/189475120,way,842258326,2026-09-24T02:39:45Z,India,crosses way 1539714670 without a shared junction node,tt_event
2380,crossing highway,KahnuSwain,18397551,https://www.openstreetmap.org/#map=18/20.733009/86.106206,189475012,https://www.openstreetmap.org/changeset/189475012,way,1539714674,2026-09-24T02:33:40Z,India,crosses way 1539714670 without a shared junction node,tt_event
2381,crossing highway,KahnuSwain,18397551,https://www.openstreetmap.org/#map=18/20.707628/86.109240,189475012,https://www.openstreetmap.org/changeset/189475012,way,1539714674,2026-09-24T02:33:40Z,India,crosses way 1539714672 without a shared junction node,tt_event
2382,crossing highway,KahnuSwain,18397551,https://www.openstreetmap.org/#map=18/20.723778/86.110725,189475012,https://www.openstreetmap.org/changeset/189475012,way,1539714674,2026-09-24T02:33:40Z,India,crosses way 1539714669 without a shared junction node,tt_event
2383,crossing highway,KahnuSwain,18397551,https://www.openstreetmap.org/#map=18/20.761923/86.086228,189475012,https://www.openstreetmap.org/changeset/189475012,way,1539714674,2026-09-24T02:33:40Z,India,crosses way 1539714671 without a shared junction node,tt_event
2384,crossing highway,KahnuSwain,18397551,https://www.openstreetmap.org/#map=18/20.759353/86.087896,189475012,https://www.openstreetmap.org/changeset/189475012,way,1539714674,2026-09-24T02:33:40Z,India,crosses way 1561855114 without a shared junction node,tt_event
2397,node connected highway and building,KennyDap,21660928,https://www.openstreetmap.org/#map=18/33.516836/126.524267,189476607,https://www.openstreetmap.org/changeset/189476607,node,13971549738,2026-09-24T03:57:10Z,South Korea,shared by highway way 1533140641 and building way 1533140611,tt_event
2398,node connected highway and building,KennyDap,21660928,https://www.openstreetmap.org/#map=18/33.516959/126.523806,189476607,https://www.openstreetmap.org/changeset/189476607,node,13971549739,2026-09-24T03:57:10Z,South Korea,shared by highway way 1533140642 and building way 1533140613,tt_event
2399,node connected highway and building,KennyDap,21660928,https://www.openstreetmap.org/#map=18/33.516862/126.520922,189476607,https://www.openstreetmap.org/changeset/189476607,node,13979310836,2026-09-24T03:57:10Z,South Korea,shared by highway way 1534126590 and building way 1534121333,tt_event
2400,node connected highway and building,KennyDap,21660928,https://www.openstreetmap.org/#map=18/33.516932/126.519913,189476607,https://www.openstreetmap.org/changeset/189476607,node,13979796999,2026-09-24T03:57:10Z,South Korea,shared by highway way 1534185510 and building way 1534185487,tt_event
2401,node connected highway and building,KennyDap,21660928,https://www.openstreetmap.org/#map=18/33.516891/126.519906,189476607,https://www.openstreetmap.org/changeset/189476607,node,13979797000,2026-09-24T03:57:10Z,South Korea,shared by highway way 1534185511 and building way 1534185487,tt_event
2405,node connected highway and building,KennyDap,21660928,https://www.openstreetmap.org/#map=18/33.516959/126.523806,189476493,https://www.openstreetmap.org/changeset/189476493,node,13971549739,2026-09-24T03:51:05Z,South Korea,shared by highway way 1533140642 and building way 1533140613,tt_event
2406,node connected highway and building,KennyDap,21660928,https://www.openstreetmap.org/#map=18/33.516862/126.520922,189476493,https://www.openstreetmap.org/changeset/189476493,node,13979310836,2026-09-24T03:51:05Z,South Korea,shared by highway way 1534126590 and building way 1534121333,tt_event
2409,node connected highway and building,KennyDap,21660928,https://www.openstreetmap.org/#map=18/33.516959/126.523806,189476442,https://www.openstreetmap.org/changeset/189476442,node,13971549739,2026-09-24T03:47:17Z,South Korea,shared by highway way 1533140642 and building way 1533140613,tt_event
2411,node connected highway and building,KennyDap,21660928,https://www.openstreetmap.org/#map=18/33.516836/126.524267,189476375,https://www.openstreetmap.org/changeset/189476375,node,13971549738,2026-09-24T03:42:23Z,South Korea,shared by highway way 1533140641 and building way 1533140611,tt_event
2412,node connected highway and building,KennyDap,21660928,https://www.openstreetmap.org/#map=18/33.516959/126.523806,189476375,https://www.openstreetmap.org/changeset/189476375,node,13971549739,2026-09-24T03:42:23Z,South Korea,shared by highway way 1533140642 and building way 1533140613,tt_event
2413,node connected highway and building,KennyDap,21660928,https://www.openstreetmap.org/#map=18/33.516862/126.520922,189476375,https://www.openstreetmap.org/changeset/189476375,node,13979310836,2026-09-24T03:42:23Z,South Korea,shared by highway way 1534126590 and building way 1534121333,tt_event
2414,node connected highway and building,KennyDap,21660928,https://www.openstreetmap.org/#map=18/33.516932/126.519913,189476375,https://www.openstreetmap.org/changeset/189476375,node,13979796999,2026-09-24T03:42:23Z,South Korea,shared by highway way 1534185510 and building way 1534185487,tt_event
2415,node connected highway and building,KennyDap,21660928,https://www.openstreetmap.org/#map=18/33.516891/126.519906,189476375,https://www.openstreetmap.org/changeset/189476375,node,13979797000,2026-09-24T03:42:23Z,South Korea,shared by highway way 1534185511 and building way 1534185487,tt_event
2416,overlapping highway,KennyDap,21660928,https://www.openstreetmap.org/#map=18/33.517002/126.523731,189476248,https://www.openstreetmap.org/changeset/189476248,way,1533144260,2026-09-24T03:33:35Z,South Korea,runs alongside existing way 1535775890 (both 'footway') for 100% of its length,tt_event
2420,node connected highway and building,KennyDap,21660928,https://www.openstreetmap.org/#map=18/33.516836/126.524267,189476150,https://www.openstreetmap.org/changeset/189476150,node,13971549738,2026-09-24T03:29:49Z,South Korea,shared by highway way 1533140641 and building way 1533140611,tt_event
2427,node connected highway and building,Amruta Sandip Patil,21771748,https://www.openstreetmap.org/#map=18/11.788014/75.459077,189477553,https://www.openstreetmap.org/changeset/189477553,node,9847918573,2026-09-24T04:56:28Z,India,shared by highway way 1259766686 and building way 1073537553,tt_event
2431,node connected highway and building,KennyDap,21660928,https://www.openstreetmap.org/#map=18/33.516862/126.520922,189476988,https://www.openstreetmap.org/changeset/189476988,node,13979310836,2026-09-24T04:21:42Z,South Korea,shared by highway way 1534126590 and building way 1534121333,tt_event
2433,node connected highway and building,KennyDap,21660928,https://www.openstreetmap.org/#map=18/33.516862/126.520922,189476950,https://www.openstreetmap.org/changeset/189476950,node,13979310836,2026-09-24T04:19:16Z,South Korea,shared by highway way 1534126590 and building way 1534121333,tt_event
2437,node connected highway and building,KennyDap,21660928,https://www.openstreetmap.org/#map=18/33.516932/126.519913,189476816,https://www.openstreetmap.org/changeset/189476816,node,13979796999,2026-09-24T04:11:18Z,South Korea,shared by highway way 1534185510 and building way 1534185487,tt_event
2438,node connected highway and building,KennyDap,21660928,https://www.openstreetmap.org/#map=18/33.516891/126.519906,189476816,https://www.openstreetmap.org/changeset/189476816,node,13979797000,2026-09-24T04:11:18Z,South Korea,shared by highway way 1534185511 and building way 1534185487,tt_event
2439,node connected highway and building,Tresunocuatrodos,23722948,https://www.openstreetmap.org/#map=18/-38.741327/-72.603391,189476785,https://www.openstreetmap.org/changeset/189476785,node,8486408394,2026-09-24T04:09:33Z,Chile,shared by highway way 549105004 and building way 549105005,tt_event
2440,node connected highway and building,Tresunocuatrodos,23722948,https://www.openstreetmap.org/#map=18/-38.740924/-72.603338,189476785,https://www.openstreetmap.org/changeset/189476785,node,8486408327,2026-09-24T04:09:33Z,Chile,shared by highway way 913564655 and building way 913564657,tt_event
2441,node connected highway and building,Tresunocuatrodos,23722948,https://www.openstreetmap.org/#map=18/-38.740755/-72.603336,189476785,https://www.openstreetmap.org/changeset/189476785,node,8486408328,2026-09-24T04:09:33Z,Chile,shared by highway way 913564658 and building way 913564657,tt_event
2442,node connected highway and building,Tresunocuatrodos,23722948,https://www.openstreetmap.org/#map=18/-38.741720/-72.603161,189476785,https://www.openstreetmap.org/changeset/189476785,node,8486408391,2026-09-24T04:09:33Z,Chile,shared by highway way 913564674 and building way 549105005,tt_event
2443,node connected highway and building,Tresunocuatrodos,23722948,https://www.openstreetmap.org/#map=18/-38.741658/-72.603568,189476785,https://www.openstreetmap.org/changeset/189476785,node,8486408392,2026-09-24T04:09:33Z,Chile,shared by highway way 913564675 and building way 549105005,tt_event
2444,node connected highway and building,Tresunocuatrodos,23722948,https://www.openstreetmap.org/#map=18/-38.741531/-72.603640,189476785,https://www.openstreetmap.org/changeset/189476785,node,8486408393,2026-09-24T04:09:33Z,Chile,shared by highway way 913564676 and building way 549105005,tt_event
2445,node connected highway and building,Tresunocuatrodos,23722948,https://www.openstreetmap.org/#map=18/-38.740535/-72.602977,189476785,https://www.openstreetmap.org/changeset/189476785,node,14108106726,2026-09-24T04:09:33Z,Chile,shared by highway way 1551140124 and building way 918267857,tt_event
2448,crossing buildings,Agnes Petro,23585416,https://www.openstreetmap.org/#map=18/-6.448898/37.430790,189478998,https://www.openstreetmap.org/changeset/189478998,way,1561889296,2026-09-24T06:56:11Z,Tanzania,outline crosses way 1562585393 (27% area overlap),tt_event
2453,node connected highway and building,Agnes Petro,23585416,https://www.openstreetmap.org/#map=18/-6.389767/37.336630,189480755,https://www.openstreetmap.org/changeset/189480755,node,14211270191,2026-09-24T06:56:29Z,Tanzania,shared by highway way 1145078253 and building way 1561894598,tt_event
2454,crossing buildings,Agnes Petro,23585416,https://www.openstreetmap.org/#map=18/-6.389888/37.337301,189480605,https://www.openstreetmap.org/changeset/189480605,way,1561895374,2026-09-24T06:51:11Z,Tanzania,outline crosses way 1271131337 (17% area overlap),tt_event
2455,overlapping buildings,Agnes Petro,23585416,https://www.openstreetmap.org/#map=18/-6.390015/37.337311,189480605,https://www.openstreetmap.org/changeset/189480605,way,1561895376,2026-09-24T06:51:11Z,Tanzania,7% area overlap with way 1271131336,tt_event
2456,crossing buildings,Agnes Petro,23585416,https://www.openstreetmap.org/#map=18/-6.389600/37.337371,189480605,https://www.openstreetmap.org/changeset/189480605,way,1561895388,2026-09-24T06:51:11Z,Tanzania,outline crosses way 1559888995 (14% area overlap),tt_event
2458,crossing buildings,Agnes Petro,23585416,https://www.openstreetmap.org/#map=18/-6.389108/37.336000,189480419,https://www.openstreetmap.org/changeset/189480419,way,1561894581,2026-09-24T06:45:01Z,Tanzania,outline crosses way 1271132748 (3% area overlap),tt_event
2459,crossing buildings,Agnes Petro,23585416,https://www.openstreetmap.org/#map=18/-6.389475/37.336786,189480419,https://www.openstreetmap.org/changeset/189480419,way,1561894596,2026-09-24T06:45:01Z,Tanzania,outline crosses way 1271131332 (26% area overlap),tt_event
2461,node connected highway and building,Agnes Petro,23585416,https://www.openstreetmap.org/#map=18/-6.389767/37.336630,189480419,https://www.openstreetmap.org/changeset/189480419,node,14211270191,2026-09-24T06:45:01Z,Tanzania,shared by highway way 1145078253 and building way 1561894598,tt_event
2465,crossing buildings,Agnes Petro,23585416,https://www.openstreetmap.org/#map=18/-6.379674/37.320742,189479952,https://www.openstreetmap.org/changeset/189479952,way,1561893408,2026-09-24T06:30:49Z,Tanzania,outline crosses way 1558372843 (4% area overlap),tt_event
2468,node connected highway and building,Agnes Petro,23585416,https://www.openstreetmap.org/#map=18/-6.445699/37.431455,189479649,https://www.openstreetmap.org/changeset/189479649,node,14211196664,2026-09-24T06:22:14Z,Tanzania,shared by highway way 961114429 and building way 1561892563,tt_event
2473,crossing buildings,Agnes Petro,23585416,https://www.openstreetmap.org/#map=18/-6.447234/37.429126,189479393,https://www.openstreetmap.org/changeset/189479393,way,1561891961,2026-09-24T06:12:46Z,Tanzania,outline crosses way 1561889997 (4% area overlap),tt_event
2474,crossing buildings,Agnes Petro,23585416,https://www.openstreetmap.org/#map=18/-6.446447/37.429490,189479393,https://www.openstreetmap.org/changeset/189479393,way,1561891970,2026-09-24T06:12:46Z,Tanzania,outline crosses way 1562601082 (51% area overlap),tt_event
2477,crossing buildings,Agnes Petro,23585416,https://www.openstreetmap.org/#map=18/-6.448898/37.430790,189478998,https://www.openstreetmap.org/changeset/189478998,way,1561889296,2026-09-24T06:56:11Z,Tanzania,outline crosses way 1562585393 (27% area overlap),tt_event
2479,node connected highway and building,gidion shembazi,23852174,https://www.openstreetmap.org/#map=18/-6.368971/37.339870,189483231,https://www.openstreetmap.org/changeset/189483231,node,14212288862,2026-09-24T08:05:36Z,Tanzania,shared by highway way 1145091752 and building way 1562005615,tt_event
2480,crossing buildings,Agnes Petro,23585416,https://www.openstreetmap.org/#map=18/-6.420392/37.408286,189483154,https://www.openstreetmap.org/changeset/189483154,way,1561920868,2026-09-24T08:03:24Z,Tanzania,outline crosses way 1000634007 (38% area overlap),tt_event
2481,duplicated node,Agnes Petro,23585416,https://www.openstreetmap.org/#map=18/-6.420834/37.405704,189483093,https://www.openstreetmap.org/changeset/189483093,node,14211428922,2026-09-24T08:02:05Z,Tanzania,within 0.00m of pre-existing node 14211403200,tt_event
2492,duplicated node,Agnes Petro,23585416,https://www.openstreetmap.org/#map=18/-6.422365/37.396077,189482705,https://www.openstreetmap.org/changeset/189482705,node,14211422315,2026-09-24T07:52:05Z,Unknown,within 0.00m of pre-existing node 14211387919,tt_event
2493,crossing highway,Agnes Petro,23585416,https://www.openstreetmap.org/#map=18/-6.423002/37.395858,189482705,https://www.openstreetmap.org/changeset/189482705,way,1561908738,2026-09-24T07:52:05Z,Unknown,crosses way 1561910260 without a shared junction node,tt_event
2496,duplicated node,Agnes Petro,23585416,https://www.openstreetmap.org/#map=18/-6.423122/37.397464,189482626,https://www.openstreetmap.org/changeset/189482626,node,14211403503,2026-09-24T07:49:46Z,Tanzania,within 0.00m of pre-existing node 14211387943,tt_event
2497,duplicated node,Agnes Petro,23585416,https://www.openstreetmap.org/#map=18/-6.424469/37.398175,189482626,https://www.openstreetmap.org/changeset/189482626,node,14211403504,2026-09-24T07:49:46Z,Tanzania,within 0.00m of pre-existing node 14211384752,tt_event
2498,crossing highway,Agnes Petro,23585416,https://www.openstreetmap.org/#map=18/-6.424463/37.398184,189482626,https://www.openstreetmap.org/changeset/189482626,way,1561905056,2026-09-24T07:49:46Z,Tanzania,crosses way 1561905058 without a shared junction node,tt_event
2501,way end node near other way,Agnes Petro,23585416,https://www.openstreetmap.org/#map=18/-6.424469/37.398175,189482626,https://www.openstreetmap.org/changeset/189482626,node,14211403504,2026-09-24T07:49:46Z,Tanzania,0.34m from way 1561905058 but not connected to it,tt_event
2508,node connected highway and building,Divine ciel,24346661,https://www.openstreetmap.org/#map=18/-2.224055/30.130727,189482168,https://www.openstreetmap.org/changeset/189482168,node,6337468406,2026-09-24T07:37:52Z,Rwanda,shared by highway way 676767096 and building way 1561396668,tt_event
2519,overlapping highway,KennyDap,21660928,https://www.openstreetmap.org/#map=18/33.515292/126.517353,189481658,https://www.openstreetmap.org/changeset/189481658,way,1561900961,2026-09-24T07:26:23Z,South Korea,runs alongside existing way 1561017567 (both 'footway') for 100% of its length,tt_event
2521,broken highway continuity,Dinoafr,11431132,https://www.openstreetmap.org/#map=18/17.146804/121.888986,189481569,https://www.openstreetmap.org/changeset/189481569,way,865547762,2026-09-24T07:23:43Z,Philippines,'Rizal Avenue' looks continuous but way 865547762 and way 1384282964 are 3.76m apart with no shared node,tt_event
2529,feature mapped without primary tag,Johann200104,21750436,https://www.openstreetmap.org/#map=18/43.134309/20.523464,189669097,https://www.openstreetmap.org/changeset/189669097,node,11085278506,2026-09-28T09:45:03Z,Serbia,"node 11085278506: tags present but none are a primary key: ['addr:housenumber', 'addr:street', 'ref:RS:kucni_broj']",tt_event
2530,feature mapped without primary tag,Johann200104,21750436,https://www.openstreetmap.org/#map=18/43.134393/20.523365,189669097,https://www.openstreetmap.org/changeset/189669097,node,11085278527,2026-09-28T09:45:03Z,Serbia,"node 11085278527: tags present but none are a primary key: ['addr:housenumber', 'addr:street', 'ref:RS:kucni_broj']",tt_event
2531,feature mapped without primary tag,Johann200104,21750436,https://www.openstreetmap.org/#map=18/43.136253/20.522470,189669336,https://www.openstreetmap.org/changeset/189669336,node,11085379607,2026-09-28T09:49:37Z,Serbia,"node 11085379607: tags present but none are a primary key: ['addr:housenumber', 'addr:street', 'ref:RS:kucni_broj']",tt_event
2532,crossing buildings,Agnes Petro,23585416,https://www.openstreetmap.org/#map=18/-6.385542/37.333338,189485584,https://www.openstreetmap.org/changeset/189485584,way,1561929967,2026-09-24T09:06:07Z,Tanzania,outline crosses way 1561929980 (15% area overlap),tt_event
2533,crossing buildings,Agnes Petro,23585416,https://www.openstreetmap.org/#map=18/-6.385211/37.333468,189485584,https://www.openstreetmap.org/changeset/189485584,way,1561929984,2026-09-24T09:06:07Z,Tanzania,outline crosses way 1559038865 (5% area overlap),tt_event
2534,feature mapped without primary tag,Calvin Menttor,10394726,https://www.openstreetmap.org/#map=18/-2.938547/37.504162,189672615,https://www.openstreetmap.org/changeset/189672615,node,14226875943,2026-09-28T10:56:26Z,Kenya,node 14226875943: tags present but none are a primary key: ['fixme'],tt_event
2535,feature mapped without primary tag,Calvin Menttor,10394726,https://www.openstreetmap.org/#map=18/-2.937138/37.496015,189672615,https://www.openstreetmap.org/changeset/189672615,node,14226875967,2026-09-28T10:56:26Z,Kenya,node 14226875967: tags present but none are a primary key: ['fixme'],tt_event
2537,feature mapped without primary tag,Calvin Menttor,10394726,https://www.openstreetmap.org/#map=18/-2.937146/37.496034,189677139,https://www.openstreetmap.org/changeset/189677139,node,14226875967,2026-09-28T12:28:56Z,Kenya,node 14226875967: tags present but none are a primary key: ['fixme'],tt_event
2538,crossing highway,Anathalie36n,24379506,https://www.openstreetmap.org/#map=18/-2.260691/30.192461,189485338,https://www.openstreetmap.org/changeset/189485338,way,1561732189,2026-09-24T09:00:39Z,Rwanda,crosses way 1562554605 without a shared junction node,tt_event
2539,crossing highway,Anathalie36n,24379506,https://www.openstreetmap.org/#map=18/-2.258453/30.141732,189485338,https://www.openstreetmap.org/changeset/189485338,way,1561732189,2026-09-24T09:00:39Z,Rwanda,crosses way 676514249 without a shared junction node,tt_event
2541,duplicated node,TeBaMa,6519568,https://www.openstreetmap.org/#map=18/-2.044636/30.396993,189681393,https://www.openstreetmap.org/changeset/189681393,node,14227501818,2026-09-28T13:58:05Z,Rwanda,within 0.04m of node 14227501822,tt_event
2544,crossing buildings,Agnes Petro,23585416,https://www.openstreetmap.org/#map=18/-6.382148/37.336319,189484820,https://www.openstreetmap.org/changeset/189484820,way,1561927169,2026-09-24T08:47:34Z,Tanzania,outline crosses way 1558371515 (29% area overlap),tt_event
2545,crossing buildings,acarreon003,24582523,https://www.openstreetmap.org/#map=18/-2.196747/30.112781,189484803,https://www.openstreetmap.org/changeset/189484803,way,1561927112,2026-09-24T08:47:01Z,Rwanda,outline crosses way 1561927113 (51% area overlap),tt_event
2546,feature mapped without primary tag,Athumani Msangi,24430799,https://www.openstreetmap.org/#map=18/-13.073867/28.462783,189686917,https://www.openstreetmap.org/changeset/189686917,node,2581681866,2026-09-28T16:01:22Z,Zambia,node 2581681866: tags present but none are a primary key: ['road'],tt_event
2547,duplicated node,mohamed yahia1997,24058321,https://www.openstreetmap.org/#map=18/-2.154266/30.166481,189689911,https://www.openstreetmap.org/changeset/189689911,node,14228201058,2026-09-28T17:09:46Z,Rwanda,within 0.00m of node 14228201059,tt_event
2550,node connected highway and building,Goodluck Michael,24398072,https://www.openstreetmap.org/#map=18/-6.385782/37.347028,189483679,https://www.openstreetmap.org/changeset/189483679,node,11804524264,2026-09-24T08:18:42Z,Tanzania,shared by highway way 1559169755 and building way 1271126390,tt_event
2551,node connected highway and building,Goodluck Michael,24398072,https://www.openstreetmap.org/#map=18/-6.390473/37.333745,189483521,https://www.openstreetmap.org/changeset/189483521,node,14209680178,2026-09-24T08:13:39Z,Tanzania,shared by highway way 1145073699 and building way 1561748865,tt_event
2552,node connected highway and building,Goodluck Michael,24398072,https://www.openstreetmap.org/#map=18/-6.389767/37.336630,189483521,https://www.openstreetmap.org/changeset/189483521,node,14211270191,2026-09-24T08:13:39Z,Tanzania,shared by highway way 1145078253 and building way 1561894598,tt_event
2553,node connected highway and building,Goodluck Michael,24398072,https://www.openstreetmap.org/#map=18/-6.386559/37.326642,189483521,https://www.openstreetmap.org/changeset/189483521,node,10657385393,2026-09-24T08:13:39Z,Tanzania,shared by highway way 1145085574 and building way 1559007030,tt_event
2554,node connected highway and building,Goodluck Michael,24398072,https://www.openstreetmap.org/#map=18/-6.376250/37.323571,189483521,https://www.openstreetmap.org/changeset/189483521,node,14212191852,2026-09-24T08:13:39Z,Tanzania,shared by highway way 1145088183 and building way 1561996414,tt_event
2555,node connected highway and building,Goodluck Michael,24398072,https://www.openstreetmap.org/#map=18/-6.385096/37.326405,189483521,https://www.openstreetmap.org/changeset/189483521,node,14209744286,2026-09-24T08:13:39Z,Tanzania,shared by highway way 1145089391 and building way 1561754745,tt_event
2556,node connected highway and building,Goodluck Michael,24398072,https://www.openstreetmap.org/#map=18/-6.387717/37.332734,189483521,https://www.openstreetmap.org/changeset/189483521,node,14203194686,2026-09-24T08:13:39Z,Tanzania,shared by highway way 1145089402 and building way 1560983991,tt_event
2557,node connected highway and building,Goodluck Michael,24398072,https://www.openstreetmap.org/#map=18/-6.380641/37.344555,189483521,https://www.openstreetmap.org/changeset/189483521,node,14184211198,2026-09-24T08:13:39Z,Tanzania,shared by highway way 1145091748 and building way 1559234659,tt_event
2558,node connected highway and building,Goodluck Michael,24398072,https://www.openstreetmap.org/#map=18/-6.368971/37.339870,189483521,https://www.openstreetmap.org/changeset/189483521,node,14212288862,2026-09-24T08:13:39Z,Tanzania,shared by highway way 1145091752 and building way 1562005615,tt_event
2559,node connected highway and building,Goodluck Michael,24398072,https://www.openstreetmap.org/#map=18/-6.390328/37.342662,189483521,https://www.openstreetmap.org/changeset/189483521,node,14209660492,2026-09-24T08:13:39Z,Tanzania,shared by highway way 1145093243 and building way 1561746367,tt_event
2560,node connected highway and building,Goodluck Michael,24398072,https://www.openstreetmap.org/#map=18/-6.376076/37.316906,189483521,https://www.openstreetmap.org/changeset/189483521,node,14206595537,2026-09-24T08:13:39Z,Tanzania,shared by highway way 1179916181 and building way 1561369840,tt_event
2561,node connected highway and building,Goodluck Michael,24398072,https://www.openstreetmap.org/#map=18/-6.385782/37.347028,189483521,https://www.openstreetmap.org/changeset/189483521,node,11804524264,2026-09-24T08:13:39Z,Tanzania,shared by highway way 1559169755 and building way 1271126390,tt_event
2562,node connected highway and building,Goodluck Michael,24398072,https://www.openstreetmap.org/#map=18/-6.375821/37.321381,189483521,https://www.openstreetmap.org/changeset/189483521,node,14206292815,2026-09-24T08:13:39Z,Tanzania,shared by highway way 1561756550 and building way 1561341573,tt_event
2563,node connected highway and building,Goodluck Michael,24398072,https://www.openstreetmap.org/#map=18/-6.375882/37.321250,189483521,https://www.openstreetmap.org/changeset/189483521,node,14209787689,2026-09-24T08:13:39Z,Tanzania,shared by highway way 1561756729 and building way 1561341573,tt_event
2564,building inside building,gidion shembazi,23852174,https://www.openstreetmap.org/#map=18/-6.381011/37.329817,189483450,https://www.openstreetmap.org/changeset/189483450,way,1561921871,2026-09-24T08:11:56Z,Tanzania,fully contained with/containing way 1561998916,tt_event
2565,crossing buildings,gidion shembazi,23852174,https://www.openstreetmap.org/#map=18/-6.382106/37.329802,189483450,https://www.openstreetmap.org/changeset/189483450,way,1561921875,2026-09-24T08:11:56Z,Tanzania,outline crosses way 1561998913 (29% area overlap),tt_event
2566,crossing buildings,gidion shembazi,23852174,https://www.openstreetmap.org/#map=18/-6.381528/37.329577,189483450,https://www.openstreetmap.org/changeset/189483450,way,1561921884,2026-09-24T08:11:56Z,Tanzania,outline crosses way 1561998908 (11% area overlap),tt_event
2567,overlapping highway,Fayth L,23565105,https://www.openstreetmap.org/#map=18/-2.904941/37.490628,189488571,https://www.openstreetmap.org/changeset/189488571,way,698287511,2026-09-24T10:07:23Z,Kenya,runs alongside existing way 1561939910 (both 'unclassified') for 100% of its length,tt_event
2569,overlapping highway,Fayth L,23565105,https://www.openstreetmap.org/#map=18/-2.905552/37.485930,189488484,https://www.openstreetmap.org/changeset/189488484,way,699867214,2026-09-24T10:05:30Z,Kenya,runs alongside existing way 1561939432 (both 'unclassified') for 100% of its length,tt_event
2571,crossing buildings,Issaally,22159397,https://www.openstreetmap.org/#map=18/-6.374137/37.319801,189488456,https://www.openstreetmap.org/changeset/189488456,way,1561942011,2026-09-24T14:13:18Z,Tanzania,outline crosses way 1271162028 (88% area overlap),tt_event
2572,crossing buildings,Issaally,22159397,https://www.openstreetmap.org/#map=18/-6.371608/37.313542,189488456,https://www.openstreetmap.org/changeset/189488456,way,1561943642,2026-09-24T14:13:18Z,Tanzania,outline crosses way 1559154461 (95% area overlap),tt_event
2573,crossing buildings,Issaally,22159397,https://www.openstreetmap.org/#map=18/-6.364373/37.302964,189488456,https://www.openstreetmap.org/changeset/189488456,way,1561948043,2026-09-24T14:13:18Z,Tanzania,outline crosses way 1558761680 (27% area overlap),tt_event
2574,crossing buildings,Issaally,22159397,https://www.openstreetmap.org/#map=18/-6.367163/37.306324,189488456,https://www.openstreetmap.org/changeset/189488456,way,1561949289,2026-09-24T14:13:18Z,Tanzania,outline crosses way 1558764012 (84% area overlap),tt_event
2575,crossing buildings,Issaally,22159397,https://www.openstreetmap.org/#map=18/-6.367619/37.305191,189488456,https://www.openstreetmap.org/changeset/189488456,way,1561950872,2026-09-24T14:13:18Z,Tanzania,outline crosses way 1558763884 (99% area overlap),tt_event
2576,crossing buildings,Issaally,22159397,https://www.openstreetmap.org/#map=18/-6.367919/37.305026,189488456,https://www.openstreetmap.org/changeset/189488456,way,1561950873,2026-09-24T14:13:18Z,Tanzania,outline crosses way 1558763882 (93% area overlap),tt_event
2577,crossing buildings,Issaally,22159397,https://www.openstreetmap.org/#map=18/-6.368062/37.305016,189488456,https://www.openstreetmap.org/changeset/189488456,way,1561953779,2026-09-24T14:13:18Z,Tanzania,outline crosses way 1558763880 (95% area overlap),tt_event
2578,crossing buildings,Issaally,22159397,https://www.openstreetmap.org/#map=18/-6.368310/37.305105,189488456,https://www.openstreetmap.org/changeset/189488456,way,1561953780,2026-09-24T14:13:18Z,Tanzania,outline crosses way 1558763883 (90% area overlap),tt_event
2579,crossing buildings,Issaally,22159397,https://www.openstreetmap.org/#map=18/-6.372365/37.303404,189488456,https://www.openstreetmap.org/changeset/189488456,way,1561954438,2026-09-24T14:13:18Z,Tanzania,outline crosses way 1558770886 (100% area overlap),tt_event
2580,crossing buildings,Issaally,22159397,https://www.openstreetmap.org/#map=18/-6.372899/37.303332,189488456,https://www.openstreetmap.org/changeset/189488456,way,1561954441,2026-09-24T14:13:18Z,Tanzania,outline crosses way 1558809324 (84% area overlap),tt_event
2581,crossing buildings,Issaally,22159397,https://www.openstreetmap.org/#map=18/-6.372693/37.303125,189488456,https://www.openstreetmap.org/changeset/189488456,way,1561954442,2026-09-24T14:13:18Z,Tanzania,outline crosses way 1558809323 (98% area overlap),tt_event
2582,crossing buildings,Issaally,22159397,https://www.openstreetmap.org/#map=18/-6.372536/37.302951,189488456,https://www.openstreetmap.org/changeset/189488456,way,1561954443,2026-09-24T14:13:18Z,Tanzania,outline crosses way 1558770883 (97% area overlap),tt_event
2583,crossing buildings,Issaally,22159397,https://www.openstreetmap.org/#map=18/-6.372123/37.303032,189488456,https://www.openstreetmap.org/changeset/189488456,way,1561954448,2026-09-24T14:13:18Z,Tanzania,outline crosses way 1558770884 (94% area overlap),tt_event
2584,crossing buildings,Issaally,22159397,https://www.openstreetmap.org/#map=18/-6.372256/37.303185,189488456,https://www.openstreetmap.org/changeset/189488456,way,1561954449,2026-09-24T14:13:18Z,Tanzania,outline crosses way 1558770885 (95% area overlap),tt_event
2585,crossing buildings,Issaally,22159397,https://www.openstreetmap.org/#map=18/-6.372216/37.303814,189488456,https://www.openstreetmap.org/changeset/189488456,way,1561954450,2026-09-24T14:13:18Z,Tanzania,outline crosses way 1558770887 (91% area overlap),tt_event
2586,crossing buildings,Issaally,22159397,https://www.openstreetmap.org/#map=18/-6.370191/37.308118,189488456,https://www.openstreetmap.org/changeset/189488456,way,1561955228,2026-09-24T14:13:18Z,Tanzania,outline crosses way 1558813966 (86% area overlap),tt_event
2587,crossing buildings,Issaally,22159397,https://www.openstreetmap.org/#map=18/-6.372096/37.309768,189488456,https://www.openstreetmap.org/changeset/189488456,way,1561959657,2026-09-24T14:13:18Z,Tanzania,outline crosses way 1558816376 (90% area overlap),tt_event
2588,crossing buildings,Issaally,22159397,https://www.openstreetmap.org/#map=18/-6.372349/37.309962,189488456,https://www.openstreetmap.org/changeset/189488456,way,1561959658,2026-09-24T14:13:18Z,Tanzania,outline crosses way 1558816372 (79% area overlap),tt_event
2589,crossing buildings,Issaally,22159397,https://www.openstreetmap.org/#map=18/-6.372385/37.310046,189488456,https://www.openstreetmap.org/changeset/189488456,way,1561959659,2026-09-24T14:13:18Z,Tanzania,outline crosses way 1558816373 (98% area overlap),tt_event
2590,crossing buildings,Issaally,22159397,https://www.openstreetmap.org/#map=18/-6.372322/37.309868,189488456,https://www.openstreetmap.org/changeset/189488456,way,1561959660,2026-09-24T14:13:18Z,Tanzania,outline crosses way 1558816371 (91% area overlap),tt_event
2591,crossing buildings,Issaally,22159397,https://www.openstreetmap.org/#map=18/-6.372139/37.309597,189488456,https://www.openstreetmap.org/changeset/189488456,way,1561959661,2026-09-24T14:13:18Z,Tanzania,outline crosses way 1558816374 (87% area overlap),tt_event
2592,crossing buildings,Issaally,22159397,https://www.openstreetmap.org/#map=18/-6.372415/37.308327,189488456,https://www.openstreetmap.org/changeset/189488456,way,1561959664,2026-09-24T14:13:18Z,Tanzania,outline crosses way 1558768923 (87% area overlap),tt_event
2593,crossing buildings,Issaally,22159397,https://www.openstreetmap.org/#map=18/-6.372188/37.309108,189488456,https://www.openstreetmap.org/changeset/189488456,way,1561959665,2026-09-24T14:13:18Z,Tanzania,outline crosses way 1558768922 (100% area overlap),tt_event
2594,crossing buildings,Issaally,22159397,https://www.openstreetmap.org/#map=18/-6.372450/37.308823,189488456,https://www.openstreetmap.org/changeset/189488456,way,1561959666,2026-09-24T14:13:18Z,Tanzania,outline crosses way 1558768924 (86% area overlap),tt_event
2595,crossing buildings,Issaally,22159397,https://www.openstreetmap.org/#map=18/-6.372493/37.308297,189488456,https://www.openstreetmap.org/changeset/189488456,way,1561959667,2026-09-24T14:13:18Z,Tanzania,outline crosses way 1558768925 (93% area overlap),tt_event
2596,crossing buildings,Issaally,22159397,https://www.openstreetmap.org/#map=18/-6.371944/37.304807,189488456,https://www.openstreetmap.org/changeset/189488456,way,1561959668,2026-09-24T14:13:18Z,Tanzania,outline crosses way 1558770510 (87% area overlap),tt_event
2597,crossing buildings,Issaally,22159397,https://www.openstreetmap.org/#map=18/-6.372060/37.304938,189488456,https://www.openstreetmap.org/changeset/189488456,way,1561959669,2026-09-24T14:13:18Z,Tanzania,outline crosses way 1558770511 (94% area overlap),tt_event
2598,crossing buildings,Issaally,22159397,https://www.openstreetmap.org/#map=18/-6.372329/37.304478,189488456,https://www.openstreetmap.org/changeset/189488456,way,1561959671,2026-09-24T14:13:18Z,Tanzania,outline crosses way 1558770512 (97% area overlap),tt_event
2599,crossing buildings,Issaally,22159397,https://www.openstreetmap.org/#map=18/-6.374028/37.312055,189488456,https://www.openstreetmap.org/changeset/189488456,way,1561965069,2026-09-24T14:13:18Z,Tanzania,outline crosses way 1561977290 (28% area overlap),tt_event
2600,crossing buildings,Issaally,22159397,https://www.openstreetmap.org/#map=18/-6.374096/37.310071,189488456,https://www.openstreetmap.org/changeset/189488456,way,1561965075,2026-09-24T14:13:18Z,Tanzania,outline crosses way 1561977289 (64% area overlap),tt_event
2601,crossing buildings,Issaally,22159397,https://www.openstreetmap.org/#map=18/-6.374255/37.313346,189488456,https://www.openstreetmap.org/changeset/189488456,way,1561965080,2026-09-24T14:13:18Z,Tanzania,outline crosses way 1561977297 (8% area overlap),tt_event
2602,crossing buildings,Issaally,22159397,https://www.openstreetmap.org/#map=18/-6.374255/37.313346,189488456,https://www.openstreetmap.org/changeset/189488456,way,1561965080,2026-09-24T14:13:18Z,Tanzania,outline crosses way 1561977282 (59% area overlap),tt_event
2603,crossing buildings,Issaally,22159397,https://www.openstreetmap.org/#map=18/-6.374254/37.313505,189488456,https://www.openstreetmap.org/changeset/189488456,way,1561965081,2026-09-24T14:13:18Z,Tanzania,outline crosses way 1561977298 (17% area overlap),tt_event
2604,crossing buildings,Issaally,22159397,https://www.openstreetmap.org/#map=18/-6.374347/37.313313,189488456,https://www.openstreetmap.org/changeset/189488456,way,1561965082,2026-09-24T14:13:18Z,Tanzania,outline crosses way 1561977297 (60% area overlap),tt_event
2605,crossing buildings,Issaally,22159397,https://www.openstreetmap.org/#map=18/-6.374488/37.313204,189488456,https://www.openstreetmap.org/changeset/189488456,way,1561965083,2026-09-24T14:13:18Z,Tanzania,outline crosses way 1561977296 (66% area overlap),tt_event
2606,crossing buildings,Issaally,22159397,https://www.openstreetmap.org/#map=18/-6.374051/37.313109,189488456,https://www.openstreetmap.org/changeset/189488456,way,1561965086,2026-09-24T14:13:18Z,Tanzania,outline crosses way 1561977283 (92% area overlap),tt_event
2607,crossing buildings,Issaally,22159397,https://www.openstreetmap.org/#map=18/-6.375414/37.313344,189488456,https://www.openstreetmap.org/changeset/189488456,way,1561977293,2026-09-24T14:13:18Z,Tanzania,outline crosses way 1561001504 (81% area overlap),tt_event
2608,crossing buildings,Issaally,22159397,https://www.openstreetmap.org/#map=18/-6.375562/37.311101,189488456,https://www.openstreetmap.org/changeset/189488456,way,1561977306,2026-09-24T14:13:18Z,Tanzania,outline crosses way 1561001506 (32% area overlap),tt_event
2609,crossing buildings,Issaally,22159397,https://www.openstreetmap.org/#map=18/-6.375389/37.310569,189488456,https://www.openstreetmap.org/changeset/189488456,way,1561977310,2026-09-24T14:13:18Z,Tanzania,outline crosses way 1561001507 (49% area overlap),tt_event
2611,node connected highway and building,Issaally,22159397,https://www.openstreetmap.org/#map=18/-6.376250/37.323571,189488456,https://www.openstreetmap.org/changeset/189488456,node,14212191852,2026-09-24T14:13:18Z,Tanzania,shared by highway way 1145088183 and building way 1561996414,tt_event
2612,node connected highway and building,Issaally,22159397,https://www.openstreetmap.org/#map=18/-6.375821/37.321381,189488456,https://www.openstreetmap.org/changeset/189488456,node,14206292815,2026-09-24T14:13:18Z,Tanzania,shared by highway way 1561756550 and building way 1561341573,tt_event
2613,node connected highway and building,Issaally,22159397,https://www.openstreetmap.org/#map=18/-6.375882/37.321250,189488456,https://www.openstreetmap.org/changeset/189488456,node,14209787689,2026-09-24T14:13:18Z,Tanzania,shared by highway way 1561756729 and building way 1561341573,tt_event
2617,node connected highway and building,Agnes Petro,23585416,https://www.openstreetmap.org/#map=18/-6.386559/37.326642,189487896,https://www.openstreetmap.org/changeset/189487896,node,10657385393,2026-09-24T09:54:29Z,Tanzania,shared by highway way 1145085574 and building way 1559007030,tt_event
2618,crossing highway,Agnes Petro,23585416,https://www.openstreetmap.org/#map=18/-6.379508/37.321925,189487782,https://www.openstreetmap.org/changeset/189487782,way,1145085576,2026-09-24T09:52:19Z,Tanzania,crosses way 1561937454 without a shared junction node,tt_event
2620,node connected highway and building,Agnes Petro,23585416,https://www.openstreetmap.org/#map=18/-6.386559/37.326642,189487782,https://www.openstreetmap.org/changeset/189487782,node,10657385393,2026-09-24T09:52:19Z,Tanzania,shared by highway way 1145085574 and building way 1559007030,tt_event
2629,crossing buildings,Divine ciel,24346661,https://www.openstreetmap.org/#map=18/-0.607188/37.186443,189485839,https://www.openstreetmap.org/changeset/189485839,way,1561930909,2026-09-24T09:11:23Z,Kenya,outline crosses way 1562274001 (5% area overlap),tt_event
2631,node connected highway and building,KennyDap,21660928,https://www.openstreetmap.org/#map=18/33.515188/126.520931,189491376,https://www.openstreetmap.org/changeset/189491376,node,13987569712,2026-09-24T11:06:13Z,South Korea,shared by highway way 1535144760 and building way 1535144768,tt_event
2633,crossing buildings,Athumani Msangi,24430799,https://www.openstreetmap.org/#map=18/-6.383569/37.344162,189491333,https://www.openstreetmap.org/changeset/189491333,way,1561950174,2026-09-24T11:05:35Z,Tanzania,outline crosses way 1561964924 (37% area overlap),tt_event
2637,node connected highway and building,KennyDap,21660928,https://www.openstreetmap.org/#map=18/33.515188/126.520931,189490879,https://www.openstreetmap.org/changeset/189490879,node,13987569712,2026-09-24T10:55:57Z,South Korea,shared by highway way 1535144760 and building way 1535144768,tt_event
2638,node connected highway and building,KennyDap,21660928,https://www.openstreetmap.org/#map=18/33.514822/126.521882,189490879,https://www.openstreetmap.org/changeset/189490879,node,14001214769,2026-09-24T10:55:57Z,South Korea,shared by highway way 1536986964 and building way 1151111605,tt_event
2641,node connected highway and building,Agnes Petro,23585416,https://www.openstreetmap.org/#map=18/-6.377417/37.325661,189490588,https://www.openstreetmap.org/changeset/189490588,node,14211735077,2026-09-24T10:49:51Z,Tanzania,shared by highway way 1211482721 and building way 1561947248,tt_event
2644,node connected highway and building,KennyDap,21660928,https://www.openstreetmap.org/#map=18/33.515188/126.520931,189490350,https://www.openstreetmap.org/changeset/189490350,node,13987569712,2026-09-24T10:45:30Z,South Korea,shared by highway way 1535144760 and building way 1535144768,tt_event
2645,node connected highway and building,KennyDap,21660928,https://www.openstreetmap.org/#map=18/33.514822/126.521882,189490350,https://www.openstreetmap.org/changeset/189490350,node,14001214769,2026-09-24T10:45:30Z,South Korea,shared by highway way 1536986964 and building way 1151111605,tt_event
2646,way end node near other way,Athumani Msangi,24430799,https://www.openstreetmap.org/#map=18/-6.384006/37.346643,189490320,https://www.openstreetmap.org/changeset/189490320,node,14211680600,2026-09-24T10:45:03Z,Tanzania,0.29m from way 652640874 but not connected to it,tt_event
2647,crossing buildings,hidayahussein,24302449,https://www.openstreetmap.org/#map=18/-6.378083/37.322360,189490187,https://www.openstreetmap.org/changeset/189490187,way,1561945833,2026-09-24T10:42:10Z,Tanzania,outline crosses way 1559151135 (85% area overlap),tt_event
2648,overlapping highway,KennyDap,21660928,https://www.openstreetmap.org/#map=18/33.515648/126.520629,189490140,https://www.openstreetmap.org/changeset/189490140,way,1151111591,2026-09-24T10:41:09Z,South Korea,runs alongside existing way 1561475726 (both 'footway') for 100% of its length,tt_event
2650,overlapping highway,KennyDap,21660928,https://www.openstreetmap.org/#map=18/33.515550/126.519577,189489926,https://www.openstreetmap.org/changeset/189489926,way,1533601543,2026-09-24T10:36:18Z,South Korea,runs alongside existing way 1561471644 (both 'footway') for 100% of its length,tt_event
2652,node connected highway and building,KennyDap,21660928,https://www.openstreetmap.org/#map=18/33.515188/126.520931,189489926,https://www.openstreetmap.org/changeset/189489926,node,13987569712,2026-09-24T10:36:18Z,South Korea,shared by highway way 1535144760 and building way 1535144768,tt_event
2653,overlapping highway,KennyDap,21660928,https://www.openstreetmap.org/#map=18/33.515518/126.519324,189489426,https://www.openstreetmap.org/changeset/189489426,way,1533601539,2026-09-24T10:26:02Z,South Korea,runs alongside existing way 1561263979 (both 'footway') for 100% of its length,tt_event
2656,crossing buildings,Agnes Petro,23585416,https://www.openstreetmap.org/#map=18/-6.370433/37.321762,189489045,https://www.openstreetmap.org/changeset/189489045,way,1561941592,2026-09-24T10:17:45Z,Tanzania,outline crosses way 1561971115 (84% area overlap),tt_event
2658,overlapping highway,KennyDap,21660928,https://www.openstreetmap.org/#map=18/33.515417/126.518256,189488980,https://www.openstreetmap.org/changeset/189488980,way,1561903291,2026-09-24T10:16:35Z,South Korea,runs alongside existing way 1561261239 (both 'footway') for 100% of its length,tt_event
2662,crossing buildings,Agnes Petro,23585416,https://www.openstreetmap.org/#map=18/-6.380075/37.325155,189488612,https://www.openstreetmap.org/changeset/189488612,way,1561940033,2026-09-24T10:08:23Z,Tanzania,outline crosses way 1558837274 (5% area overlap),tt_event
2663,crossing buildings,Agnes Petro,23585416,https://www.openstreetmap.org/#map=18/-6.380618/37.325200,189488612,https://www.openstreetmap.org/changeset/189488612,way,1561940040,2026-09-24T10:08:23Z,Tanzania,outline crosses way 1271158212 (7% area overlap),tt_event
2664,crossing buildings,Agnes Petro,23585416,https://www.openstreetmap.org/#map=18/-6.380528/37.325537,189488612,https://www.openstreetmap.org/changeset/189488612,way,1561940045,2026-09-24T10:08:23Z,Tanzania,outline crosses way 1271158207 (6% area overlap),tt_event
2665,crossing buildings,Agnes Petro,23585416,https://www.openstreetmap.org/#map=18/-6.380378/37.325961,189488612,https://www.openstreetmap.org/changeset/189488612,way,1561940047,2026-09-24T10:08:23Z,Tanzania,outline crosses way 1271158200 (4% area overlap),tt_event
2666,crossing buildings,Issaally,22159397,https://www.openstreetmap.org/#map=18/-6.374137/37.319801,189488456,https://www.openstreetmap.org/changeset/189488456,way,1561942011,2026-09-24T14:13:18Z,Tanzania,outline crosses way 1271162028 (88% area overlap),tt_event
2667,crossing buildings,Issaally,22159397,https://www.openstreetmap.org/#map=18/-6.371608/37.313542,189488456,https://www.openstreetmap.org/changeset/189488456,way,1561943642,2026-09-24T14:13:18Z,Tanzania,outline crosses way 1559154461 (95% area overlap),tt_event
2668,crossing buildings,Issaally,22159397,https://www.openstreetmap.org/#map=18/-6.364373/37.302964,189488456,https://www.openstreetmap.org/changeset/189488456,way,1561948043,2026-09-24T14:13:18Z,Tanzania,outline crosses way 1558761680 (27% area overlap),tt_event
2669,crossing buildings,Issaally,22159397,https://www.openstreetmap.org/#map=18/-6.367163/37.306324,189488456,https://www.openstreetmap.org/changeset/189488456,way,1561949289,2026-09-24T14:13:18Z,Tanzania,outline crosses way 1558764012 (84% area overlap),tt_event
2670,crossing buildings,Issaally,22159397,https://www.openstreetmap.org/#map=18/-6.367619/37.305191,189488456,https://www.openstreetmap.org/changeset/189488456,way,1561950872,2026-09-24T14:13:18Z,Tanzania,outline crosses way 1558763884 (99% area overlap),tt_event
2671,crossing buildings,Issaally,22159397,https://www.openstreetmap.org/#map=18/-6.367919/37.305026,189488456,https://www.openstreetmap.org/changeset/189488456,way,1561950873,2026-09-24T14:13:18Z,Tanzania,outline crosses way 1558763882 (93% area overlap),tt_event
2672,crossing buildings,Issaally,22159397,https://www.openstreetmap.org/#map=18/-6.368062/37.305016,189488456,https://www.openstreetmap.org/changeset/189488456,way,1561953779,2026-09-24T14:13:18Z,Tanzania,outline crosses way 1558763880 (95% area overlap),tt_event
2673,crossing buildings,Issaally,22159397,https://www.openstreetmap.org/#map=18/-6.368310/37.305105,189488456,https://www.openstreetmap.org/changeset/189488456,way,1561953780,2026-09-24T14:13:18Z,Tanzania,outline crosses way 1558763883 (90% area overlap),tt_event
2674,crossing buildings,Issaally,22159397,https://www.openstreetmap.org/#map=18/-6.372365/37.303404,189488456,https://www.openstreetmap.org/changeset/189488456,way,1561954438,2026-09-24T14:13:18Z,Tanzania,outline crosses way 1558770886 (100% area overlap),tt_event
2675,crossing buildings,Issaally,22159397,https://www.openstreetmap.org/#map=18/-6.372899/37.303332,189488456,https://www.openstreetmap.org/changeset/189488456,way,1561954441,2026-09-24T14:13:18Z,Tanzania,outline crosses way 1558809324 (84% area overlap),tt_event
2676,crossing buildings,Issaally,22159397,https://www.openstreetmap.org/#map=18/-6.372693/37.303125,189488456,https://www.openstreetmap.org/changeset/189488456,way,1561954442,2026-09-24T14:13:18Z,Tanzania,outline crosses way 1558809323 (98% area overlap),tt_event
2677,crossing buildings,Issaally,22159397,https://www.openstreetmap.org/#map=18/-6.372536/37.302951,189488456,https://www.openstreetmap.org/changeset/189488456,way,1561954443,2026-09-24T14:13:18Z,Tanzania,outline crosses way 1558770883 (97% area overlap),tt_event
2678,crossing buildings,Issaally,22159397,https://www.openstreetmap.org/#map=18/-6.372123/37.303032,189488456,https://www.openstreetmap.org/changeset/189488456,way,1561954448,2026-09-24T14:13:18Z,Tanzania,outline crosses way 1558770884 (94% area overlap),tt_event
2679,crossing buildings,Issaally,22159397,https://www.openstreetmap.org/#map=18/-6.372256/37.303185,189488456,https://www.openstreetmap.org/changeset/189488456,way,1561954449,2026-09-24T14:13:18Z,Tanzania,outline crosses way 1558770885 (95% area overlap),tt_event
2680,crossing buildings,Issaally,22159397,https://www.openstreetmap.org/#map=18/-6.372216/37.303814,189488456,https://www.openstreetmap.org/changeset/189488456,way,1561954450,2026-09-24T14:13:18Z,Tanzania,outline crosses way 1558770887 (91% area overlap),tt_event
2681,crossing buildings,Issaally,22159397,https://www.openstreetmap.org/#map=18/-6.370191/37.308118,189488456,https://www.openstreetmap.org/changeset/189488456,way,1561955228,2026-09-24T14:13:18Z,Tanzania,outline crosses way 1558813966 (86% area overlap),tt_event
2682,crossing buildings,Issaally,22159397,https://www.openstreetmap.org/#map=18/-6.372096/37.309768,189488456,https://www.openstreetmap.org/changeset/189488456,way,1561959657,2026-09-24T14:13:18Z,Tanzania,outline crosses way 1558816376 (90% area overlap),tt_event
2683,crossing buildings,Issaally,22159397,https://www.openstreetmap.org/#map=18/-6.372349/37.309962,189488456,https://www.openstreetmap.org/changeset/189488456,way,1561959658,2026-09-24T14:13:18Z,Tanzania,outline crosses way 1558816372 (79% area overlap),tt_event
2684,crossing buildings,Issaally,22159397,https://www.openstreetmap.org/#map=18/-6.372385/37.310046,189488456,https://www.openstreetmap.org/changeset/189488456,way,1561959659,2026-09-24T14:13:18Z,Tanzania,outline crosses way 1558816373 (98% area overlap),tt_event
2685,crossing buildings,Issaally,22159397,https://www.openstreetmap.org/#map=18/-6.372322/37.309868,189488456,https://www.openstreetmap.org/changeset/189488456,way,1561959660,2026-09-24T14:13:18Z,Tanzania,outline crosses way 1558816371 (91% area overlap),tt_event
2686,crossing buildings,Issaally,22159397,https://www.openstreetmap.org/#map=18/-6.372139/37.309597,189488456,https://www.openstreetmap.org/changeset/189488456,way,1561959661,2026-09-24T14:13:18Z,Tanzania,outline crosses way 1558816374 (87% area overlap),tt_event
2687,crossing buildings,Issaally,22159397,https://www.openstreetmap.org/#map=18/-6.372415/37.308327,189488456,https://www.openstreetmap.org/changeset/189488456,way,1561959664,2026-09-24T14:13:18Z,Tanzania,outline crosses way 1558768923 (87% area overlap),tt_event
2688,crossing buildings,Issaally,22159397,https://www.openstreetmap.org/#map=18/-6.372188/37.309108,189488456,https://www.openstreetmap.org/changeset/189488456,way,1561959665,2026-09-24T14:13:18Z,Tanzania,outline crosses way 1558768922 (100% area overlap),tt_event
2689,crossing buildings,Issaally,22159397,https://www.openstreetmap.org/#map=18/-6.372450/37.308823,189488456,https://www.openstreetmap.org/changeset/189488456,way,1561959666,2026-09-24T14:13:18Z,Tanzania,outline crosses way 1558768924 (86% area overlap),tt_event
2690,crossing buildings,Issaally,22159397,https://www.openstreetmap.org/#map=18/-6.372493/37.308297,189488456,https://www.openstreetmap.org/changeset/189488456,way,1561959667,2026-09-24T14:13:18Z,Tanzania,outline crosses way 1558768925 (93% area overlap),tt_event
2691,crossing buildings,Issaally,22159397,https://www.openstreetmap.org/#map=18/-6.371944/37.304807,189488456,https://www.openstreetmap.org/changeset/189488456,way,1561959668,2026-09-24T14:13:18Z,Tanzania,outline crosses way 1558770510 (87% area overlap),tt_event
2692,crossing buildings,Issaally,22159397,https://www.openstreetmap.org/#map=18/-6.372060/37.304938,189488456,https://www.openstreetmap.org/changeset/189488456,way,1561959669,2026-09-24T14:13:18Z,Tanzania,outline crosses way 1558770511 (94% area overlap),tt_event
2693,crossing buildings,Issaally,22159397,https://www.openstreetmap.org/#map=18/-6.372329/37.304478,189488456,https://www.openstreetmap.org/changeset/189488456,way,1561959671,2026-09-24T14:13:18Z,Tanzania,outline crosses way 1558770512 (97% area overlap),tt_event
2694,crossing buildings,Issaally,22159397,https://www.openstreetmap.org/#map=18/-6.374028/37.312055,189488456,https://www.openstreetmap.org/changeset/189488456,way,1561965069,2026-09-24T14:13:18Z,Tanzania,outline crosses way 1561977290 (28% area overlap),tt_event
2695,crossing buildings,Issaally,22159397,https://www.openstreetmap.org/#map=18/-6.374096/37.310071,189488456,https://www.openstreetmap.org/changeset/189488456,way,1561965075,2026-09-24T14:13:18Z,Tanzania,outline crosses way 1561977289 (64% area overlap),tt_event
2696,crossing buildings,Issaally,22159397,https://www.openstreetmap.org/#map=18/-6.374255/37.313346,189488456,https://www.openstreetmap.org/changeset/189488456,way,1561965080,2026-09-24T14:13:18Z,Tanzania,outline crosses way 1561977297 (8% area overlap),tt_event
2697,crossing buildings,Issaally,22159397,https://www.openstreetmap.org/#map=18/-6.374255/37.313346,189488456,https://www.openstreetmap.org/changeset/189488456,way,1561965080,2026-09-24T14:13:18Z,Tanzania,outline crosses way 1561977282 (59% area overlap),tt_event
2698,crossing buildings,Issaally,22159397,https://www.openstreetmap.org/#map=18/-6.374254/37.313505,189488456,https://www.openstreetmap.org/changeset/189488456,way,1561965081,2026-09-24T14:13:18Z,Tanzania,outline crosses way 1561977298 (17% area overlap),tt_event
2699,crossing buildings,Issaally,22159397,https://www.openstreetmap.org/#map=18/-6.374347/37.313313,189488456,https://www.openstreetmap.org/changeset/189488456,way,1561965082,2026-09-24T14:13:18Z,Tanzania,outline crosses way 1561977297 (60% area overlap),tt_event
2700,crossing buildings,Issaally,22159397,https://www.openstreetmap.org/#map=18/-6.374488/37.313204,189488456,https://www.openstreetmap.org/changeset/189488456,way,1561965083,2026-09-24T14:13:18Z,Tanzania,outline crosses way 1561977296 (66% area overlap),tt_event
2701,crossing buildings,Issaally,22159397,https://www.openstreetmap.org/#map=18/-6.374051/37.313109,189488456,https://www.openstreetmap.org/changeset/189488456,way,1561965086,2026-09-24T14:13:18Z,Tanzania,outline crosses way 1561977283 (92% area overlap),tt_event
2702,crossing buildings,Issaally,22159397,https://www.openstreetmap.org/#map=18/-6.375414/37.313344,189488456,https://www.openstreetmap.org/changeset/189488456,way,1561977293,2026-09-24T14:13:18Z,Tanzania,outline crosses way 1561001504 (81% area overlap),tt_event
2703,crossing buildings,Issaally,22159397,https://www.openstreetmap.org/#map=18/-6.375562/37.311101,189488456,https://www.openstreetmap.org/changeset/189488456,way,1561977306,2026-09-24T14:13:18Z,Tanzania,outline crosses way 1561001506 (32% area overlap),tt_event
2704,crossing buildings,Issaally,22159397,https://www.openstreetmap.org/#map=18/-6.375389/37.310569,189488456,https://www.openstreetmap.org/changeset/189488456,way,1561977310,2026-09-24T14:13:18Z,Tanzania,outline crosses way 1561001507 (49% area overlap),tt_event
2706,node connected highway and building,Issaally,22159397,https://www.openstreetmap.org/#map=18/-6.376250/37.323571,189488456,https://www.openstreetmap.org/changeset/189488456,node,14212191852,2026-09-24T14:13:18Z,Tanzania,shared by highway way 1145088183 and building way 1561996414,tt_event
2707,node connected highway and building,Issaally,22159397,https://www.openstreetmap.org/#map=18/-6.375821/37.321381,189488456,https://www.openstreetmap.org/changeset/189488456,node,14206292815,2026-09-24T14:13:18Z,Tanzania,shared by highway way 1561756550 and building way 1561341573,tt_event
2708,node connected highway and building,Issaally,22159397,https://www.openstreetmap.org/#map=18/-6.375882/37.321250,189488456,https://www.openstreetmap.org/changeset/189488456,node,14209787689,2026-09-24T14:13:18Z,Tanzania,shared by highway way 1561756729 and building way 1561341573,tt_event
2711,crossing buildings,Agnes Petro,23585416,https://www.openstreetmap.org/#map=18/-6.373847/37.320864,189494515,https://www.openstreetmap.org/changeset/189494515,way,1561960870,2026-09-24T12:03:13Z,Tanzania,outline crosses way 1561971127 (93% area overlap),tt_event
2712,crossing buildings,Agnes Petro,23585416,https://www.openstreetmap.org/#map=18/-6.373355/37.321199,189494515,https://www.openstreetmap.org/changeset/189494515,way,1561960871,2026-09-24T12:03:13Z,Tanzania,outline crosses way 1561971132 (96% area overlap),tt_event
2713,building inside building,Agnes Petro,23585416,https://www.openstreetmap.org/#map=18/-6.373395/37.321316,189494515,https://www.openstreetmap.org/changeset/189494515,way,1561960872,2026-09-24T12:03:13Z,Tanzania,fully contained with/containing way 1561971138,tt_event
2714,crossing buildings,Agnes Petro,23585416,https://www.openstreetmap.org/#map=18/-6.373648/37.321354,189494515,https://www.openstreetmap.org/changeset/189494515,way,1561960873,2026-09-24T12:03:13Z,Tanzania,outline crosses way 1561971136 (95% area overlap),tt_event
2715,crossing buildings,Agnes Petro,23585416,https://www.openstreetmap.org/#map=18/-6.373844/37.321244,189494515,https://www.openstreetmap.org/changeset/189494515,way,1561960874,2026-09-24T12:03:13Z,Tanzania,outline crosses way 1561971130 (98% area overlap),tt_event
2716,crossing buildings,Agnes Petro,23585416,https://www.openstreetmap.org/#map=18/-6.373797/37.321194,189494515,https://www.openstreetmap.org/changeset/189494515,way,1561960875,2026-09-24T12:03:13Z,Tanzania,outline crosses way 1561971128 (88% area overlap),tt_event
2717,crossing buildings,Agnes Petro,23585416,https://www.openstreetmap.org/#map=18/-6.373866/37.321319,189494515,https://www.openstreetmap.org/changeset/189494515,way,1561960876,2026-09-24T12:03:13Z,Tanzania,outline crosses way 1561971129 (85% area overlap),tt_event
2718,crossing buildings,Agnes Petro,23585416,https://www.openstreetmap.org/#map=18/-6.373703/37.321392,189494515,https://www.openstreetmap.org/changeset/189494515,way,1561960877,2026-09-24T12:03:13Z,Tanzania,outline crosses way 1561971135 (94% area overlap),tt_event
2719,crossing buildings,Agnes Petro,23585416,https://www.openstreetmap.org/#map=18/-6.373662/37.321476,189494515,https://www.openstreetmap.org/changeset/189494515,way,1561960878,2026-09-24T12:03:13Z,Tanzania,outline crosses way 1561971133 (96% area overlap),tt_event
2726,crossing buildings,Goodluck Michael,24398072,https://www.openstreetmap.org/#map=18/-6.385782/37.334577,189494441,https://www.openstreetmap.org/changeset/189494441,way,1561960519,2026-09-24T12:01:43Z,Tanzania,outline crosses way 1561989277 (58% area overlap),tt_event
2727,crossing buildings,Goodluck Michael,24398072,https://www.openstreetmap.org/#map=18/-6.385097/37.335287,189494441,https://www.openstreetmap.org/changeset/189494441,way,1561960525,2026-09-24T12:01:43Z,Tanzania,outline crosses way 1561994287 (18% area overlap),tt_event
2728,crossing buildings,Goodluck Michael,24398072,https://www.openstreetmap.org/#map=18/-6.385097/37.335287,189494441,https://www.openstreetmap.org/changeset/189494441,way,1561960525,2026-09-24T12:01:43Z,Tanzania,outline crosses way 1559040431 (6% area overlap),tt_event
2729,crossing buildings,Goodluck Michael,24398072,https://www.openstreetmap.org/#map=18/-6.385347/37.335080,189494441,https://www.openstreetmap.org/changeset/189494441,way,1561960527,2026-09-24T12:01:43Z,Tanzania,outline crosses way 1561991927 (38% area overlap),tt_event
2730,crossing buildings,Goodluck Michael,24398072,https://www.openstreetmap.org/#map=18/-6.385347/37.335080,189494441,https://www.openstreetmap.org/changeset/189494441,way,1561960527,2026-09-24T12:01:43Z,Tanzania,outline crosses way 1561991926 (3% area overlap),tt_event
2731,crossing buildings,Goodluck Michael,24398072,https://www.openstreetmap.org/#map=18/-6.385323/37.334995,189494441,https://www.openstreetmap.org/changeset/189494441,way,1561960528,2026-09-24T12:01:43Z,Tanzania,outline crosses way 1561991927 (12% area overlap),tt_event
2732,crossing buildings,Goodluck Michael,24398072,https://www.openstreetmap.org/#map=18/-6.385391/37.334954,189494441,https://www.openstreetmap.org/changeset/189494441,way,1561960529,2026-09-24T12:01:43Z,Tanzania,outline crosses way 1561991928 (93% area overlap),tt_event
2733,crossing buildings,Goodluck Michael,24398072,https://www.openstreetmap.org/#map=18/-6.385477/37.335234,189494441,https://www.openstreetmap.org/changeset/189494441,way,1561960531,2026-09-24T12:01:43Z,Tanzania,outline crosses way 1559040450 (33% area overlap),tt_event
2734,crossing buildings,Goodluck Michael,24398072,https://www.openstreetmap.org/#map=18/-6.385544/37.335094,189494441,https://www.openstreetmap.org/changeset/189494441,way,1561960532,2026-09-24T12:01:43Z,Tanzania,outline crosses way 1561990789 (21% area overlap),tt_event
2735,crossing buildings,Goodluck Michael,24398072,https://www.openstreetmap.org/#map=18/-6.385544/37.335094,189494441,https://www.openstreetmap.org/changeset/189494441,way,1561960532,2026-09-24T12:01:43Z,Tanzania,outline crosses way 1559040450 (15% area overlap),tt_event
2736,crossing buildings,Goodluck Michael,24398072,https://www.openstreetmap.org/#map=18/-6.385645/37.335056,189494441,https://www.openstreetmap.org/changeset/189494441,way,1561960533,2026-09-24T12:01:43Z,Tanzania,outline crosses way 1561990789 (25% area overlap),tt_event
2737,crossing buildings,Goodluck Michael,24398072,https://www.openstreetmap.org/#map=18/-6.385437/37.334784,189494441,https://www.openstreetmap.org/changeset/189494441,way,1561960536,2026-09-24T12:01:43Z,Tanzania,outline crosses way 1559040446 (5% area overlap),tt_event
2738,crossing buildings,Goodluck Michael,24398072,https://www.openstreetmap.org/#map=18/-6.385905/37.334883,189494441,https://www.openstreetmap.org/changeset/189494441,way,1561960539,2026-09-24T12:01:43Z,Tanzania,outline crosses way 1559040455 (13% area overlap),tt_event
2739,crossing buildings,Goodluck Michael,24398072,https://www.openstreetmap.org/#map=18/-6.385755/37.335074,189494441,https://www.openstreetmap.org/changeset/189494441,way,1561960540,2026-09-24T12:01:43Z,Tanzania,outline crosses way 1561990251 (52% area overlap),tt_event
2740,crossing buildings,Goodluck Michael,24398072,https://www.openstreetmap.org/#map=18/-6.386186/37.334929,189494441,https://www.openstreetmap.org/changeset/189494441,way,1561960547,2026-09-24T12:01:43Z,Tanzania,outline crosses way 1561990059 (6% area overlap),tt_event
2741,crossing buildings,Goodluck Michael,24398072,https://www.openstreetmap.org/#map=18/-6.386100/37.335057,189494441,https://www.openstreetmap.org/changeset/189494441,way,1561960548,2026-09-24T12:01:43Z,Tanzania,outline crosses way 1561990006 (26% area overlap),tt_event
2742,crossing buildings,Goodluck Michael,24398072,https://www.openstreetmap.org/#map=18/-6.386100/37.335057,189494441,https://www.openstreetmap.org/changeset/189494441,way,1561960548,2026-09-24T12:01:43Z,Tanzania,outline crosses way 1561990005 (10% area overlap),tt_event
2743,crossing buildings,Goodluck Michael,24398072,https://www.openstreetmap.org/#map=18/-6.386100/37.335057,189494441,https://www.openstreetmap.org/changeset/189494441,way,1561960548,2026-09-24T12:01:43Z,Tanzania,outline crosses way 1561990004 (69% area overlap),tt_event
2744,crossing buildings,Goodluck Michael,24398072,https://www.openstreetmap.org/#map=18/-6.385222/37.335403,189494441,https://www.openstreetmap.org/changeset/189494441,way,1561960552,2026-09-24T12:01:43Z,Tanzania,outline crosses way 1559040707 (45% area overlap),tt_event
2745,crossing buildings,Goodluck Michael,24398072,https://www.openstreetmap.org/#map=18/-6.385848/37.335198,189494441,https://www.openstreetmap.org/changeset/189494441,way,1561960554,2026-09-24T12:01:43Z,Tanzania,outline crosses way 1561990208 (44% area overlap),tt_event
2746,crossing buildings,Goodluck Michael,24398072,https://www.openstreetmap.org/#map=18/-6.385792/37.335329,189494441,https://www.openstreetmap.org/changeset/189494441,way,1561960555,2026-09-24T12:01:43Z,Tanzania,outline crosses way 1561990541 (25% area overlap),tt_event
2747,crossing buildings,Goodluck Michael,24398072,https://www.openstreetmap.org/#map=18/-6.385705/37.335418,189494441,https://www.openstreetmap.org/changeset/189494441,way,1561960556,2026-09-24T12:01:43Z,Tanzania,outline crosses way 1559040436 (22% area overlap),tt_event
2748,crossing buildings,Goodluck Michael,24398072,https://www.openstreetmap.org/#map=18/-6.385457/37.335388,189494441,https://www.openstreetmap.org/changeset/189494441,way,1561960558,2026-09-24T12:01:43Z,Tanzania,outline crosses way 1561992295 (15% area overlap),tt_event
2749,crossing buildings,Goodluck Michael,24398072,https://www.openstreetmap.org/#map=18/-6.385921/37.335542,189494441,https://www.openstreetmap.org/changeset/189494441,way,1559040435,2026-09-24T12:01:43Z,Tanzania,outline crosses way 1559040433 (10% area overlap),tt_event
2750,crossing buildings,Goodluck Michael,24398072,https://www.openstreetmap.org/#map=18/-6.385322/37.335176,189494441,https://www.openstreetmap.org/changeset/189494441,way,1559040448,2026-09-24T12:01:43Z,Tanzania,outline crosses way 1561991926 (8% area overlap),tt_event
2752,node connected highway and building,Goodluck Michael,24398072,https://www.openstreetmap.org/#map=18/-6.387717/37.332734,189494441,https://www.openstreetmap.org/changeset/189494441,node,14203194686,2026-09-24T12:01:43Z,Tanzania,shared by highway way 1145089402 and building way 1560983991,tt_event
2755,crossing highway,Dnyaneshwarisolanke,23613325,https://www.openstreetmap.org/#map=18/10.188139/77.251335,189494261,https://www.openstreetmap.org/changeset/189494261,way,961646471,2026-09-24T11:57:23Z,India,crosses way 622170707 without a shared junction node,tt_event
2756,crossing highway,Dnyaneshwarisolanke,23613325,https://www.openstreetmap.org/#map=18/10.189037/77.252817,189494261,https://www.openstreetmap.org/changeset/189494261,way,961646471,2026-09-24T11:57:23Z,India,crosses way 622170693 without a shared junction node,tt_event
2757,crossing highway,Dnyaneshwarisolanke,23613325,https://www.openstreetmap.org/#map=18/10.189386/77.253393,189494261,https://www.openstreetmap.org/changeset/189494261,way,961646471,2026-09-24T11:57:23Z,India,crosses way 804538284 without a shared junction node,tt_event
2758,crossing highway,Dnyaneshwarisolanke,23613325,https://www.openstreetmap.org/#map=18/10.185450/77.243084,189494261,https://www.openstreetmap.org/changeset/189494261,way,961646471,2026-09-24T11:57:23Z,India,crosses way 804364125 without a shared junction node,tt_event
2760,duplicated node,Agnes Petro,23585416,https://www.openstreetmap.org/#map=18/-6.371265/37.322195,189494188,https://www.openstreetmap.org/changeset/189494188,node,14211857709,2026-09-24T11:55:54Z,Tanzania,within 0.00m of pre-existing node 14211677941,tt_event
2768,crossing buildings,Agnes Petro,23585416,https://www.openstreetmap.org/#map=18/-6.378011/37.327610,189493615,https://www.openstreetmap.org/changeset/189493615,way,1561957786,2026-09-24T11:43:57Z,Tanzania,outline crosses way 1559057942 (8% area overlap),tt_event
2781,duplicated node,Dnyaneshwarisolanke,23613325,https://www.openstreetmap.org/#map=18/9.980773/76.690237,189492700,https://www.openstreetmap.org/changeset/189492700,node,14211767583,2026-09-24T11:27:09Z,India,within 0.00m of pre-existing node 8290468975,tt_event
2785,node connected highway and building,Dnyaneshwarisolanke,23613325,https://www.openstreetmap.org/#map=18/9.839586/76.495747,189492476,https://www.openstreetmap.org/changeset/189492476,node,7511661181,2026-09-24T11:23:19Z,India,shared by highway way 616555520 and building way 803016108,tt_event
2788,crossing highway,Dnyaneshwarisolanke,23613325,https://www.openstreetmap.org/#map=18/10.050927/76.335363,189492205,https://www.openstreetmap.org/changeset/189492205,way,1021357314,2026-09-24T11:18:49Z,India,crosses way 1458098396 without a shared junction node,tt_event
2789,crossing highway,Dnyaneshwarisolanke,23613325,https://www.openstreetmap.org/#map=18/10.050973/76.335308,189492205,https://www.openstreetmap.org/changeset/189492205,way,1021357314,2026-09-24T11:18:49Z,India,crosses way 1410609842 without a shared junction node,tt_event
2801,node connected highway and building,renzo_pd,8229703,https://www.openstreetmap.org/#map=18/-39.286675/-71.979649,189497811,https://www.openstreetmap.org/changeset/189497811,node,6479110434,2026-09-24T13:07:03Z,Chile,shared by highway way 549643962 and building way 549643961,tt_event
2802,node connected highway and building,renzo_pd,8229703,https://www.openstreetmap.org/#map=18/-39.285791/-71.978817,189497811,https://www.openstreetmap.org/changeset/189497811,node,6479110433,2026-09-24T13:07:03Z,Chile,shared by highway way 690565959 and building way 549643961,tt_event
2804,broken highway continuity,renzo_pd,8229703,https://www.openstreetmap.org/#map=18/-39.280439/-71.969625,189497755,https://www.openstreetmap.org/changeset/189497755,way,82552606,2026-09-24T13:05:41Z,Chile,'Arauco' looks continuous but way 82552606 and way 938605311 are 4.54m apart with no shared node,tt_event
2805,broken highway continuity,renzo_pd,8229703,https://www.openstreetmap.org/#map=18/-39.275138/-71.970714,189497755,https://www.openstreetmap.org/changeset/189497755,way,29508764,2026-09-24T13:05:41Z,Chile,'Colo Colo' looks continuous but way 29508764 and way 938560438 are 4.02m apart with no shared node,tt_event
2806,broken highway continuity,renzo_pd,8229703,https://www.openstreetmap.org/#map=18/-39.275169/-71.970818,189497755,https://www.openstreetmap.org/changeset/189497755,way,639681646,2026-09-24T13:05:41Z,Chile,'Colo Colo' looks continuous but way 639681646 and way 938560433 are 4.16m apart with no shared node,tt_event
2807,broken highway continuity,renzo_pd,8229703,https://www.openstreetmap.org/#map=18/-39.277459/-71.964389,189497755,https://www.openstreetmap.org/changeset/189497755,way,940152833,2026-09-24T13:05:41Z,Chile,'Camino Internacional' looks continuous but way 940152833 and way 940160822 are 3.29m apart with no shared node,tt_event
2808,broken highway continuity,renzo_pd,8229703,https://www.openstreetmap.org/#map=18/-39.280261/-71.941652,189497755,https://www.openstreetmap.org/changeset/189497755,way,169403686,2026-09-24T13:05:41Z,Chile,'Estero Carmelito' looks continuous but way 169403686 and way 940521810 are 3.80m apart with no shared node,tt_event
2809,broken highway continuity,renzo_pd,8229703,https://www.openstreetmap.org/#map=18/-39.288944/-71.938014,189497755,https://www.openstreetmap.org/changeset/189497755,way,939058718,2026-09-24T13:05:41Z,Chile,'Puerto Pucón' looks continuous but way 939058718 and way 1270880776 are 2.50m apart with no shared node,tt_event
2810,broken highway continuity,renzo_pd,8229703,https://www.openstreetmap.org/#map=18/-39.288967/-71.937941,189497755,https://www.openstreetmap.org/changeset/189497755,way,939058719,2026-09-24T13:05:41Z,Chile,'Puerto Pucón' looks continuous but way 939058719 and way 939058723 are 2.12m apart with no shared node,tt_event
2811,broken highway continuity,renzo_pd,8229703,https://www.openstreetmap.org/#map=18/-39.288966/-71.938023,189497755,https://www.openstreetmap.org/changeset/189497755,way,939058720,2026-09-24T13:05:41Z,Chile,'Puerto Pucón' looks continuous but way 939058720 and way 939058721 are 2.54m apart with no shared node,tt_event
2812,broken highway continuity,renzo_pd,8229703,https://www.openstreetmap.org/#map=18/-39.288967/-71.937941,189497755,https://www.openstreetmap.org/changeset/189497755,way,939058722,2026-09-24T13:05:41Z,Chile,'Puerto Pucón' looks continuous but way 939058722 and way 1270880779 are 2.91m apart with no shared node,tt_event
2813,node connected highway and building,renzo_pd,8229703,https://www.openstreetmap.org/#map=18/-39.282670/-71.936726,189497755,https://www.openstreetmap.org/changeset/189497755,node,6510008174,2026-09-24T13:05:41Z,Chile,shared by highway way 169404521 and building way 603518353,tt_event
2814,node connected highway and building,renzo_pd,8229703,https://www.openstreetmap.org/#map=18/-39.275926/-71.967055,189497755,https://www.openstreetmap.org/changeset/189497755,node,3739785319,2026-09-24T13:05:41Z,Chile,shared by highway way 370267167 and building way 204078632,tt_event
2815,node connected highway and building,renzo_pd,8229703,https://www.openstreetmap.org/#map=18/-39.303797/-72.032584,189497755,https://www.openstreetmap.org/changeset/189497755,node,5301562219,2026-09-24T13:05:41Z,Chile,shared by highway way 548791646 and building way 548791645,tt_event
2816,node connected highway and building,renzo_pd,8229703,https://www.openstreetmap.org/#map=18/-39.286675/-71.979649,189497755,https://www.openstreetmap.org/changeset/189497755,node,6479110434,2026-09-24T13:05:41Z,Chile,shared by highway way 549643962 and building way 549643961,tt_event
2817,node connected highway and building,renzo_pd,8229703,https://www.openstreetmap.org/#map=18/-39.302619/-72.030090,189497755,https://www.openstreetmap.org/changeset/189497755,node,5301496854,2026-09-24T13:05:41Z,Chile,shared by highway way 556823415 and building way 548785492,tt_event
2818,node connected highway and building,renzo_pd,8229703,https://www.openstreetmap.org/#map=18/-39.303911/-72.032532,189497755,https://www.openstreetmap.org/changeset/189497755,node,5432647984,2026-09-24T13:05:41Z,Chile,shared by highway way 563771989 and building way 397309021,tt_event
2819,node connected highway and building,renzo_pd,8229703,https://www.openstreetmap.org/#map=18/-39.304248/-72.032706,189497755,https://www.openstreetmap.org/changeset/189497755,node,5432647989,2026-09-24T13:05:41Z,Chile,shared by highway way 563771991 and building way 548772656,tt_event
2820,node connected highway and building,renzo_pd,8229703,https://www.openstreetmap.org/#map=18/-39.304396/-72.032377,189497755,https://www.openstreetmap.org/changeset/189497755,node,5432648013,2026-09-24T13:05:41Z,Chile,shared by highway way 563771994 and building way 397309019,tt_event
2821,node connected highway and building,renzo_pd,8229703,https://www.openstreetmap.org/#map=18/-39.304409/-72.032277,189497755,https://www.openstreetmap.org/changeset/189497755,node,5432648014,2026-09-24T13:05:41Z,Chile,shared by highway way 563771995 and building way 397307603,tt_event
2822,node connected highway and building,renzo_pd,8229703,https://www.openstreetmap.org/#map=18/-39.304392/-72.032184,189497755,https://www.openstreetmap.org/changeset/189497755,node,5764607132,2026-09-24T13:05:41Z,Chile,shared by highway way 563771996 and building way 397307603,tt_event
2823,node connected highway and building,renzo_pd,8229703,https://www.openstreetmap.org/#map=18/-39.303584/-72.032132,189497755,https://www.openstreetmap.org/changeset/189497755,node,5432664326,2026-09-24T13:05:41Z,Chile,shared by highway way 563775458 and building way 397309024,tt_event
2824,node connected highway and building,renzo_pd,8229703,https://www.openstreetmap.org/#map=18/-39.304488/-72.032626,189497755,https://www.openstreetmap.org/changeset/189497755,node,5432647933,2026-09-24T13:05:41Z,Chile,shared by highway way 563885988 and building way 563771979,tt_event
2825,node connected highway and building,renzo_pd,8229703,https://www.openstreetmap.org/#map=18/-39.304488/-72.032626,189497755,https://www.openstreetmap.org/changeset/189497755,node,5432665079,2026-09-24T13:05:41Z,Chile,shared by highway way 563885988 and building way 563771978,tt_event
2826,node connected highway and building,renzo_pd,8229703,https://www.openstreetmap.org/#map=18/-39.304488/-72.032626,189497755,https://www.openstreetmap.org/changeset/189497755,node,5432665078,2026-09-24T13:05:41Z,Chile,shared by highway way 563885988 and building way 563771978,tt_event
2827,node connected highway and building,renzo_pd,8229703,https://www.openstreetmap.org/#map=18/-39.303655/-72.032660,189497755,https://www.openstreetmap.org/changeset/189497755,node,5716660382,2026-09-24T13:05:41Z,Chile,shared by highway way 601491134 and building way 397309023,tt_event
2828,node connected highway and building,renzo_pd,8229703,https://www.openstreetmap.org/#map=18/-39.276517/-71.962112,189497755,https://www.openstreetmap.org/changeset/189497755,node,6507231458,2026-09-24T13:05:41Z,Chile,shared by highway way 603163742 and building way 603163740,tt_event
2829,node connected highway and building,renzo_pd,8229703,https://www.openstreetmap.org/#map=18/-39.285791/-71.978817,189497755,https://www.openstreetmap.org/changeset/189497755,node,6479110433,2026-09-24T13:05:41Z,Chile,shared by highway way 690565959 and building way 549643961,tt_event
2830,node connected highway and building,renzo_pd,8229703,https://www.openstreetmap.org/#map=18/-39.276307/-71.962842,189497755,https://www.openstreetmap.org/changeset/189497755,node,6507231459,2026-09-24T13:05:41Z,Chile,shared by highway way 693109350 and building way 603163740,tt_event
2831,node connected highway and building,renzo_pd,8229703,https://www.openstreetmap.org/#map=18/-39.282639/-71.936870,189497755,https://www.openstreetmap.org/changeset/189497755,node,6510008172,2026-09-24T13:05:41Z,Chile,shared by highway way 693429161 and building way 603518353,tt_event
2832,node connected highway and building,renzo_pd,8229703,https://www.openstreetmap.org/#map=18/-39.278424/-71.935619,189497755,https://www.openstreetmap.org/changeset/189497755,node,6510008173,2026-09-24T13:05:41Z,Chile,shared by highway way 693429163 and building way 603518353,tt_event
2833,node connected highway and building,renzo_pd,8229703,https://www.openstreetmap.org/#map=18/-39.278428/-71.935705,189497755,https://www.openstreetmap.org/changeset/189497755,node,6510008171,2026-09-24T13:05:41Z,Chile,shared by highway way 693429166 and building way 603518353,tt_event
2834,node connected highway and building,renzo_pd,8229703,https://www.openstreetmap.org/#map=18/-39.289156/-71.938300,189497755,https://www.openstreetmap.org/changeset/189497755,node,8699233068,2026-09-24T13:05:41Z,Chile,shared by highway way 939058720 and building way 603517158,tt_event
2835,node connected highway and building,renzo_pd,8229703,https://www.openstreetmap.org/#map=18/-39.289222/-71.938028,189497755,https://www.openstreetmap.org/changeset/189497755,node,8699233066,2026-09-24T13:05:41Z,Chile,shared by highway way 939058723 and building way 603517158,tt_event
2836,node connected highway and building,renzo_pd,8229703,https://www.openstreetmap.org/#map=18/-39.287817/-71.937576,189497755,https://www.openstreetmap.org/changeset/189497755,node,8699233067,2026-09-24T13:05:41Z,Chile,shared by highway way 1270880776 and building way 603517158,tt_event
2837,node connected highway and building,renzo_pd,8229703,https://www.openstreetmap.org/#map=18/-39.287836/-71.937517,189497755,https://www.openstreetmap.org/changeset/189497755,node,8699233065,2026-09-24T13:05:41Z,Chile,shared by highway way 1270880779 and building way 603517158,tt_event
2838,node connected highway and building,renzo_pd,8229703,https://www.openstreetmap.org/#map=18/-39.287113/-71.945065,189497755,https://www.openstreetmap.org/changeset/189497755,node,13640880351,2026-09-24T13:05:41Z,Chile,shared by highway way 1487985287 and building way 603514838,tt_event
2839,node connected highway and building,renzo_pd,8229703,https://www.openstreetmap.org/#map=18/-39.287016/-71.945312,189497755,https://www.openstreetmap.org/changeset/189497755,node,13640880352,2026-09-24T13:05:41Z,Chile,shared by highway way 1487985289 and building way 603514838,tt_event
2840,node connected highway and building,renzo_pd,8229703,https://www.openstreetmap.org/#map=18/-39.287567/-71.943650,189497755,https://www.openstreetmap.org/changeset/189497755,node,13640880359,2026-09-24T13:05:41Z,Chile,shared by highway way 1487985290 and building way 603516843,tt_event
2841,node connected highway and building,renzo_pd,8229703,https://www.openstreetmap.org/#map=18/-39.287495/-71.943849,189497755,https://www.openstreetmap.org/changeset/189497755,node,13640880360,2026-09-24T13:05:41Z,Chile,shared by highway way 1487985292 and building way 603516843,tt_event
2846,node connected highway and building,MartinSanders100,21748613,https://www.openstreetmap.org/#map=18/-9.809660/28.752389,189497468,https://www.openstreetmap.org/changeset/189497468,node,14181854383,2026-09-24T13:00:28Z,Zambia,shared by highway way 1558965726 and building way 378746553,tt_event
2847,node connected highway and building,MartinSanders100,21748613,https://www.openstreetmap.org/#map=18/-9.809532/28.752317,189497468,https://www.openstreetmap.org/changeset/189497468,node,14181854384,2026-09-24T13:00:28Z,Zambia,shared by highway way 1558965728 and building way 378746553,tt_event
2848,node connected highway and building,Veronica Aguilar,15172786,https://www.openstreetmap.org/#map=18/-9.813704/28.765484,189497415,https://www.openstreetmap.org/changeset/189497415,node,4364874110,2026-09-24T12:59:18Z,Zambia,shared by highway way 1563197578 and building way 438831671,tt_event
2849,node connected highway and building,Veronica Aguilar,15172786,https://www.openstreetmap.org/#map=18/-9.814408/28.766129,189497415,https://www.openstreetmap.org/changeset/189497415,node,14228021366,2026-09-24T12:59:18Z,Zambia,shared by highway way 1563198124 and building way 1563197851,tt_event
2850,node connected highway and building,Veronica Aguilar,15172786,https://www.openstreetmap.org/#map=18/-9.814408/28.766129,189497415,https://www.openstreetmap.org/changeset/189497415,node,14212032297,2026-09-24T12:59:18Z,Zambia,shared by highway way 1563198124 and building way 1561978476,tt_event
2851,node connected highway and building,Veronica Aguilar,15172786,https://www.openstreetmap.org/#map=18/-9.813969/28.766206,189497415,https://www.openstreetmap.org/changeset/189497415,node,14227962680,2026-09-24T12:59:18Z,Zambia,shared by highway way 1563198125 and building way 1561978476,tt_event
2852,node connected highway and building,Veronica Aguilar,15172786,https://www.openstreetmap.org/#map=18/-9.814229/28.766027,189497415,https://www.openstreetmap.org/changeset/189497415,node,14228012465,2026-09-24T12:59:18Z,Zambia,shared by highway way 1563198185 and building way 378714145,tt_event
2853,node connected highway and building,Veronica Aguilar,15172786,https://www.openstreetmap.org/#map=18/-9.814340/28.765626,189497415,https://www.openstreetmap.org/changeset/189497415,node,14228019765,2026-09-24T12:59:18Z,Zambia,shared by highway way 1563198442 and building way 378851030,tt_event
2857,crossing buildings,Athumani Msangi,24430799,https://www.openstreetmap.org/#map=18/-6.384489/37.341124,189497200,https://www.openstreetmap.org/changeset/189497200,way,1561973475,2026-09-24T12:56:11Z,Tanzania,outline crosses way 1561973695 (97% area overlap),tt_event
2862,broken highway continuity,renzo_pd,8229703,https://www.openstreetmap.org/#map=18/-39.280439/-71.969625,189496675,https://www.openstreetmap.org/changeset/189496675,way,82552606,2026-09-24T12:47:35Z,Chile,'Arauco' looks continuous but way 82552606 and way 938605311 are 4.54m apart with no shared node,tt_event
2863,broken highway continuity,renzo_pd,8229703,https://www.openstreetmap.org/#map=18/-39.275138/-71.970714,189496675,https://www.openstreetmap.org/changeset/189496675,way,29508764,2026-09-24T12:47:35Z,Chile,'Colo Colo' looks continuous but way 29508764 and way 938560438 are 4.02m apart with no shared node,tt_event
2864,broken highway continuity,renzo_pd,8229703,https://www.openstreetmap.org/#map=18/-39.275169/-71.970818,189496675,https://www.openstreetmap.org/changeset/189496675,way,639681646,2026-09-24T12:47:35Z,Chile,'Colo Colo' looks continuous but way 639681646 and way 938560433 are 4.16m apart with no shared node,tt_event
2865,broken highway continuity,renzo_pd,8229703,https://www.openstreetmap.org/#map=18/-39.289598/-72.224001,189496675,https://www.openstreetmap.org/changeset/189496675,way,851193192,2026-09-24T12:47:35Z,Chile,'Saturnino Epulef' looks continuous but way 851193192 and way 1541159440 are 4.79m apart with no shared node,tt_event
2866,broken highway continuity,renzo_pd,8229703,https://www.openstreetmap.org/#map=18/-39.289598/-72.224001,189496675,https://www.openstreetmap.org/changeset/189496675,way,851193192,2026-09-24T12:47:35Z,Chile,'Saturnino Epulef' looks continuous but way 851193192 and way 1541159451 are 4.79m apart with no shared node,tt_event
2867,broken highway continuity,renzo_pd,8229703,https://www.openstreetmap.org/#map=18/-39.289565/-72.223965,189496675,https://www.openstreetmap.org/changeset/189496675,way,1541159440,2026-09-24T12:47:35Z,Chile,'Saturnino Epulef' looks continuous but way 1541159440 and way 1541159447 are 4.79m apart with no shared node,tt_event
2868,broken highway continuity,renzo_pd,8229703,https://www.openstreetmap.org/#map=18/-39.289394/-72.224216,189496675,https://www.openstreetmap.org/changeset/189496675,way,1541159444,2026-09-24T12:47:35Z,Chile,'Saturnino Epulef' looks continuous but way 1541159444 and way 1541159447 are 4.81m apart with no shared node,tt_event
2869,broken highway continuity,renzo_pd,8229703,https://www.openstreetmap.org/#map=18/-39.289423/-72.224257,189496675,https://www.openstreetmap.org/changeset/189496675,way,1541159445,2026-09-24T12:47:35Z,Chile,'Saturnino Epulef' looks continuous but way 1541159445 and way 1541159451 are 4.81m apart with no shared node,tt_event
2870,broken highway continuity,renzo_pd,8229703,https://www.openstreetmap.org/#map=18/-39.289423/-72.224257,189496675,https://www.openstreetmap.org/changeset/189496675,way,1541159447,2026-09-24T12:47:35Z,Chile,'Saturnino Epulef' looks continuous but way 1541159447 and way 1541159451 are 4.81m apart with no shared node,tt_event
2871,broken highway continuity,renzo_pd,8229703,https://www.openstreetmap.org/#map=18/-39.277459/-71.964389,189496675,https://www.openstreetmap.org/changeset/189496675,way,940152833,2026-09-24T12:47:35Z,Chile,'Camino Internacional' looks continuous but way 940152833 and way 940160822 are 3.29m apart with no shared node,tt_event
2872,node connected highway and building,renzo_pd,8229703,https://www.openstreetmap.org/#map=18/-39.275926/-71.967055,189496675,https://www.openstreetmap.org/changeset/189496675,node,3739785319,2026-09-24T12:47:35Z,Chile,shared by highway way 370267167 and building way 204078632,tt_event
2873,node connected highway and building,renzo_pd,8229703,https://www.openstreetmap.org/#map=18/-39.286675/-71.979649,189496675,https://www.openstreetmap.org/changeset/189496675,node,6479110434,2026-09-24T12:47:35Z,Chile,shared by highway way 549643962 and building way 549643961,tt_event
2874,node connected highway and building,renzo_pd,8229703,https://www.openstreetmap.org/#map=18/-39.285791/-71.978817,189496675,https://www.openstreetmap.org/changeset/189496675,node,6479110433,2026-09-24T12:47:35Z,Chile,shared by highway way 690565959 and building way 549643961,tt_event
2875,node connected highway and building,renzo_pd,8229703,https://www.openstreetmap.org/#map=18/-39.287524/-72.226213,189496675,https://www.openstreetmap.org/changeset/189496675,node,8993619812,2026-09-24T12:47:35Z,Chile,shared by highway way 971697260 and building way 495567750,tt_event
2876,node connected highway and building,renzo_pd,8229703,https://www.openstreetmap.org/#map=18/-39.287737/-72.226537,189496675,https://www.openstreetmap.org/changeset/189496675,node,4873082844,2026-09-24T12:47:35Z,Chile,shared by highway way 971697262 and building way 495567750,tt_event
2877,node connected highway and building,renzo_pd,8229703,https://www.openstreetmap.org/#map=18/-39.287681/-72.226389,189496675,https://www.openstreetmap.org/changeset/189496675,node,8993640518,2026-09-24T12:47:35Z,Chile,shared by highway way 971697263 and building way 495567750,tt_event
2878,node connected highway and building,renzo_pd,8229703,https://www.openstreetmap.org/#map=18/-39.287555/-72.226756,189496675,https://www.openstreetmap.org/changeset/189496675,node,8993619811,2026-09-24T12:47:35Z,Chile,shared by highway way 971697264 and building way 495567750,tt_event
2879,node connected highway and building,renzo_pd,8229703,https://www.openstreetmap.org/#map=18/-39.287611/-72.225962,189496675,https://www.openstreetmap.org/changeset/189496675,node,8993640535,2026-09-24T12:47:35Z,Chile,shared by highway way 971697265 and building way 495567770,tt_event
2880,node connected highway and building,renzo_pd,8229703,https://www.openstreetmap.org/#map=18/-39.287778/-72.226198,189496675,https://www.openstreetmap.org/changeset/189496675,node,8993640527,2026-09-24T12:47:35Z,Chile,shared by highway way 971697268 and building way 495567770,tt_event
2881,node connected highway and building,renzo_pd,8229703,https://www.openstreetmap.org/#map=18/-39.287980/-72.226046,189496675,https://www.openstreetmap.org/changeset/189496675,node,8993640539,2026-09-24T12:47:35Z,Chile,shared by highway way 971697269 and building way 495567770,tt_event
2882,node connected highway and building,renzo_pd,8229703,https://www.openstreetmap.org/#map=18/-39.286628/-72.224828,189496675,https://www.openstreetmap.org/changeset/189496675,node,8994057307,2026-09-24T12:47:35Z,Chile,shared by highway way 971760487 and building way 971760489,tt_event
2883,node connected highway and building,renzo_pd,8229703,https://www.openstreetmap.org/#map=18/-39.286794/-72.225027,189496675,https://www.openstreetmap.org/changeset/189496675,node,8994057306,2026-09-24T12:47:35Z,Chile,shared by highway way 971760488 and building way 971760489,tt_event
2884,node connected highway and building,renzo_pd,8229703,https://www.openstreetmap.org/#map=18/-39.281774/-72.227069,189496675,https://www.openstreetmap.org/changeset/189496675,node,9079913555,2026-09-24T12:47:35Z,Chile,shared by highway way 981646838 and building way 495567948,tt_event
2885,node connected highway and building,renzo_pd,8229703,https://www.openstreetmap.org/#map=18/-39.281768/-72.227327,189496675,https://www.openstreetmap.org/changeset/189496675,node,9079913557,2026-09-24T12:47:35Z,Chile,shared by highway way 981646839 and building way 495567948,tt_event
2886,node connected highway and building,renzo_pd,8229703,https://www.openstreetmap.org/#map=18/-39.290765/-72.165094,189496675,https://www.openstreetmap.org/changeset/189496675,node,9394637003,2026-09-24T12:47:35Z,Chile,shared by highway way 1018545383 and building way 1018545378,tt_event
2887,node connected highway and building,renzo_pd,8229703,https://www.openstreetmap.org/#map=18/-39.278665/-72.221024,189496675,https://www.openstreetmap.org/changeset/189496675,node,10177492917,2026-09-24T12:47:35Z,Chile,shared by highway way 1112413191 and building way 1112413192,tt_event
2888,node connected highway and building,renzo_pd,8229703,https://www.openstreetmap.org/#map=18/-39.278552/-72.220619,189496675,https://www.openstreetmap.org/changeset/189496675,node,10177459111,2026-09-24T12:47:35Z,Chile,shared by highway way 1112413259 and building way 1112413192,tt_event
2889,node connected highway and building,renzo_pd,8229703,https://www.openstreetmap.org/#map=18/-39.289520/-72.223338,189496675,https://www.openstreetmap.org/changeset/189496675,node,13665999233,2026-09-24T12:47:35Z,Chile,shared by highway way 1491126241 and building way 365561225,tt_event
2890,building inside building,Amol_Pawar,24098318,https://www.openstreetmap.org/#map=18/18.511270/73.782301,189496590,https://www.openstreetmap.org/changeset/189496590,way,233735610,2026-09-24T12:45:41Z,India,fully contained with/containing way 331030890,tt_event
2891,broken highway continuity,renzo_pd,8229703,https://www.openstreetmap.org/#map=18/-39.289598/-72.224001,189496583,https://www.openstreetmap.org/changeset/189496583,way,851193192,2026-09-24T12:45:28Z,Chile,'Saturnino Epulef' looks continuous but way 851193192 and way 1541159440 are 4.79m apart with no shared node,tt_event
2892,broken highway continuity,renzo_pd,8229703,https://www.openstreetmap.org/#map=18/-39.289598/-72.224001,189496583,https://www.openstreetmap.org/changeset/189496583,way,851193192,2026-09-24T12:45:28Z,Chile,'Saturnino Epulef' looks continuous but way 851193192 and way 1541159451 are 4.79m apart with no shared node,tt_event
2893,broken highway continuity,renzo_pd,8229703,https://www.openstreetmap.org/#map=18/-39.289565/-72.223965,189496583,https://www.openstreetmap.org/changeset/189496583,way,1541159440,2026-09-24T12:45:28Z,Chile,'Saturnino Epulef' looks continuous but way 1541159440 and way 1541159447 are 4.79m apart with no shared node,tt_event
2894,broken highway continuity,renzo_pd,8229703,https://www.openstreetmap.org/#map=18/-39.289394/-72.224216,189496583,https://www.openstreetmap.org/changeset/189496583,way,1541159444,2026-09-24T12:45:28Z,Chile,'Saturnino Epulef' looks continuous but way 1541159444 and way 1541159447 are 4.81m apart with no shared node,tt_event
2895,broken highway continuity,renzo_pd,8229703,https://www.openstreetmap.org/#map=18/-39.289423/-72.224257,189496583,https://www.openstreetmap.org/changeset/189496583,way,1541159445,2026-09-24T12:45:28Z,Chile,'Saturnino Epulef' looks continuous but way 1541159445 and way 1541159451 are 4.81m apart with no shared node,tt_event
2896,broken highway continuity,renzo_pd,8229703,https://www.openstreetmap.org/#map=18/-39.289423/-72.224257,189496583,https://www.openstreetmap.org/changeset/189496583,way,1541159447,2026-09-24T12:45:28Z,Chile,'Saturnino Epulef' looks continuous but way 1541159447 and way 1541159451 are 4.81m apart with no shared node,tt_event
2897,broken highway continuity,renzo_pd,8229703,https://www.openstreetmap.org/#map=18/-39.293564/-72.201995,189496583,https://www.openstreetmap.org/changeset/189496583,way,941616740,2026-09-24T12:45:28Z,Chile,'La Puntilla Villarrica' looks continuous but way 941616740 and way 941616741 are 3.71m apart with no shared node,tt_event
2898,broken highway continuity,renzo_pd,8229703,https://www.openstreetmap.org/#map=18/-39.293541/-72.201902,189496583,https://www.openstreetmap.org/changeset/189496583,way,941616742,2026-09-24T12:45:28Z,Chile,'La Puntilla Villarrica' looks continuous but way 941616742 and way 941616743 are 3.62m apart with no shared node,tt_event
2899,node connected highway and building,renzo_pd,8229703,https://www.openstreetmap.org/#map=18/-39.290853/-72.201442,189496583,https://www.openstreetmap.org/changeset/189496583,node,8719862343,2026-09-24T12:45:28Z,Chile,shared by highway way 209385955 and building way 881629754,tt_event
2900,node connected highway and building,renzo_pd,8229703,https://www.openstreetmap.org/#map=18/-39.290891/-72.201309,189496583,https://www.openstreetmap.org/changeset/189496583,node,8719862341,2026-09-24T12:45:28Z,Chile,shared by highway way 220151258 and building way 881629754,tt_event
2901,node connected highway and building,renzo_pd,8229703,https://www.openstreetmap.org/#map=18/-39.296380/-72.178648,189496583,https://www.openstreetmap.org/changeset/189496583,node,4136818732,2026-09-24T12:45:28Z,Chile,shared by highway way 412155359 and building way 412155356,tt_event
2902,node connected highway and building,renzo_pd,8229703,https://www.openstreetmap.org/#map=18/-39.293681/-72.202013,189496583,https://www.openstreetmap.org/changeset/189496583,node,8719862344,2026-09-24T12:45:28Z,Chile,shared by highway way 941616740 and building way 881629754,tt_event
2903,node connected highway and building,renzo_pd,8229703,https://www.openstreetmap.org/#map=18/-39.293689/-72.201939,189496583,https://www.openstreetmap.org/changeset/189496583,node,8719862342,2026-09-24T12:45:28Z,Chile,shared by highway way 941616743 and building way 881629754,tt_event
2904,node connected highway and building,renzo_pd,8229703,https://www.openstreetmap.org/#map=18/-39.287524/-72.226213,189496583,https://www.openstreetmap.org/changeset/189496583,node,8993619812,2026-09-24T12:45:28Z,Chile,shared by highway way 971697260 and building way 495567750,tt_event
2905,node connected highway and building,renzo_pd,8229703,https://www.openstreetmap.org/#map=18/-39.287737/-72.226537,189496583,https://www.openstreetmap.org/changeset/189496583,node,4873082844,2026-09-24T12:45:28Z,Chile,shared by highway way 971697262 and building way 495567750,tt_event
2906,node connected highway and building,renzo_pd,8229703,https://www.openstreetmap.org/#map=18/-39.287681/-72.226389,189496583,https://www.openstreetmap.org/changeset/189496583,node,8993640518,2026-09-24T12:45:28Z,Chile,shared by highway way 971697263 and building way 495567750,tt_event
2907,node connected highway and building,renzo_pd,8229703,https://www.openstreetmap.org/#map=18/-39.287555/-72.226756,189496583,https://www.openstreetmap.org/changeset/189496583,node,8993619811,2026-09-24T12:45:28Z,Chile,shared by highway way 971697264 and building way 495567750,tt_event
2908,node connected highway and building,renzo_pd,8229703,https://www.openstreetmap.org/#map=18/-39.287611/-72.225962,189496583,https://www.openstreetmap.org/changeset/189496583,node,8993640535,2026-09-24T12:45:28Z,Chile,shared by highway way 971697265 and building way 495567770,tt_event
2909,node connected highway and building,renzo_pd,8229703,https://www.openstreetmap.org/#map=18/-39.287778/-72.226198,189496583,https://www.openstreetmap.org/changeset/189496583,node,8993640527,2026-09-24T12:45:28Z,Chile,shared by highway way 971697268 and building way 495567770,tt_event
2910,node connected highway and building,renzo_pd,8229703,https://www.openstreetmap.org/#map=18/-39.287980/-72.226046,189496583,https://www.openstreetmap.org/changeset/189496583,node,8993640539,2026-09-24T12:45:28Z,Chile,shared by highway way 971697269 and building way 495567770,tt_event
2911,node connected highway and building,renzo_pd,8229703,https://www.openstreetmap.org/#map=18/-39.286628/-72.224828,189496583,https://www.openstreetmap.org/changeset/189496583,node,8994057307,2026-09-24T12:45:28Z,Chile,shared by highway way 971760487 and building way 971760489,tt_event
2912,node connected highway and building,renzo_pd,8229703,https://www.openstreetmap.org/#map=18/-39.286794/-72.225027,189496583,https://www.openstreetmap.org/changeset/189496583,node,8994057306,2026-09-24T12:45:28Z,Chile,shared by highway way 971760488 and building way 971760489,tt_event
2913,node connected highway and building,renzo_pd,8229703,https://www.openstreetmap.org/#map=18/-39.274511/-72.239651,189496583,https://www.openstreetmap.org/changeset/189496583,node,9048571588,2026-09-24T12:45:28Z,Chile,shared by highway way 977900789 and building way 977900790,tt_event
2914,node connected highway and building,renzo_pd,8229703,https://www.openstreetmap.org/#map=18/-39.275070/-72.239398,189496583,https://www.openstreetmap.org/changeset/189496583,node,9048571585,2026-09-24T12:45:28Z,Chile,shared by highway way 977900791 and building way 977900790,tt_event
2915,node connected highway and building,renzo_pd,8229703,https://www.openstreetmap.org/#map=18/-39.279886/-72.232157,189496583,https://www.openstreetmap.org/changeset/189496583,node,9054459958,2026-09-24T12:45:28Z,Chile,shared by highway way 978535422 and building way 978535425,tt_event
2916,node connected highway and building,renzo_pd,8229703,https://www.openstreetmap.org/#map=18/-39.279984/-72.232019,189496583,https://www.openstreetmap.org/changeset/189496583,node,9054459964,2026-09-24T12:45:28Z,Chile,shared by highway way 978535423 and building way 978535425,tt_event
2917,node connected highway and building,renzo_pd,8229703,https://www.openstreetmap.org/#map=18/-39.279707/-72.232046,189496583,https://www.openstreetmap.org/changeset/189496583,node,9054459955,2026-09-24T12:45:28Z,Chile,shared by highway way 978535424 and building way 978535425,tt_event
2918,node connected highway and building,renzo_pd,8229703,https://www.openstreetmap.org/#map=18/-39.279811/-72.232168,189496583,https://www.openstreetmap.org/changeset/189496583,node,9054459954,2026-09-24T12:45:28Z,Chile,shared by highway way 978535426 and building way 978535425,tt_event
2919,node connected highway and building,renzo_pd,8229703,https://www.openstreetmap.org/#map=18/-39.281774/-72.227069,189496583,https://www.openstreetmap.org/changeset/189496583,node,9079913555,2026-09-24T12:45:28Z,Chile,shared by highway way 981646838 and building way 495567948,tt_event
2920,node connected highway and building,renzo_pd,8229703,https://www.openstreetmap.org/#map=18/-39.281768/-72.227327,189496583,https://www.openstreetmap.org/changeset/189496583,node,9079913557,2026-09-24T12:45:28Z,Chile,shared by highway way 981646839 and building way 495567948,tt_event
2921,node connected highway and building,renzo_pd,8229703,https://www.openstreetmap.org/#map=18/-39.290765/-72.165094,189496583,https://www.openstreetmap.org/changeset/189496583,node,9394637003,2026-09-24T12:45:28Z,Chile,shared by highway way 1018545383 and building way 1018545378,tt_event
2922,node connected highway and building,renzo_pd,8229703,https://www.openstreetmap.org/#map=18/-39.278665/-72.221024,189496583,https://www.openstreetmap.org/changeset/189496583,node,10177492917,2026-09-24T12:45:28Z,Chile,shared by highway way 1112413191 and building way 1112413192,tt_event
2923,node connected highway and building,renzo_pd,8229703,https://www.openstreetmap.org/#map=18/-39.278552/-72.220619,189496583,https://www.openstreetmap.org/changeset/189496583,node,10177459111,2026-09-24T12:45:28Z,Chile,shared by highway way 1112413259 and building way 1112413192,tt_event
2924,node connected highway and building,renzo_pd,8229703,https://www.openstreetmap.org/#map=18/-39.289520/-72.223338,189496583,https://www.openstreetmap.org/changeset/189496583,node,13665999233,2026-09-24T12:45:28Z,Chile,shared by highway way 1491126241 and building way 365561225,tt_event
2930,crossing buildings,wrobson,24534836,https://www.openstreetmap.org/#map=18/-2.173115/30.133754,189496078,https://www.openstreetmap.org/changeset/189496078,way,1561968707,2026-09-24T12:35:25Z,Rwanda,outline crosses way 1562138532 (95% area overlap),tt_event
2931,crossing buildings,wrobson,24534836,https://www.openstreetmap.org/#map=18/-2.172894/30.133328,189496078,https://www.openstreetmap.org/changeset/189496078,way,1561968709,2026-09-24T12:35:25Z,Rwanda,outline crosses way 1562138531 (95% area overlap),tt_event
2933,crossing buildings,Agnes Petro,23585416,https://www.openstreetmap.org/#map=18/-6.374543/37.321351,189496013,https://www.openstreetmap.org/changeset/189496013,way,1561968596,2026-09-24T12:34:25Z,Tanzania,outline crosses way 1271162045 (3% area overlap),tt_event
2934,crossing buildings,Agnes Petro,23585416,https://www.openstreetmap.org/#map=18/-6.375304/37.321619,189496013,https://www.openstreetmap.org/changeset/189496013,way,1561968607,2026-09-24T12:34:25Z,Tanzania,outline crosses way 1561755937 (11% area overlap),tt_event
2938,node connected highway and building,Dnyaneshwarisolanke,23613325,https://www.openstreetmap.org/#map=18/10.360364/76.379044,189495839,https://www.openstreetmap.org/changeset/189495839,node,5841559801,2026-09-24T12:30:54Z,India,shared by highway way 656528815 and building way 617991374,tt_event
2942,broken highway continuity,Dnyaneshwarisolanke,23613325,https://www.openstreetmap.org/#map=18/10.531714/76.344544,189495388,https://www.openstreetmap.org/changeset/189495388,way,808278009,2026-09-24T12:20:59Z,India,'Peechi Dam Road' looks continuous but way 808278009 and way 1552288389 are 4.12m apart with no shared node,tt_event
2944,node connected highway and building,Dnyaneshwarisolanke,23613325,https://www.openstreetmap.org/#map=18/10.533011/76.343726,189495388,https://www.openstreetmap.org/changeset/189495388,node,5844494871,2026-09-24T12:20:59Z,India,shared by highway way 1552288387 and building way 618327564,tt_event
2945,crossing highway,Dnyaneshwarisolanke,23613325,https://www.openstreetmap.org/#map=18/10.650432/76.358294,189495315,https://www.openstreetmap.org/changeset/189495315,way,951745028,2026-09-24T12:19:31Z,India,crosses way 656253566 without a shared junction node,tt_event
2946,crossing highway,Dnyaneshwarisolanke,23613325,https://www.openstreetmap.org/#map=18/10.650626/76.357448,189495315,https://www.openstreetmap.org/changeset/189495315,way,951745028,2026-09-24T12:19:31Z,India,crosses way 201844788 without a shared junction node,tt_event
2949,crossing highway,Dnyaneshwarisolanke,23613325,https://www.openstreetmap.org/#map=18/10.647839/76.365021,189495246,https://www.openstreetmap.org/changeset/189495246,way,658135858,2026-09-24T12:18:13Z,India,crosses way 951745028 without a shared junction node,tt_event
2961,crossing highway,Dadaso_Sakunde,21202365,https://www.openstreetmap.org/#map=18/20.975012/73.787327,189500543,https://www.openstreetmap.org/changeset/189500543,way,1561988128,2026-09-24T14:05:02Z,India,crosses way 1561992357 without a shared junction node,tt_event
2964,crossing buildings,Christian111124,24589203,https://www.openstreetmap.org/#map=18/-29.376317/27.546501,189500497,https://www.openstreetmap.org/changeset/189500497,way,1561987909,2026-09-24T14:04:00Z,Lesotho,outline crosses way 365905396 (73% area overlap),tt_event
2965,crossing buildings,Christian111124,24589203,https://www.openstreetmap.org/#map=18/-29.377086/27.549291,189500497,https://www.openstreetmap.org/changeset/189500497,way,1561987914,2026-09-24T14:04:00Z,Lesotho,outline crosses way 361494338 (14% area overlap),tt_event
2966,crossing buildings,Christian111124,24589203,https://www.openstreetmap.org/#map=18/-29.376605/27.549404,189500497,https://www.openstreetmap.org/changeset/189500497,way,1561987917,2026-09-24T14:04:00Z,Lesotho,outline crosses way 361494350 (16% area overlap),tt_event
2967,crossing buildings,Christian111124,24589203,https://www.openstreetmap.org/#map=18/-29.375569/27.549526,189500497,https://www.openstreetmap.org/changeset/189500497,way,1561987918,2026-09-24T14:04:00Z,Lesotho,outline crosses way 1561987931 (59% area overlap),tt_event
2968,crossing buildings,Christian111124,24589203,https://www.openstreetmap.org/#map=18/-29.377029/27.548392,189500497,https://www.openstreetmap.org/changeset/189500497,way,1561987921,2026-09-24T14:04:00Z,Lesotho,outline crosses way 361494349 (80% area overlap),tt_event
2969,crossing buildings,Christian111124,24589203,https://www.openstreetmap.org/#map=18/-29.377136/27.550596,189500497,https://www.openstreetmap.org/changeset/189500497,way,1561987925,2026-09-24T14:04:00Z,Lesotho,outline crosses way 361665537 (7% area overlap),tt_event
2970,crossing buildings,Christian111124,24589203,https://www.openstreetmap.org/#map=18/-29.377161/27.550028,189500497,https://www.openstreetmap.org/changeset/189500497,way,1561987933,2026-09-24T14:04:00Z,Lesotho,outline crosses way 361672883 (4% area overlap),tt_event
2971,crossing buildings,Christian111124,24589203,https://www.openstreetmap.org/#map=18/-29.376212/27.550847,189500497,https://www.openstreetmap.org/changeset/189500497,way,1561987934,2026-09-24T14:04:00Z,Lesotho,outline crosses way 361672839 (29% area overlap),tt_event
2972,crossing buildings,Christian111124,24589203,https://www.openstreetmap.org/#map=18/-29.376212/27.550847,189500497,https://www.openstreetmap.org/changeset/189500497,way,1561987934,2026-09-24T14:04:00Z,Lesotho,outline crosses way 361672855 (77% area overlap),tt_event
2974,node connected highway and building,Christian111124,24589203,https://www.openstreetmap.org/#map=18/-29.376997/27.548761,189500497,https://www.openstreetmap.org/changeset/189500497,node,14212113762,2026-09-24T14:04:00Z,Lesotho,shared by highway way 144977637 and building way 1561987921,tt_event
2975,node connected highway and building,Christian111124,24589203,https://www.openstreetmap.org/#map=18/-29.376997/27.548761,189500497,https://www.openstreetmap.org/changeset/189500497,node,14212113791,2026-09-24T14:04:00Z,Lesotho,shared by highway way 144977637 and building way 1561987928,tt_event
2976,crossing highway,ThanW,24588169,https://www.openstreetmap.org/#map=18/-9.825986/28.762662,189500478,https://www.openstreetmap.org/changeset/189500478,way,688365002,2026-09-24T14:03:38Z,Zambia,crosses way 1561985167 without a shared junction node,tt_event
2978,crossing buildings,MartinSanders100,21748613,https://www.openstreetmap.org/#map=18/-9.826928/28.769402,189500471,https://www.openstreetmap.org/changeset/189500471,way,1561987604,2026-09-24T14:03:32Z,Zambia,outline crosses way 1561987275 (94% area overlap),tt_event
2979,crossing buildings,MartinSanders100,21748613,https://www.openstreetmap.org/#map=18/-9.824746/28.763751,189500471,https://www.openstreetmap.org/changeset/189500471,way,1561987605,2026-09-24T14:03:32Z,Zambia,outline crosses way 1561987284 (90% area overlap),tt_event
2980,crossing buildings,MartinSanders100,21748613,https://www.openstreetmap.org/#map=18/-9.820247/28.760215,189500471,https://www.openstreetmap.org/changeset/189500471,way,1561987606,2026-09-24T14:03:32Z,Zambia,outline crosses way 1561987293 (100% area overlap),tt_event
2981,crossing buildings,MartinSanders100,21748613,https://www.openstreetmap.org/#map=18/-9.819085/28.759233,189500471,https://www.openstreetmap.org/changeset/189500471,way,1561987607,2026-09-24T14:03:32Z,Zambia,outline crosses way 1561987317 (92% area overlap),tt_event
2982,node connected highway and building,MartinSanders100,21748613,https://www.openstreetmap.org/#map=18/-9.821883/28.759214,189500471,https://www.openstreetmap.org/changeset/189500471,node,14212043903,2026-09-24T14:03:32Z,Zambia,shared by highway way 688365005 and building way 1561979461,tt_event
2983,node connected highway and building,MartinSanders100,21748613,https://www.openstreetmap.org/#map=18/-9.821131/28.763724,189500471,https://www.openstreetmap.org/changeset/189500471,node,14212079010,2026-09-24T14:03:32Z,Zambia,shared by highway way 688412834 and building way 1561983764,tt_event
2984,node connected highway and building,MartinSanders100,21748613,https://www.openstreetmap.org/#map=18/-9.821131/28.763724,189500471,https://www.openstreetmap.org/changeset/189500471,node,14212079009,2026-09-24T14:03:32Z,Zambia,shared by highway way 688412834 and building way 1561983764,tt_event
2986,crossing buildings,Veronica Aguilar,15172786,https://www.openstreetmap.org/#map=18/-9.830541/28.774998,189500420,https://www.openstreetmap.org/changeset/189500420,way,1561987271,2026-09-24T14:02:22Z,Zambia,outline crosses way 1561985099 (94% area overlap),tt_event
2987,crossing buildings,Veronica Aguilar,15172786,https://www.openstreetmap.org/#map=18/-9.829086/28.771787,189500420,https://www.openstreetmap.org/changeset/189500420,way,1561987272,2026-09-24T14:02:22Z,Zambia,outline crosses way 1561985096 (90% area overlap),tt_event
2988,crossing buildings,Veronica Aguilar,15172786,https://www.openstreetmap.org/#map=18/-9.828434/28.770959,189500420,https://www.openstreetmap.org/changeset/189500420,way,1561987273,2026-09-24T14:02:22Z,Zambia,outline crosses way 1561985095 (94% area overlap),tt_event
2989,crossing buildings,Veronica Aguilar,15172786,https://www.openstreetmap.org/#map=18/-9.829571/28.771027,189500420,https://www.openstreetmap.org/changeset/189500420,way,1561987274,2026-09-24T14:02:22Z,Zambia,outline crosses way 1561986219 (94% area overlap),tt_event
2990,crossing buildings,Veronica Aguilar,15172786,https://www.openstreetmap.org/#map=18/-9.826931/28.769395,189500420,https://www.openstreetmap.org/changeset/189500420,way,1561987275,2026-09-24T14:02:22Z,Zambia,outline crosses way 1561987604 (94% area overlap),tt_event
2991,crossing buildings,Veronica Aguilar,15172786,https://www.openstreetmap.org/#map=18/-9.824745/28.763763,189500420,https://www.openstreetmap.org/changeset/189500420,way,1561987284,2026-09-24T14:02:22Z,Zambia,outline crosses way 1561987605 (90% area overlap),tt_event
2992,crossing buildings,Veronica Aguilar,15172786,https://www.openstreetmap.org/#map=18/-9.819083/28.759226,189500420,https://www.openstreetmap.org/changeset/189500420,way,1561987317,2026-09-24T14:02:22Z,Zambia,outline crosses way 1561987607 (92% area overlap),tt_event
2993,node connected highway and building,Veronica Aguilar,15172786,https://www.openstreetmap.org/#map=18/-9.821883/28.759214,189500420,https://www.openstreetmap.org/changeset/189500420,node,14212043903,2026-09-24T14:02:22Z,Zambia,shared by highway way 688365005 and building way 1561979461,tt_event
2994,node connected highway and building,Veronica Aguilar,15172786,https://www.openstreetmap.org/#map=18/-9.821131/28.763724,189500420,https://www.openstreetmap.org/changeset/189500420,node,14212079010,2026-09-24T14:02:22Z,Zambia,shared by highway way 688412834 and building way 1561983764,tt_event
2995,node connected highway and building,Veronica Aguilar,15172786,https://www.openstreetmap.org/#map=18/-9.821131/28.763724,189500420,https://www.openstreetmap.org/changeset/189500420,node,14212079009,2026-09-24T14:02:22Z,Zambia,shared by highway way 688412834 and building way 1561983764,tt_event
3001,node connected highway and building,Dnyaneshwarisolanke,23613325,https://www.openstreetmap.org/#map=18/10.943424/79.770140,189500385,https://www.openstreetmap.org/changeset/189500385,node,6067034988,2026-09-24T14:01:42Z,India,shared by highway way 645400126 and building way 668498314,tt_event
3002,crossing highway,ThanW,24588169,https://www.openstreetmap.org/#map=18/-9.831301/28.779161,189500353,https://www.openstreetmap.org/changeset/189500353,way,1561986982,2026-09-24T14:01:03Z,Zambia,crosses way 1561987219 without a shared junction node,tt_event
3004,crossing buildings,jachymkasparek,24589220,https://www.openstreetmap.org/#map=18/-29.317478/27.494135,189500352,https://www.openstreetmap.org/changeset/189500352,way,1561986981,2026-09-24T14:01:01Z,Lesotho,outline crosses way 295073848 (89% area overlap),tt_event
3008,crossing highway,Dadaso_Sakunde,21202365,https://www.openstreetmap.org/#map=18/20.974789/73.789157,189500256,https://www.openstreetmap.org/changeset/189500256,way,225991961,2026-09-24T13:59:22Z,India,crosses way 1561988128 without a shared junction node,tt_event
3010,crossing highway,Dadaso_Sakunde,21202365,https://www.openstreetmap.org/#map=18/20.965746/73.789624,189500215,https://www.openstreetmap.org/changeset/189500215,way,1561986608,2026-09-24T13:58:34Z,India,crosses way 1561986861 without a shared junction node,tt_event
3011,crossing highway,Dadaso_Sakunde,21202365,https://www.openstreetmap.org/#map=18/20.974789/73.789157,189500215,https://www.openstreetmap.org/changeset/189500215,way,225991961,2026-09-24T13:58:34Z,India,crosses way 1561988128 without a shared junction node,tt_event
3014,node connected highway and building,Agnes Petro,23585416,https://www.openstreetmap.org/#map=18/-6.390473/37.333745,189500209,https://www.openstreetmap.org/changeset/189500209,node,14209680178,2026-09-24T13:58:27Z,Tanzania,shared by highway way 1145073699 and building way 1561748865,tt_event
3015,node connected highway and building,Agnes Petro,23585416,https://www.openstreetmap.org/#map=18/-6.389767/37.336630,189500209,https://www.openstreetmap.org/changeset/189500209,node,14211270191,2026-09-24T13:58:27Z,Tanzania,shared by highway way 1145078253 and building way 1561894598,tt_event
3016,node connected highway and building,Agnes Petro,23585416,https://www.openstreetmap.org/#map=18/-6.386559/37.326642,189500209,https://www.openstreetmap.org/changeset/189500209,node,10657385393,2026-09-24T13:58:27Z,Tanzania,shared by highway way 1145085574 and building way 1559007030,tt_event
3017,node connected highway and building,Agnes Petro,23585416,https://www.openstreetmap.org/#map=18/-6.376250/37.323571,189500209,https://www.openstreetmap.org/changeset/189500209,node,14212191852,2026-09-24T13:58:27Z,Tanzania,shared by highway way 1145088183 and building way 1561996414,tt_event
3018,node connected highway and building,Agnes Petro,23585416,https://www.openstreetmap.org/#map=18/-6.385096/37.326405,189500209,https://www.openstreetmap.org/changeset/189500209,node,14209744286,2026-09-24T13:58:27Z,Tanzania,shared by highway way 1145089391 and building way 1561754745,tt_event
3019,node connected highway and building,Agnes Petro,23585416,https://www.openstreetmap.org/#map=18/-6.387717/37.332734,189500209,https://www.openstreetmap.org/changeset/189500209,node,14203194686,2026-09-24T13:58:27Z,Tanzania,shared by highway way 1145089402 and building way 1560983991,tt_event
3020,node connected highway and building,Agnes Petro,23585416,https://www.openstreetmap.org/#map=18/-6.380641/37.344555,189500209,https://www.openstreetmap.org/changeset/189500209,node,14184211198,2026-09-24T13:58:27Z,Tanzania,shared by highway way 1145091748 and building way 1559234659,tt_event
3021,node connected highway and building,Agnes Petro,23585416,https://www.openstreetmap.org/#map=18/-6.368971/37.339870,189500209,https://www.openstreetmap.org/changeset/189500209,node,14212288862,2026-09-24T13:58:27Z,Tanzania,shared by highway way 1145091752 and building way 1562005615,tt_event
3022,node connected highway and building,Agnes Petro,23585416,https://www.openstreetmap.org/#map=18/-6.390328/37.342662,189500209,https://www.openstreetmap.org/changeset/189500209,node,14209660492,2026-09-24T13:58:27Z,Tanzania,shared by highway way 1145093243 and building way 1561746367,tt_event
3023,node connected highway and building,Agnes Petro,23585416,https://www.openstreetmap.org/#map=18/-6.376076/37.316906,189500209,https://www.openstreetmap.org/changeset/189500209,node,14206595537,2026-09-24T13:58:27Z,Tanzania,shared by highway way 1179916181 and building way 1561369840,tt_event
3024,node connected highway and building,Agnes Petro,23585416,https://www.openstreetmap.org/#map=18/-6.385782/37.347028,189500209,https://www.openstreetmap.org/changeset/189500209,node,11804524264,2026-09-24T13:58:27Z,Tanzania,shared by highway way 1559169755 and building way 1271126390,tt_event
3025,node connected highway and building,Agnes Petro,23585416,https://www.openstreetmap.org/#map=18/-6.375821/37.321381,189500209,https://www.openstreetmap.org/changeset/189500209,node,14206292815,2026-09-24T13:58:27Z,Tanzania,shared by highway way 1561756550 and building way 1561341573,tt_event
3026,node connected highway and building,Agnes Petro,23585416,https://www.openstreetmap.org/#map=18/-6.375882/37.321250,189500209,https://www.openstreetmap.org/changeset/189500209,node,14209787689,2026-09-24T13:58:27Z,Tanzania,shared by highway way 1561756729 and building way 1561341573,tt_event
3031,crossing buildings,CNewlyn,24588279,https://www.openstreetmap.org/#map=18/-9.829567/28.771032,189500133,https://www.openstreetmap.org/changeset/189500133,way,1561986219,2026-09-24T13:56:33Z,Zambia,outline crosses way 1561987274 (94% area overlap),tt_event
3035,duplicated node,mohamed yahia1997,24058321,https://www.openstreetmap.org/#map=18/-2.231848/30.130344,189706550,https://www.openstreetmap.org/changeset/189706550,node,14229734925,2026-09-29T03:46:59Z,Rwanda,within 0.00m of node 14229734926,tt_event
3036,duplicated node,mohamed yahia1997,24058321,https://www.openstreetmap.org/#map=18/-2.231541/30.130197,189706550,https://www.openstreetmap.org/changeset/189706550,node,14229734944,2026-09-29T03:46:59Z,Rwanda,within 0.00m of node 14229734945,tt_event
3040,crossing highway,ThanW,24588169,https://www.openstreetmap.org/#map=18/-9.831421/28.778288,189499943,https://www.openstreetmap.org/changeset/189499943,way,1561985263,2026-09-24T13:52:44Z,Zambia,crosses way 1561985604 without a shared junction node,tt_event
3044,crossing highway,Dan Franklin,15222297,https://www.openstreetmap.org/#map=18/-9.825986/28.762662,189499901,https://www.openstreetmap.org/changeset/189499901,way,1561985167,2026-09-24T13:51:49Z,Zambia,crosses way 688365002 without a shared junction node,tt_event
3045,crossing highway,Dan Franklin,15222297,https://www.openstreetmap.org/#map=18/-9.830254/28.778018,189499901,https://www.openstreetmap.org/changeset/189499901,way,688365002,2026-09-24T13:51:49Z,Zambia,crosses way 1561987627 without a shared junction node,tt_event
3046,crossing highway,Dan Franklin,15222297,https://www.openstreetmap.org/#map=18/-9.830169/28.777801,189499901,https://www.openstreetmap.org/changeset/189499901,way,688365002,2026-09-24T13:51:49Z,Zambia,crosses way 1561987626 without a shared junction node,tt_event
3050,node connected highway and building,Osano,20287125,https://www.openstreetmap.org/#map=18/-2.897826/37.479278,189499883,https://www.openstreetmap.org/changeset/189499883,node,14212090258,2026-09-24T13:51:20Z,Kenya,shared by highway way 698289151 and building way 1561985151,tt_event
3051,node connected highway and building,Osano,20287125,https://www.openstreetmap.org/#map=18/-2.897826/37.479278,189499883,https://www.openstreetmap.org/changeset/189499883,node,14212090259,2026-09-24T13:51:20Z,Kenya,shared by highway way 698289151 and building way 1561985151,tt_event
3063,node connected highway and building,Veronica Aguilar,15172786,https://www.openstreetmap.org/#map=18/-9.821883/28.759214,189499618,https://www.openstreetmap.org/changeset/189499618,node,14212043903,2026-09-24T13:46:12Z,Zambia,shared by highway way 688365005 and building way 1561979461,tt_event
3064,node connected highway and building,Veronica Aguilar,15172786,https://www.openstreetmap.org/#map=18/-9.821131/28.763724,189499618,https://www.openstreetmap.org/changeset/189499618,node,14212079010,2026-09-24T13:46:12Z,Zambia,shared by highway way 688412834 and building way 1561983764,tt_event
3065,node connected highway and building,Veronica Aguilar,15172786,https://www.openstreetmap.org/#map=18/-9.821131/28.763724,189499618,https://www.openstreetmap.org/changeset/189499618,node,14212079009,2026-09-24T13:46:12Z,Zambia,shared by highway way 688412834 and building way 1561983764,tt_event
3066,node connected highway and building,Veronica Aguilar,15172786,https://www.openstreetmap.org/#map=18/-9.809660/28.752389,189499618,https://www.openstreetmap.org/changeset/189499618,node,14181854383,2026-09-24T13:46:12Z,Zambia,shared by highway way 1558965726 and building way 378746553,tt_event
3067,node connected highway and building,Veronica Aguilar,15172786,https://www.openstreetmap.org/#map=18/-9.809532/28.752317,189499618,https://www.openstreetmap.org/changeset/189499618,node,14181854384,2026-09-24T13:46:12Z,Zambia,shared by highway way 1558965728 and building way 378746553,tt_event
3068,node connected highway and building,Veronica Aguilar,15172786,https://www.openstreetmap.org/#map=18/-9.811212/28.762460,189499618,https://www.openstreetmap.org/changeset/189499618,node,14192345046,2026-09-24T13:46:12Z,Zambia,shared by highway way 1560227020 and building way 1560227028,tt_event
3069,node connected highway and building,Veronica Aguilar,15172786,https://www.openstreetmap.org/#map=18/-9.811048/28.762329,189499618,https://www.openstreetmap.org/changeset/189499618,node,4364874004,2026-09-24T13:46:12Z,Zambia,shared by highway way 1560227026 and building way 438831932,tt_event
3070,node connected highway and building,Veronica Aguilar,15172786,https://www.openstreetmap.org/#map=18/-9.811048/28.762329,189499618,https://www.openstreetmap.org/changeset/189499618,node,3820534509,2026-09-24T13:46:12Z,Zambia,shared by highway way 1560227026 and building way 378745996,tt_event
3071,node connected highway and building,Veronica Aguilar,15172786,https://www.openstreetmap.org/#map=18/-9.812436/28.761203,189499618,https://www.openstreetmap.org/changeset/189499618,node,14192303971,2026-09-24T13:46:12Z,Zambia,shared by highway way 1560228065 and building way 378721434,tt_event
3072,node connected highway and building,Veronica Aguilar,15172786,https://www.openstreetmap.org/#map=18/-9.812435/28.761397,189499618,https://www.openstreetmap.org/changeset/189499618,node,14192303975,2026-09-24T13:46:12Z,Zambia,shared by highway way 1560228066 and building way 378770285,tt_event
3073,node connected highway and building,Veronica Aguilar,15172786,https://www.openstreetmap.org/#map=18/-9.812956/28.761067,189499618,https://www.openstreetmap.org/changeset/189499618,node,3820559499,2026-09-24T13:46:12Z,Zambia,shared by highway way 1560228068 and building way 378748487,tt_event
3074,node connected highway and building,Veronica Aguilar,15172786,https://www.openstreetmap.org/#map=18/-9.813704/28.765484,189499618,https://www.openstreetmap.org/changeset/189499618,node,4364874110,2026-09-24T13:46:12Z,Zambia,shared by highway way 1563197578 and building way 438831671,tt_event
3075,node connected highway and building,Veronica Aguilar,15172786,https://www.openstreetmap.org/#map=18/-9.814408/28.766129,189499618,https://www.openstreetmap.org/changeset/189499618,node,3820580267,2026-09-24T13:46:12Z,Zambia,shared by highway way 1563198124 and building way 378856646,tt_event
3076,node connected highway and building,Veronica Aguilar,15172786,https://www.openstreetmap.org/#map=18/-9.814408/28.766129,189499618,https://www.openstreetmap.org/changeset/189499618,node,14228021366,2026-09-24T13:46:12Z,Zambia,shared by highway way 1563198124 and building way 1563197851,tt_event
3077,node connected highway and building,Veronica Aguilar,15172786,https://www.openstreetmap.org/#map=18/-9.814408/28.766129,189499618,https://www.openstreetmap.org/changeset/189499618,node,14212032297,2026-09-24T13:46:12Z,Zambia,shared by highway way 1563198124 and building way 1561978476,tt_event
3078,node connected highway and building,Veronica Aguilar,15172786,https://www.openstreetmap.org/#map=18/-9.813969/28.766206,189499618,https://www.openstreetmap.org/changeset/189499618,node,14227962680,2026-09-24T13:46:12Z,Zambia,shared by highway way 1563198125 and building way 1561978476,tt_event
3079,node connected highway and building,Veronica Aguilar,15172786,https://www.openstreetmap.org/#map=18/-9.814229/28.766027,189499618,https://www.openstreetmap.org/changeset/189499618,node,14228012465,2026-09-24T13:46:12Z,Zambia,shared by highway way 1563198185 and building way 378714145,tt_event
3080,node connected highway and building,Veronica Aguilar,15172786,https://www.openstreetmap.org/#map=18/-9.814340/28.765626,189499618,https://www.openstreetmap.org/changeset/189499618,node,14228019765,2026-09-24T13:46:12Z,Zambia,shared by highway way 1563198442 and building way 378851030,tt_event
3081,crossing highway,Dadaso_Sakunde,21202365,https://www.openstreetmap.org/#map=18/20.890623/73.830833,189499605,https://www.openstreetmap.org/changeset/189499605,way,1561984270,2026-09-24T13:46:00Z,India,crosses way 1561984637 without a shared junction node,tt_event
3082,crossing highway,Dadaso_Sakunde,21202365,https://www.openstreetmap.org/#map=18/20.899287/73.827074,189499605,https://www.openstreetmap.org/changeset/189499605,way,179448155,2026-09-24T13:46:00Z,India,crosses way 1561984835 without a shared junction node,tt_event
3087,node connected highway and building,CNewlyn,24588279,https://www.openstreetmap.org/#map=18/-9.821131/28.763724,189499518,https://www.openstreetmap.org/changeset/189499518,node,14212079010,2026-09-24T13:44:09Z,Zambia,shared by highway way 688412834 and building way 1561983764,tt_event
3088,node connected highway and building,CNewlyn,24588279,https://www.openstreetmap.org/#map=18/-9.821131/28.763724,189499518,https://www.openstreetmap.org/changeset/189499518,node,14212079009,2026-09-24T13:44:09Z,Zambia,shared by highway way 688412834 and building way 1561983764,tt_event
3093,node connected highway and building,Dnyaneshwarisolanke,23613325,https://www.openstreetmap.org/#map=18/10.428128/78.759599,189499415,https://www.openstreetmap.org/changeset/189499415,node,6126038784,2026-09-24T13:41:54Z,India,shared by highway way 653692084 and building way 653692083,tt_event
3094,node connected highway and building,Dnyaneshwarisolanke,23613325,https://www.openstreetmap.org/#map=18/10.432209/78.761626,189499415,https://www.openstreetmap.org/changeset/189499415,node,6126045769,2026-09-24T13:41:54Z,India,shared by highway way 653692834 and building way 653692833,tt_event
3095,node connected highway and building,Dnyaneshwarisolanke,23613325,https://www.openstreetmap.org/#map=18/10.425937/78.768174,189499415,https://www.openstreetmap.org/changeset/189499415,node,6126045818,2026-09-24T13:41:54Z,India,shared by highway way 653692839 and building way 653692838,tt_event
3096,node connected highway and building,Dnyaneshwarisolanke,23613325,https://www.openstreetmap.org/#map=18/10.425937/78.768174,189499415,https://www.openstreetmap.org/changeset/189499415,node,6126045826,2026-09-24T13:41:54Z,India,shared by highway way 653692839 and building way 653692837,tt_event
3097,node connected highway and building,Dnyaneshwarisolanke,23613325,https://www.openstreetmap.org/#map=18/10.426617/78.768057,189499415,https://www.openstreetmap.org/changeset/189499415,node,6126045835,2026-09-24T13:41:54Z,India,shared by highway way 653692842 and building way 653692837,tt_event
3098,node connected highway and building,Dnyaneshwarisolanke,23613325,https://www.openstreetmap.org/#map=18/10.432786/78.769182,189499415,https://www.openstreetmap.org/changeset/189499415,node,6126045855,2026-09-24T13:41:54Z,India,shared by highway way 653692844 and building way 653692845,tt_event
3100,node connected highway and building,ThanW,24588169,https://www.openstreetmap.org/#map=18/-9.811212/28.762460,189499395,https://www.openstreetmap.org/changeset/189499395,node,14192345046,2026-09-24T13:41:22Z,Zambia,shared by highway way 1560227020 and building way 1560227028,tt_event
3101,node connected highway and building,ThanW,24588169,https://www.openstreetmap.org/#map=18/-9.811048/28.762329,189499395,https://www.openstreetmap.org/changeset/189499395,node,3820534509,2026-09-24T13:41:22Z,Zambia,shared by highway way 1560227026 and building way 378745996,tt_event
3102,node connected highway and building,ThanW,24588169,https://www.openstreetmap.org/#map=18/-9.812436/28.761203,189499395,https://www.openstreetmap.org/changeset/189499395,node,14192303971,2026-09-24T13:41:22Z,Zambia,shared by highway way 1560228065 and building way 378721434,tt_event
3103,node connected highway and building,ThanW,24588169,https://www.openstreetmap.org/#map=18/-9.812435/28.761397,189499395,https://www.openstreetmap.org/changeset/189499395,node,14192303975,2026-09-24T13:41:22Z,Zambia,shared by highway way 1560228066 and building way 378770285,tt_event
3104,node connected highway and building,ThanW,24588169,https://www.openstreetmap.org/#map=18/-9.812956/28.761067,189499395,https://www.openstreetmap.org/changeset/189499395,node,3820559499,2026-09-24T13:41:22Z,Zambia,shared by highway way 1560228068 and building way 378748487,tt_event
3106,crossing buildings,MartinSanders100,21748613,https://www.openstreetmap.org/#map=18/-9.815811/28.765735,189499343,https://www.openstreetmap.org/changeset/189499343,way,1561983011,2026-09-24T13:40:23Z,Zambia,outline crosses way 1561982544 (97% area overlap),tt_event
3107,crossing buildings,MartinSanders100,21748613,https://www.openstreetmap.org/#map=18/-9.819692/28.755706,189499343,https://www.openstreetmap.org/changeset/189499343,way,1561983012,2026-09-24T13:40:23Z,Zambia,outline crosses way 1561982524 (95% area overlap),tt_event
3108,crossing buildings,MartinSanders100,21748613,https://www.openstreetmap.org/#map=18/-9.820664/28.753450,189499343,https://www.openstreetmap.org/changeset/189499343,way,1561983014,2026-09-24T13:40:23Z,Zambia,outline crosses way 1561982526 (99% area overlap),tt_event
3109,crossing buildings,MartinSanders100,21748613,https://www.openstreetmap.org/#map=18/-9.820752/28.753032,189499343,https://www.openstreetmap.org/changeset/189499343,way,1561983015,2026-09-24T13:40:23Z,Zambia,outline crosses way 1561982527 (88% area overlap),tt_event
3110,crossing buildings,MartinSanders100,21748613,https://www.openstreetmap.org/#map=18/-9.820750/28.752827,189499343,https://www.openstreetmap.org/changeset/189499343,way,1561983016,2026-09-24T13:40:23Z,Zambia,outline crosses way 1561982528 (93% area overlap),tt_event
3111,crossing buildings,MartinSanders100,21748613,https://www.openstreetmap.org/#map=18/-9.815124/28.759773,189499343,https://www.openstreetmap.org/changeset/189499343,way,1561983027,2026-09-24T13:40:23Z,Zambia,outline crosses way 1561981984 (94% area overlap),tt_event
3112,crossing buildings,MartinSanders100,21748613,https://www.openstreetmap.org/#map=18/-9.814785/28.759933,189499343,https://www.openstreetmap.org/changeset/189499343,way,1561983028,2026-09-24T13:40:23Z,Zambia,outline crosses way 1561981986 (96% area overlap),tt_event
3113,node connected highway and building,MartinSanders100,21748613,https://www.openstreetmap.org/#map=18/-9.821883/28.759214,189499343,https://www.openstreetmap.org/changeset/189499343,node,14212043903,2026-09-24T13:40:23Z,Zambia,shared by highway way 688365005 and building way 1561979461,tt_event
3114,node connected highway and building,MartinSanders100,21748613,https://www.openstreetmap.org/#map=18/-9.821131/28.763724,189499343,https://www.openstreetmap.org/changeset/189499343,node,14212079010,2026-09-24T13:40:23Z,Zambia,shared by highway way 688412834 and building way 1561983764,tt_event
3115,node connected highway and building,MartinSanders100,21748613,https://www.openstreetmap.org/#map=18/-9.821131/28.763724,189499343,https://www.openstreetmap.org/changeset/189499343,node,14212079009,2026-09-24T13:40:23Z,Zambia,shared by highway way 688412834 and building way 1561983764,tt_event
3116,node connected highway and building,MartinSanders100,21748613,https://www.openstreetmap.org/#map=18/-9.814408/28.766129,189499343,https://www.openstreetmap.org/changeset/189499343,node,3820580267,2026-09-24T13:40:23Z,Zambia,shared by highway way 1563198124 and building way 378856646,tt_event
3117,node connected highway and building,MartinSanders100,21748613,https://www.openstreetmap.org/#map=18/-9.814229/28.766027,189499343,https://www.openstreetmap.org/changeset/189499343,node,14228012465,2026-09-24T13:40:23Z,Zambia,shared by highway way 1563198185 and building way 378714145,tt_event
3118,node connected highway and building,MartinSanders100,21748613,https://www.openstreetmap.org/#map=18/-9.814340/28.765626,189499343,https://www.openstreetmap.org/changeset/189499343,node,14228019765,2026-09-24T13:40:23Z,Zambia,shared by highway way 1563198442 and building way 378851030,tt_event
3119,crossing highway,ThanW,24588169,https://www.openstreetmap.org/#map=18/-9.817740/28.767471,189499330,https://www.openstreetmap.org/changeset/189499330,way,1561982984,2026-09-24T13:40:05Z,Zambia,crosses way 1561982985 without a shared junction node,tt_event
3120,crossing highway,ThanW,24588169,https://www.openstreetmap.org/#map=18/-9.814265/28.767540,189499330,https://www.openstreetmap.org/changeset/189499330,way,688366839,2026-09-24T13:40:05Z,Zambia,crosses way 1563197647 without a shared junction node,tt_event
3122,node connected highway and building,ThanW,24588169,https://www.openstreetmap.org/#map=18/-9.813704/28.765484,189499330,https://www.openstreetmap.org/changeset/189499330,node,4364874110,2026-09-24T13:40:05Z,Zambia,shared by highway way 1563197578 and building way 438831671,tt_event
3123,node connected highway and building,ThanW,24588169,https://www.openstreetmap.org/#map=18/-9.814408/28.766129,189499330,https://www.openstreetmap.org/changeset/189499330,node,3820580267,2026-09-24T13:40:05Z,Zambia,shared by highway way 1563198124 and building way 378856646,tt_event
3124,node connected highway and building,ThanW,24588169,https://www.openstreetmap.org/#map=18/-9.814408/28.766129,189499330,https://www.openstreetmap.org/changeset/189499330,node,14228021366,2026-09-24T13:40:05Z,Zambia,shared by highway way 1563198124 and building way 1563197851,tt_event
3125,node connected highway and building,ThanW,24588169,https://www.openstreetmap.org/#map=18/-9.814408/28.766129,189499330,https://www.openstreetmap.org/changeset/189499330,node,14212032297,2026-09-24T13:40:05Z,Zambia,shared by highway way 1563198124 and building way 1561978476,tt_event
3126,node connected highway and building,ThanW,24588169,https://www.openstreetmap.org/#map=18/-9.813969/28.766206,189499330,https://www.openstreetmap.org/changeset/189499330,node,14227962680,2026-09-24T13:40:05Z,Zambia,shared by highway way 1563198125 and building way 1561978476,tt_event
3127,node connected highway and building,ThanW,24588169,https://www.openstreetmap.org/#map=18/-9.814229/28.766027,189499330,https://www.openstreetmap.org/changeset/189499330,node,14228012465,2026-09-24T13:40:05Z,Zambia,shared by highway way 1563198185 and building way 378714145,tt_event
3128,node connected highway and building,ThanW,24588169,https://www.openstreetmap.org/#map=18/-9.814340/28.765626,189499330,https://www.openstreetmap.org/changeset/189499330,node,14228019765,2026-09-24T13:40:05Z,Zambia,shared by highway way 1563198442 and building way 378851030,tt_event
3134,crossing buildings,Veronica Aguilar,15172786,https://www.openstreetmap.org/#map=18/-9.822832/28.767138,189499228,https://www.openstreetmap.org/changeset/189499228,way,1561982509,2026-09-24T13:37:43Z,Zambia,outline crosses way 1561981244 (95% area overlap),tt_event
3135,crossing buildings,Veronica Aguilar,15172786,https://www.openstreetmap.org/#map=18/-9.823172/28.766577,189499228,https://www.openstreetmap.org/changeset/189499228,way,1561982510,2026-09-24T13:37:43Z,Zambia,outline crosses way 1561981243 (92% area overlap),tt_event
3136,crossing buildings,Veronica Aguilar,15172786,https://www.openstreetmap.org/#map=18/-9.823581/28.767653,189499228,https://www.openstreetmap.org/changeset/189499228,way,1561982511,2026-09-24T13:37:43Z,Zambia,outline crosses way 1561981245 (98% area overlap),tt_event
3137,building inside building,Veronica Aguilar,15172786,https://www.openstreetmap.org/#map=18/-9.823624/28.763163,189499228,https://www.openstreetmap.org/changeset/189499228,way,1561982518,2026-09-24T13:37:43Z,Zambia,fully contained with/containing way 1561980160,tt_event
3138,crossing buildings,Veronica Aguilar,15172786,https://www.openstreetmap.org/#map=18/-9.819687/28.755693,189499228,https://www.openstreetmap.org/changeset/189499228,way,1561982524,2026-09-24T13:37:43Z,Zambia,outline crosses way 1561983012 (95% area overlap),tt_event
3139,crossing buildings,Veronica Aguilar,15172786,https://www.openstreetmap.org/#map=18/-9.820669/28.753443,189499228,https://www.openstreetmap.org/changeset/189499228,way,1561982526,2026-09-24T13:37:43Z,Zambia,outline crosses way 1561983014 (99% area overlap),tt_event
3140,crossing buildings,Veronica Aguilar,15172786,https://www.openstreetmap.org/#map=18/-9.820756/28.753039,189499228,https://www.openstreetmap.org/changeset/189499228,way,1561982527,2026-09-24T13:37:43Z,Zambia,outline crosses way 1561983015 (88% area overlap),tt_event
3141,crossing buildings,Veronica Aguilar,15172786,https://www.openstreetmap.org/#map=18/-9.820746/28.752825,189499228,https://www.openstreetmap.org/changeset/189499228,way,1561982528,2026-09-24T13:37:43Z,Zambia,outline crosses way 1561983016 (93% area overlap),tt_event
3142,crossing buildings,Veronica Aguilar,15172786,https://www.openstreetmap.org/#map=18/-9.815804/28.765734,189499228,https://www.openstreetmap.org/changeset/189499228,way,1561982544,2026-09-24T13:37:43Z,Zambia,outline crosses way 1561983011 (97% area overlap),tt_event
3143,node connected highway and building,Veronica Aguilar,15172786,https://www.openstreetmap.org/#map=18/-9.821883/28.759214,189499228,https://www.openstreetmap.org/changeset/189499228,node,14212043903,2026-09-24T13:37:43Z,Zambia,shared by highway way 688365005 and building way 1561979461,tt_event
3144,node connected highway and building,Veronica Aguilar,15172786,https://www.openstreetmap.org/#map=18/-9.821131/28.763724,189499228,https://www.openstreetmap.org/changeset/189499228,node,14212079010,2026-09-24T13:37:43Z,Zambia,shared by highway way 688412834 and building way 1561983764,tt_event
3145,node connected highway and building,Veronica Aguilar,15172786,https://www.openstreetmap.org/#map=18/-9.821131/28.763724,189499228,https://www.openstreetmap.org/changeset/189499228,node,14212079009,2026-09-24T13:37:43Z,Zambia,shared by highway way 688412834 and building way 1561983764,tt_event
3146,node connected highway and building,Veronica Aguilar,15172786,https://www.openstreetmap.org/#map=18/-9.812956/28.761067,189499228,https://www.openstreetmap.org/changeset/189499228,node,3820559499,2026-09-24T13:37:43Z,Zambia,shared by highway way 1560228068 and building way 378748487,tt_event
3147,node connected highway and building,Veronica Aguilar,15172786,https://www.openstreetmap.org/#map=18/-9.813704/28.765484,189499228,https://www.openstreetmap.org/changeset/189499228,node,4364874110,2026-09-24T13:37:43Z,Zambia,shared by highway way 1563197578 and building way 438831671,tt_event
3148,node connected highway and building,Veronica Aguilar,15172786,https://www.openstreetmap.org/#map=18/-9.814408/28.766129,189499228,https://www.openstreetmap.org/changeset/189499228,node,3820580267,2026-09-24T13:37:43Z,Zambia,shared by highway way 1563198124 and building way 378856646,tt_event
3149,node connected highway and building,Veronica Aguilar,15172786,https://www.openstreetmap.org/#map=18/-9.814408/28.766129,189499228,https://www.openstreetmap.org/changeset/189499228,node,14228021366,2026-09-24T13:37:43Z,Zambia,shared by highway way 1563198124 and building way 1563197851,tt_event
3150,node connected highway and building,Veronica Aguilar,15172786,https://www.openstreetmap.org/#map=18/-9.814408/28.766129,189499228,https://www.openstreetmap.org/changeset/189499228,node,14212032297,2026-09-24T13:37:43Z,Zambia,shared by highway way 1563198124 and building way 1561978476,tt_event
3151,node connected highway and building,Veronica Aguilar,15172786,https://www.openstreetmap.org/#map=18/-9.813969/28.766206,189499228,https://www.openstreetmap.org/changeset/189499228,node,14227962680,2026-09-24T13:37:43Z,Zambia,shared by highway way 1563198125 and building way 1561978476,tt_event
3152,node connected highway and building,Veronica Aguilar,15172786,https://www.openstreetmap.org/#map=18/-9.814229/28.766027,189499228,https://www.openstreetmap.org/changeset/189499228,node,14228012465,2026-09-24T13:37:43Z,Zambia,shared by highway way 1563198185 and building way 378714145,tt_event
3153,node connected highway and building,Veronica Aguilar,15172786,https://www.openstreetmap.org/#map=18/-9.814340/28.765626,189499228,https://www.openstreetmap.org/changeset/189499228,node,14228019765,2026-09-24T13:37:43Z,Zambia,shared by highway way 1563198442 and building way 378851030,tt_event
3163,crossing buildings,CNewlyn,24588279,https://www.openstreetmap.org/#map=18/-9.815120/28.759769,189499104,https://www.openstreetmap.org/changeset/189499104,way,1561981984,2026-09-24T13:34:42Z,Zambia,outline crosses way 1561983027 (94% area overlap),tt_event
3164,crossing buildings,CNewlyn,24588279,https://www.openstreetmap.org/#map=18/-9.814787/28.759934,189499104,https://www.openstreetmap.org/changeset/189499104,way,1561981986,2026-09-24T13:34:42Z,Zambia,outline crosses way 1561983028 (96% area overlap),tt_event
3165,node connected highway and building,Ra_colate,15204658,https://www.openstreetmap.org/#map=18/22.219895/-159.483278,189499076,https://www.openstreetmap.org/changeset/189499076,node,4617372623,2026-09-24T13:34:02Z,United States,shared by highway way 467054173 and building way 465834522,tt_event
3166,node connected highway and building,Ra_colate,15204658,https://www.openstreetmap.org/#map=18/22.219906/-159.483177,189499076,https://www.openstreetmap.org/changeset/189499076,node,4617372655,2026-09-24T13:34:02Z,United States,shared by highway way 467054181 and building way 465834522,tt_event
3167,crossing buildings,CNewlyn,24588279,https://www.openstreetmap.org/#map=18/-9.823162/28.766572,189499039,https://www.openstreetmap.org/changeset/189499039,way,1561981243,2026-09-24T13:32:53Z,Zambia,outline crosses way 1561982510 (92% area overlap),tt_event
3168,crossing buildings,CNewlyn,24588279,https://www.openstreetmap.org/#map=18/-9.822836/28.767150,189499039,https://www.openstreetmap.org/changeset/189499039,way,1561981244,2026-09-24T13:32:53Z,Zambia,outline crosses way 1561982509 (95% area overlap),tt_event
3169,crossing buildings,CNewlyn,24588279,https://www.openstreetmap.org/#map=18/-9.823588/28.767650,189499039,https://www.openstreetmap.org/changeset/189499039,way,1561981245,2026-09-24T13:32:53Z,Zambia,outline crosses way 1561982511 (98% area overlap),tt_event
3175,building inside building,CNewlyn,24588279,https://www.openstreetmap.org/#map=18/-9.823624/28.763159,189498830,https://www.openstreetmap.org/changeset/189498830,way,1561980160,2026-09-24T13:28:30Z,Zambia,fully contained with/containing way 1561982518,tt_event
3176,node connected highway and building,geochepy,24028924,https://www.openstreetmap.org/#map=18/-39.403346/-71.946542,189498773,https://www.openstreetmap.org/changeset/189498773,node,11296032605,2026-09-24T13:27:24Z,Chile,shared by highway way 33514530 and building way 204496366,tt_event
3177,node connected highway and building,geochepy,24028924,https://www.openstreetmap.org/#map=18/-39.328395/-72.043576,189498773,https://www.openstreetmap.org/changeset/189498773,node,5304893416,2026-09-24T13:27:24Z,Chile,shared by highway way 549165780 and building way 549165778,tt_event
3178,node connected highway and building,DragonJen,11542134,https://www.openstreetmap.org/#map=18/-2.186536/30.158189,189498772,https://www.openstreetmap.org/changeset/189498772,node,14212550653,2026-09-24T13:27:22Z,Rwanda,shared by highway way 679488162 and building way 1562030363,tt_event
3180,node connected highway and building,DragonJen,11542134,https://www.openstreetmap.org/#map=18/-2.186536/30.158189,189498723,https://www.openstreetmap.org/changeset/189498723,node,14212550653,2026-09-24T13:26:27Z,Rwanda,shared by highway way 679488162 and building way 1562030363,tt_event
3181,duplicated node,Athumani Msangi,24430799,https://www.openstreetmap.org/#map=18/-6.384604/37.338961,189498720,https://www.openstreetmap.org/changeset/189498720,node,14212008612,2026-09-24T13:26:27Z,Tanzania,within 0.02m of pre-existing node 14212054506,tt_event
3182,crossing buildings,Athumani Msangi,24430799,https://www.openstreetmap.org/#map=18/-6.384640/37.338928,189498720,https://www.openstreetmap.org/changeset/189498720,way,1561979721,2026-09-24T13:26:27Z,Tanzania,outline crosses way 1561981257 (98% area overlap),tt_event
3185,crossing buildings,MartinSanders100,21748613,https://www.openstreetmap.org/#map=18/-9.821738/28.760221,189498628,https://www.openstreetmap.org/changeset/189498628,way,1561979450,2026-09-24T13:24:28Z,Zambia,outline crosses way 1561978994 (93% area overlap),tt_event
3186,crossing buildings,MartinSanders100,21748613,https://www.openstreetmap.org/#map=18/-9.821482/28.760343,189498628,https://www.openstreetmap.org/changeset/189498628,way,1561979451,2026-09-24T13:24:28Z,Zambia,outline crosses way 1561978998 (95% area overlap),tt_event
3187,crossing buildings,MartinSanders100,21748613,https://www.openstreetmap.org/#map=18/-9.821596/28.760331,189498628,https://www.openstreetmap.org/changeset/189498628,way,1561979452,2026-09-24T13:24:28Z,Zambia,outline crosses way 1561978997 (94% area overlap),tt_event
3188,crossing buildings,MartinSanders100,21748613,https://www.openstreetmap.org/#map=18/-9.821661/28.760099,189498628,https://www.openstreetmap.org/changeset/189498628,way,1561979453,2026-09-24T13:24:28Z,Zambia,outline crosses way 1561978995 (93% area overlap),tt_event
3189,crossing buildings,MartinSanders100,21748613,https://www.openstreetmap.org/#map=18/-9.821883/28.760148,189498628,https://www.openstreetmap.org/changeset/189498628,way,1561979454,2026-09-24T13:24:28Z,Zambia,outline crosses way 1561978992 (86% area overlap),tt_event
3190,crossing buildings,MartinSanders100,21748613,https://www.openstreetmap.org/#map=18/-9.821828/28.760012,189498628,https://www.openstreetmap.org/changeset/189498628,way,1561979455,2026-09-24T13:24:28Z,Zambia,outline crosses way 1561979002 (86% area overlap),tt_event
3191,crossing buildings,MartinSanders100,21748613,https://www.openstreetmap.org/#map=18/-9.822204/28.759961,189498628,https://www.openstreetmap.org/changeset/189498628,way,1561979456,2026-09-24T13:24:28Z,Zambia,outline crosses way 1561978989 (96% area overlap),tt_event
3192,crossing buildings,MartinSanders100,21748613,https://www.openstreetmap.org/#map=18/-9.821997/28.760077,189498628,https://www.openstreetmap.org/changeset/189498628,way,1561979457,2026-09-24T13:24:28Z,Zambia,outline crosses way 1561978991 (99% area overlap),tt_event
3193,crossing buildings,MartinSanders100,21748613,https://www.openstreetmap.org/#map=18/-9.821957/28.759847,189498628,https://www.openstreetmap.org/changeset/189498628,way,1561979458,2026-09-24T13:24:28Z,Zambia,outline crosses way 1561979001 (99% area overlap),tt_event
3194,crossing buildings,MartinSanders100,21748613,https://www.openstreetmap.org/#map=18/-9.821672/28.760263,189498628,https://www.openstreetmap.org/changeset/189498628,way,1561979459,2026-09-24T13:24:28Z,Zambia,outline crosses way 1561978996 (96% area overlap),tt_event
3195,crossing buildings,MartinSanders100,21748613,https://www.openstreetmap.org/#map=18/-9.821458/28.760727,189498628,https://www.openstreetmap.org/changeset/189498628,way,1561979460,2026-09-24T13:24:28Z,Zambia,outline crosses way 1561979007 (98% area overlap),tt_event
3197,node connected highway and building,MartinSanders100,21748613,https://www.openstreetmap.org/#map=18/-9.821883/28.759214,189498628,https://www.openstreetmap.org/changeset/189498628,node,14212043903,2026-09-24T13:24:28Z,Zambia,shared by highway way 688365005 and building way 1561979461,tt_event
3198,node connected highway and building,MartinSanders100,21748613,https://www.openstreetmap.org/#map=18/-9.821131/28.763724,189498628,https://www.openstreetmap.org/changeset/189498628,node,14212079010,2026-09-24T13:24:28Z,Zambia,shared by highway way 688412834 and building way 1561983764,tt_event
3199,node connected highway and building,MartinSanders100,21748613,https://www.openstreetmap.org/#map=18/-9.821131/28.763724,189498628,https://www.openstreetmap.org/changeset/189498628,node,14212079009,2026-09-24T13:24:28Z,Zambia,shared by highway way 688412834 and building way 1561983764,tt_event
3201,crossing buildings,ThanW,24588169,https://www.openstreetmap.org/#map=18/-9.822207/28.759965,189498599,https://www.openstreetmap.org/changeset/189498599,way,1561978989,2026-09-24T13:23:29Z,Zambia,outline crosses way 1561979456 (96% area overlap),tt_event
3202,crossing buildings,ThanW,24588169,https://www.openstreetmap.org/#map=18/-9.821995/28.760079,189498599,https://www.openstreetmap.org/changeset/189498599,way,1561978991,2026-09-24T13:23:29Z,Zambia,outline crosses way 1561979457 (99% area overlap),tt_event
3203,crossing buildings,ThanW,24588169,https://www.openstreetmap.org/#map=18/-9.821891/28.760152,189498599,https://www.openstreetmap.org/changeset/189498599,way,1561978992,2026-09-24T13:23:29Z,Zambia,outline crosses way 1561979454 (86% area overlap),tt_event
3204,crossing buildings,ThanW,24588169,https://www.openstreetmap.org/#map=18/-9.821745/28.760222,189498599,https://www.openstreetmap.org/changeset/189498599,way,1561978994,2026-09-24T13:23:29Z,Zambia,outline crosses way 1561979450 (93% area overlap),tt_event
3205,crossing buildings,ThanW,24588169,https://www.openstreetmap.org/#map=18/-9.821666/28.760098,189498599,https://www.openstreetmap.org/changeset/189498599,way,1561978995,2026-09-24T13:23:29Z,Zambia,outline crosses way 1561979453 (93% area overlap),tt_event
3206,crossing buildings,ThanW,24588169,https://www.openstreetmap.org/#map=18/-9.821674/28.760268,189498599,https://www.openstreetmap.org/changeset/189498599,way,1561978996,2026-09-24T13:23:29Z,Zambia,outline crosses way 1561979459 (96% area overlap),tt_event
3207,crossing buildings,ThanW,24588169,https://www.openstreetmap.org/#map=18/-9.821600/28.760332,189498599,https://www.openstreetmap.org/changeset/189498599,way,1561978997,2026-09-24T13:23:29Z,Zambia,outline crosses way 1561979452 (94% area overlap),tt_event
3208,crossing buildings,ThanW,24588169,https://www.openstreetmap.org/#map=18/-9.821485/28.760350,189498599,https://www.openstreetmap.org/changeset/189498599,way,1561978998,2026-09-24T13:23:29Z,Zambia,outline crosses way 1561979451 (95% area overlap),tt_event
3209,crossing buildings,ThanW,24588169,https://www.openstreetmap.org/#map=18/-9.821959/28.759848,189498599,https://www.openstreetmap.org/changeset/189498599,way,1561979001,2026-09-24T13:23:29Z,Zambia,outline crosses way 1561979458 (99% area overlap),tt_event
3210,crossing buildings,ThanW,24588169,https://www.openstreetmap.org/#map=18/-9.821808/28.759997,189498599,https://www.openstreetmap.org/changeset/189498599,way,1561979002,2026-09-24T13:23:29Z,Zambia,outline crosses way 1561979455 (86% area overlap),tt_event
3211,crossing buildings,ThanW,24588169,https://www.openstreetmap.org/#map=18/-9.821453/28.760729,189498599,https://www.openstreetmap.org/changeset/189498599,way,1561979007,2026-09-24T13:23:29Z,Zambia,outline crosses way 1561979460 (98% area overlap),tt_event
3212,node connected highway and building,ThanW,24588169,https://www.openstreetmap.org/#map=18/-9.821883/28.759214,189498599,https://www.openstreetmap.org/changeset/189498599,node,14212043903,2026-09-24T13:23:29Z,Zambia,shared by highway way 688365005 and building way 1561979461,tt_event
3213,crossing buildings,Veronica Aguilar,15172786,https://www.openstreetmap.org/#map=18/-9.818725/28.768625,189498530,https://www.openstreetmap.org/changeset/189498530,way,1561978459,2026-09-24T13:21:56Z,Zambia,outline crosses way 1561976762 (98% area overlap),tt_event
3214,crossing buildings,Veronica Aguilar,15172786,https://www.openstreetmap.org/#map=18/-9.818913/28.768851,189498530,https://www.openstreetmap.org/changeset/189498530,way,1561978461,2026-09-24T13:21:56Z,Zambia,outline crosses way 1561976761 (89% area overlap),tt_event
3215,crossing buildings,Veronica Aguilar,15172786,https://www.openstreetmap.org/#map=18/-9.817662/28.768415,189498530,https://www.openstreetmap.org/changeset/189498530,way,1561978462,2026-09-24T13:21:56Z,Zambia,outline crosses way 1561978463 (7% area overlap),tt_event
3216,building inside building,Veronica Aguilar,15172786,https://www.openstreetmap.org/#map=18/-9.816521/28.769230,189498530,https://www.openstreetmap.org/changeset/189498530,way,1561978467,2026-09-24T13:21:56Z,Zambia,fully contained with/containing way 1561977748,tt_event
3217,crossing buildings,Veronica Aguilar,15172786,https://www.openstreetmap.org/#map=18/-9.816281/28.769244,189498530,https://www.openstreetmap.org/changeset/189498530,way,1561978468,2026-09-24T13:21:56Z,Zambia,outline crosses way 1561977747 (98% area overlap),tt_event
3218,crossing buildings,Veronica Aguilar,15172786,https://www.openstreetmap.org/#map=18/-9.816933/28.769240,189498530,https://www.openstreetmap.org/changeset/189498530,way,1561978470,2026-09-24T13:21:56Z,Zambia,outline crosses way 1561977746 (97% area overlap),tt_event
3219,crossing buildings,Veronica Aguilar,15172786,https://www.openstreetmap.org/#map=18/-9.811070/28.759741,189498530,https://www.openstreetmap.org/changeset/189498530,way,1561978479,2026-09-24T13:21:56Z,Zambia,outline crosses way 378852153 (18% area overlap),tt_event
3220,node connected highway and building,Veronica Aguilar,15172786,https://www.openstreetmap.org/#map=18/-9.811212/28.762460,189498530,https://www.openstreetmap.org/changeset/189498530,node,14192345046,2026-09-24T13:21:56Z,Zambia,shared by highway way 1560227020 and building way 1560227028,tt_event
3221,node connected highway and building,Veronica Aguilar,15172786,https://www.openstreetmap.org/#map=18/-9.811048/28.762329,189498530,https://www.openstreetmap.org/changeset/189498530,node,4364874004,2026-09-24T13:21:56Z,Zambia,shared by highway way 1560227026 and building way 438831932,tt_event
3222,node connected highway and building,Veronica Aguilar,15172786,https://www.openstreetmap.org/#map=18/-9.811048/28.762329,189498530,https://www.openstreetmap.org/changeset/189498530,node,3820534509,2026-09-24T13:21:56Z,Zambia,shared by highway way 1560227026 and building way 378745996,tt_event
3223,node connected highway and building,Veronica Aguilar,15172786,https://www.openstreetmap.org/#map=18/-9.812436/28.761203,189498530,https://www.openstreetmap.org/changeset/189498530,node,14192303971,2026-09-24T13:21:56Z,Zambia,shared by highway way 1560228065 and building way 378721434,tt_event
3224,node connected highway and building,Veronica Aguilar,15172786,https://www.openstreetmap.org/#map=18/-9.812435/28.761397,189498530,https://www.openstreetmap.org/changeset/189498530,node,14192303975,2026-09-24T13:21:56Z,Zambia,shared by highway way 1560228066 and building way 378770285,tt_event
3225,node connected highway and building,Veronica Aguilar,15172786,https://www.openstreetmap.org/#map=18/-9.812956/28.761067,189498530,https://www.openstreetmap.org/changeset/189498530,node,3820559499,2026-09-24T13:21:56Z,Zambia,shared by highway way 1560228068 and building way 378748487,tt_event
3226,node connected highway and building,Veronica Aguilar,15172786,https://www.openstreetmap.org/#map=18/-9.813704/28.765484,189498530,https://www.openstreetmap.org/changeset/189498530,node,4364874110,2026-09-24T13:21:56Z,Zambia,shared by highway way 1563197578 and building way 438831671,tt_event
3227,node connected highway and building,Veronica Aguilar,15172786,https://www.openstreetmap.org/#map=18/-9.814229/28.766027,189498530,https://www.openstreetmap.org/changeset/189498530,node,14228012465,2026-09-24T13:21:56Z,Zambia,shared by highway way 1563198185 and building way 378714145,tt_event
3228,node connected highway and building,Veronica Aguilar,15172786,https://www.openstreetmap.org/#map=18/-9.814340/28.765626,189498530,https://www.openstreetmap.org/changeset/189498530,node,14228019765,2026-09-24T13:21:56Z,Zambia,shared by highway way 1563198442 and building way 378851030,tt_event
3229,node connected highway and building,geochepy,24028924,https://www.openstreetmap.org/#map=18/-39.403346/-71.946542,189498441,https://www.openstreetmap.org/changeset/189498441,node,11296032605,2026-09-24T13:20:03Z,Chile,shared by highway way 33514530 and building way 204496366,tt_event
3231,node connected highway and building,Dnyaneshwarisolanke,23613325,https://www.openstreetmap.org/#map=18/10.206048/76.165449,189498430,https://www.openstreetmap.org/changeset/189498430,node,6171389166,2026-09-24T13:19:46Z,India,shared by highway way 46513029 and building way 659151130,tt_event
3235,crossing buildings,CNewlyn,24588279,https://www.openstreetmap.org/#map=18/-9.818911/28.768843,189498125,https://www.openstreetmap.org/changeset/189498125,way,1561976761,2026-09-24T13:12:56Z,Zambia,outline crosses way 1561978461 (89% area overlap),tt_event
3236,crossing buildings,CNewlyn,24588279,https://www.openstreetmap.org/#map=18/-9.818718/28.768635,189498125,https://www.openstreetmap.org/changeset/189498125,way,1561976762,2026-09-24T13:12:56Z,Zambia,outline crosses way 1561978459 (98% area overlap),tt_event
3238,node connected highway and building,renzo_pd,8229703,https://www.openstreetmap.org/#map=18/-39.286675/-71.979649,189497932,https://www.openstreetmap.org/changeset/189497932,node,6479110434,2026-09-24T13:09:42Z,Chile,shared by highway way 549643962 and building way 549643961,tt_event
3239,node connected highway and building,renzo_pd,8229703,https://www.openstreetmap.org/#map=18/-39.285791/-71.978817,189497932,https://www.openstreetmap.org/changeset/189497932,node,6479110433,2026-09-24T13:09:42Z,Chile,shared by highway way 690565959 and building way 549643961,tt_event
3241,crossing buildings,Agnes Petro,23585416,https://www.openstreetmap.org/#map=18/-6.380120/37.330935,189503700,https://www.openstreetmap.org/changeset/189503700,way,1562000879,2026-09-24T15:06:49Z,Tanzania,outline crosses way 1271158164 (42% area overlap),tt_event
3243,broken highway continuity,geochepy,24028924,https://www.openstreetmap.org/#map=18/-38.754663/-72.627093,189503646,https://www.openstreetmap.org/changeset/189503646,way,317455228,2026-09-24T15:05:28Z,Chile,'Avenida Italia' looks continuous but way 317455228 and way 322997868 are 3.80m apart with no shared node,tt_event
3244,broken highway continuity,geochepy,24028924,https://www.openstreetmap.org/#map=18/-38.754667/-72.627137,189503646,https://www.openstreetmap.org/changeset/189503646,way,317455230,2026-09-24T15:05:28Z,Chile,'Avenida Italia' looks continuous but way 317455230 and way 322997949 are 3.80m apart with no shared node,tt_event
3245,broken highway continuity,geochepy,24028924,https://www.openstreetmap.org/#map=18/-38.754667/-72.627137,189503646,https://www.openstreetmap.org/changeset/189503646,way,322997868,2026-09-24T15:05:28Z,Chile,'Avenida Italia' looks continuous but way 322997868 and way 322997949 are 3.80m apart with no shared node,tt_event
3246,broken highway continuity,geochepy,24028924,https://www.openstreetmap.org/#map=18/-38.764481/-72.595573,189503646,https://www.openstreetmap.org/changeset/189503646,way,33856079,2026-09-24T15:05:28Z,Chile,'Las Peñas' looks continuous but way 33856079 and way 299594890 are 4.19m apart with no shared node,tt_event
3247,broken highway continuity,geochepy,24028924,https://www.openstreetmap.org/#map=18/-38.751037/-72.607718,189503646,https://www.openstreetmap.org/changeset/189503646,way,34844304,2026-09-24T15:05:28Z,Chile,'Río Valdivia' looks continuous but way 34844304 and way 290899283 are 4.24m apart with no shared node,tt_event
3248,broken highway continuity,geochepy,24028924,https://www.openstreetmap.org/#map=18/-38.749346/-72.628661,189503646,https://www.openstreetmap.org/changeset/189503646,way,34918531,2026-09-24T15:05:28Z,Chile,'Los Arrieros' looks continuous but way 34918531 and way 51695257 are 3.10m apart with no shared node,tt_event
3249,broken highway continuity,geochepy,24028924,https://www.openstreetmap.org/#map=18/-38.750360/-72.610675,189503646,https://www.openstreetmap.org/changeset/189503646,way,53855854,2026-09-24T15:05:28Z,Chile,'Los Coigües' looks continuous but way 53855854 and way 923207067 are 4.98m apart with no shared node,tt_event
3250,broken highway continuity,geochepy,24028924,https://www.openstreetmap.org/#map=18/-38.751585/-72.610693,189503646,https://www.openstreetmap.org/changeset/189503646,way,53855858,2026-09-24T15:05:28Z,Chile,'Los Abetos' looks continuous but way 53855858 and way 53855859 are 3.95m apart with no shared node,tt_event
3251,broken highway continuity,geochepy,24028924,https://www.openstreetmap.org/#map=18/-38.754029/-72.635786,189503646,https://www.openstreetmap.org/changeset/189503646,way,58027410,2026-09-24T15:05:28Z,Chile,'Pasaje Altair' looks continuous but way 58027410 and way 80889957 are 3.55m apart with no shared node,tt_event
3252,broken highway continuity,geochepy,24028924,https://www.openstreetmap.org/#map=18/-38.754667/-72.627137,189503646,https://www.openstreetmap.org/changeset/189503646,way,322997867,2026-09-24T15:05:28Z,Chile,'Avenida Manuel Recabarren' looks continuous but way 322997867 and way 440375115 are 3.80m apart with no shared node,tt_event
3253,broken highway continuity,geochepy,24028924,https://www.openstreetmap.org/#map=18/-38.756343/-72.639330,189503646,https://www.openstreetmap.org/changeset/189503646,way,426896234,2026-09-24T15:05:28Z,Chile,'Avenida Manuel Recabarren' looks continuous but way 426896234 and way 912889475 are 4.81m apart with no shared node,tt_event
3254,broken highway continuity,geochepy,24028924,https://www.openstreetmap.org/#map=18/-38.756522/-72.655149,189503646,https://www.openstreetmap.org/changeset/189503646,way,913853284,2026-09-24T15:05:28Z,Chile,'El Corral' looks continuous but way 913853284 and way 913853287 are 4.85m apart with no shared node,tt_event
3255,broken highway continuity,geochepy,24028924,https://www.openstreetmap.org/#map=18/-38.760321/-72.649100,189503646,https://www.openstreetmap.org/changeset/189503646,way,301679460,2026-09-24T15:05:28Z,Chile,'Pasaje Raimapu' looks continuous but way 301679460 and way 922504101 are 4.36m apart with no shared node,tt_event
3256,broken highway continuity,geochepy,24028924,https://www.openstreetmap.org/#map=18/-38.759954/-72.649026,189503646,https://www.openstreetmap.org/changeset/189503646,way,301679465,2026-09-24T15:05:28Z,Chile,'Pasaje Mañke' looks continuous but way 301679465 and way 922504100 are 3.33m apart with no shared node,tt_event
3257,broken highway continuity,geochepy,24028924,https://www.openstreetmap.org/#map=18/-38.761263/-72.652281,189503646,https://www.openstreetmap.org/changeset/189503646,way,519740837,2026-09-24T15:05:28Z,Chile,'Manuel Montiel' looks continuous but way 519740837 and way 519740843 are 3.02m apart with no shared node,tt_event
3258,node connected highway and building,geochepy,24028924,https://www.openstreetmap.org/#map=18/-38.749964/-72.617244,189503646,https://www.openstreetmap.org/changeset/189503646,node,7027051043,2026-09-24T15:05:28Z,Chile,shared by highway way 90277685 and building way 751696634,tt_event
3259,node connected highway and building,geochepy,24028924,https://www.openstreetmap.org/#map=18/-38.749964/-72.617244,189503646,https://www.openstreetmap.org/changeset/189503646,node,6977115660,2026-09-24T15:05:28Z,Chile,shared by highway way 90277685 and building way 751696634,tt_event
3260,node connected highway and building,geochepy,24028924,https://www.openstreetmap.org/#map=18/-38.749964/-72.617244,189503646,https://www.openstreetmap.org/changeset/189503646,node,6977115658,2026-09-24T15:05:28Z,Chile,shared by highway way 90277685 and building way 751696634,tt_event
3261,node connected highway and building,geochepy,24028924,https://www.openstreetmap.org/#map=18/-38.749964/-72.617244,189503646,https://www.openstreetmap.org/changeset/189503646,node,7027051044,2026-09-24T15:05:28Z,Chile,shared by highway way 90277685 and building way 751696634,tt_event
3262,node connected highway and building,geochepy,24028924,https://www.openstreetmap.org/#map=18/-38.749320/-72.616605,189503646,https://www.openstreetmap.org/changeset/189503646,node,3130665625,2026-09-24T15:05:28Z,Chile,shared by highway way 299924691 and building way 751696667,tt_event
3263,node connected highway and building,geochepy,24028924,https://www.openstreetmap.org/#map=18/-38.749250/-72.615869,189503646,https://www.openstreetmap.org/changeset/189503646,node,3217406883,2026-09-24T15:05:28Z,Chile,shared by highway way 315611816 and building way 90277692,tt_event
3264,node connected highway and building,geochepy,24028924,https://www.openstreetmap.org/#map=18/-38.749698/-72.616065,189503646,https://www.openstreetmap.org/changeset/189503646,node,3217406885,2026-09-24T15:05:28Z,Chile,shared by highway way 315611817 and building way 90277696,tt_event
3265,node connected highway and building,geochepy,24028924,https://www.openstreetmap.org/#map=18/-38.749634/-72.618205,189503646,https://www.openstreetmap.org/changeset/189503646,node,3246801003,2026-09-24T15:05:28Z,Chile,shared by highway way 318284051 and building way 751696638,tt_event
3266,node connected highway and building,geochepy,24028924,https://www.openstreetmap.org/#map=18/-38.749634/-72.618205,189503646,https://www.openstreetmap.org/changeset/189503646,node,7027051088,2026-09-24T15:05:28Z,Chile,shared by highway way 318284051 and building way 271834762,tt_event
3267,node connected highway and building,geochepy,24028924,https://www.openstreetmap.org/#map=18/-38.749634/-72.618205,189503646,https://www.openstreetmap.org/changeset/189503646,node,2767785014,2026-09-24T15:05:28Z,Chile,shared by highway way 318284051 and building way 271834762,tt_event
3268,node connected highway and building,geochepy,24028924,https://www.openstreetmap.org/#map=18/-38.749634/-72.618205,189503646,https://www.openstreetmap.org/changeset/189503646,node,2767785023,2026-09-24T15:05:28Z,Chile,shared by highway way 318284051 and building way 271834763,tt_event
3269,node connected highway and building,geochepy,24028924,https://www.openstreetmap.org/#map=18/-38.749484/-72.618562,189503646,https://www.openstreetmap.org/changeset/189503646,node,3246801020,2026-09-24T15:05:28Z,Chile,shared by highway way 318284055 and building way 307525740,tt_event
3270,node connected highway and building,geochepy,24028924,https://www.openstreetmap.org/#map=18/-38.748996/-72.615808,189503646,https://www.openstreetmap.org/changeset/189503646,node,3128117279,2026-09-24T15:05:28Z,Chile,shared by highway way 325090211 and building way 751696657,tt_event
3271,node connected highway and building,geochepy,24028924,https://www.openstreetmap.org/#map=18/-38.751139/-72.603778,189503646,https://www.openstreetmap.org/changeset/189503646,node,6231252183,2026-09-24T15:05:28Z,Chile,shared by highway way 665704068 and building way 586678205,tt_event
3272,node connected highway and building,geochepy,24028924,https://www.openstreetmap.org/#map=18/-38.750851/-72.605434,189503646,https://www.openstreetmap.org/changeset/189503646,node,6231252687,2026-09-24T15:05:28Z,Chile,shared by highway way 665704074 and building way 586678205,tt_event
3273,node connected highway and building,geochepy,24028924,https://www.openstreetmap.org/#map=18/-38.751179/-72.614850,189503646,https://www.openstreetmap.org/changeset/189503646,node,1258764093,2026-09-24T15:05:28Z,Chile,shared by highway way 695761122 and building way 110143909,tt_event
3274,node connected highway and building,geochepy,24028924,https://www.openstreetmap.org/#map=18/-38.748952/-72.616559,189503646,https://www.openstreetmap.org/changeset/189503646,node,7027051247,2026-09-24T15:05:28Z,Chile,shared by highway way 751624625 and building way 751696666,tt_event
3275,node connected highway and building,geochepy,24028924,https://www.openstreetmap.org/#map=18/-38.749535/-72.618503,189503646,https://www.openstreetmap.org/changeset/189503646,node,7027051125,2026-09-24T15:05:28Z,Chile,shared by highway way 751696641 and building way 751696639,tt_event
3276,node connected highway and building,geochepy,24028924,https://www.openstreetmap.org/#map=18/-38.749468/-72.618346,189503646,https://www.openstreetmap.org/changeset/189503646,node,7027051127,2026-09-24T15:05:28Z,Chile,shared by highway way 751696642 and building way 751696640,tt_event
3277,node connected highway and building,geochepy,24028924,https://www.openstreetmap.org/#map=18/-38.749765/-72.618548,189503646,https://www.openstreetmap.org/changeset/189503646,node,7027051130,2026-09-24T15:05:28Z,Chile,shared by highway way 751696643 and building way 271834762,tt_event
3278,node connected highway and building,geochepy,24028924,https://www.openstreetmap.org/#map=18/-38.749811/-72.618484,189503646,https://www.openstreetmap.org/changeset/189503646,node,7027051141,2026-09-24T15:05:28Z,Chile,shared by highway way 751696645 and building way 751696644,tt_event
3279,node connected highway and building,geochepy,24028924,https://www.openstreetmap.org/#map=18/-38.748984/-72.617880,189503646,https://www.openstreetmap.org/changeset/189503646,node,7027051145,2026-09-24T15:05:28Z,Chile,shared by highway way 751696647 and building way 92988036,tt_event
3280,node connected highway and building,geochepy,24028924,https://www.openstreetmap.org/#map=18/-38.748804/-72.618536,189503646,https://www.openstreetmap.org/changeset/189503646,node,7027090633,2026-09-24T15:05:28Z,Chile,shared by highway way 751703152 and building way 695761120,tt_event
3281,node connected highway and building,geochepy,24028924,https://www.openstreetmap.org/#map=18/-38.749812/-72.616554,189503646,https://www.openstreetmap.org/changeset/189503646,node,7028664404,2026-09-24T15:05:28Z,Chile,shared by highway way 751874717 and building way 751696635,tt_event
3282,node connected highway and building,geochepy,24028924,https://www.openstreetmap.org/#map=18/-38.750262/-72.616422,189503646,https://www.openstreetmap.org/changeset/189503646,node,7028664420,2026-09-24T15:05:28Z,Chile,shared by highway way 751874721 and building way 751696637,tt_event
3283,node connected highway and building,geochepy,24028924,https://www.openstreetmap.org/#map=18/-38.750483/-72.616201,189503646,https://www.openstreetmap.org/changeset/189503646,node,7028664421,2026-09-24T15:05:28Z,Chile,shared by highway way 751874722 and building way 751696636,tt_event
3284,node connected highway and building,geochepy,24028924,https://www.openstreetmap.org/#map=18/-38.750388/-72.616448,189503646,https://www.openstreetmap.org/changeset/189503646,node,7028664423,2026-09-24T15:05:28Z,Chile,shared by highway way 751874723 and building way 306712119,tt_event
3285,node connected highway and building,geochepy,24028924,https://www.openstreetmap.org/#map=18/-38.757248/-72.593848,189503646,https://www.openstreetmap.org/changeset/189503646,node,8455333227,2026-09-24T15:05:28Z,Chile,shared by highway way 771471127 and building way 910589375,tt_event
3286,node connected highway and building,geochepy,24028924,https://www.openstreetmap.org/#map=18/-38.750221/-72.634467,189503646,https://www.openstreetmap.org/changeset/189503646,node,7383771996,2026-09-24T15:05:28Z,Chile,shared by highway way 789742802 and building way 789742803,tt_event
3287,node connected highway and building,geochepy,24028924,https://www.openstreetmap.org/#map=18/-38.756851/-72.640197,189503646,https://www.openstreetmap.org/changeset/189503646,node,7952685743,2026-09-24T15:05:28Z,Chile,shared by highway way 852529067 and building way 852529068,tt_event
3288,node connected highway and building,geochepy,24028924,https://www.openstreetmap.org/#map=18/-38.757172/-72.593719,189503646,https://www.openstreetmap.org/changeset/189503646,node,8455333228,2026-09-24T15:05:28Z,Chile,shared by highway way 910589373 and building way 910589375,tt_event
3289,node connected highway and building,geochepy,24028924,https://www.openstreetmap.org/#map=18/-38.757239/-72.642490,189503646,https://www.openstreetmap.org/changeset/189503646,node,8479380254,2026-09-24T15:05:28Z,Chile,shared by highway way 912802589 and building way 225121479,tt_event
3290,node connected highway and building,geochepy,24028924,https://www.openstreetmap.org/#map=18/-38.757147/-72.642698,189503646,https://www.openstreetmap.org/changeset/189503646,node,8479380257,2026-09-24T15:05:28Z,Chile,shared by highway way 912802591 and building way 225121479,tt_event
3291,node connected highway and building,geochepy,24028924,https://www.openstreetmap.org/#map=18/-38.756947/-72.642510,189503646,https://www.openstreetmap.org/changeset/189503646,node,8479380258,2026-09-24T15:05:28Z,Chile,shared by highway way 912802593 and building way 225121479,tt_event
3292,node connected highway and building,geochepy,24028924,https://www.openstreetmap.org/#map=18/-38.757164/-72.642696,189503646,https://www.openstreetmap.org/changeset/189503646,node,8479380255,2026-09-24T15:05:28Z,Chile,shared by highway way 912802596 and building way 225121479,tt_event
3293,node connected highway and building,geochepy,24028924,https://www.openstreetmap.org/#map=18/-38.757142/-72.642698,189503646,https://www.openstreetmap.org/changeset/189503646,node,8479380259,2026-09-24T15:05:28Z,Chile,shared by highway way 912802597 and building way 225121479,tt_event
3294,node connected highway and building,geochepy,24028924,https://www.openstreetmap.org/#map=18/-38.757050/-72.642447,189503646,https://www.openstreetmap.org/changeset/189503646,node,8479380256,2026-09-24T15:05:28Z,Chile,shared by highway way 912802598 and building way 225121479,tt_event
3295,node connected highway and building,geochepy,24028924,https://www.openstreetmap.org/#map=18/-38.751266/-72.616934,189503646,https://www.openstreetmap.org/changeset/189503646,node,8494103090,2026-09-24T15:05:28Z,Chile,shared by highway way 914382591 and building way 914382592,tt_event
3296,node connected highway and building,geochepy,24028924,https://www.openstreetmap.org/#map=18/-38.751424/-72.617143,189503646,https://www.openstreetmap.org/changeset/189503646,node,8494103106,2026-09-24T15:05:28Z,Chile,shared by highway way 914382594 and building way 914382592,tt_event
3297,node connected highway and building,geochepy,24028924,https://www.openstreetmap.org/#map=18/-38.751035/-72.616988,189503646,https://www.openstreetmap.org/changeset/189503646,node,8494103091,2026-09-24T15:05:28Z,Chile,shared by highway way 914382597 and building way 914382592,tt_event
3298,node connected highway and building,geochepy,24028924,https://www.openstreetmap.org/#map=18/-38.749919/-72.604772,189503646,https://www.openstreetmap.org/changeset/189503646,node,13785258512,2026-09-24T15:05:28Z,Chile,shared by highway way 1507516402 and building way 586678205,tt_event
3299,crossing buildings,Divine ciel,24346661,https://www.openstreetmap.org/#map=18/-2.224550/30.130009,189503474,https://www.openstreetmap.org/changeset/189503474,way,1562000072,2026-09-24T15:02:15Z,Rwanda,outline crosses way 1561999796 (89% area overlap),tt_event
3300,node connected highway and building,Divine ciel,24346661,https://www.openstreetmap.org/#map=18/-2.224055/30.130727,189503474,https://www.openstreetmap.org/changeset/189503474,node,6337468406,2026-09-24T15:02:15Z,Rwanda,shared by highway way 676767096 and building way 1561396668,tt_event
3303,way end node near other way,Athumani Msangi,24430799,https://www.openstreetmap.org/#map=18/-6.376783/37.334090,189503449,https://www.openstreetmap.org/changeset/189503449,node,14210444770,2026-09-24T15:01:44Z,Tanzania,0.15m from way 1561827786 but not connected to it,tt_event
3308,crossing buildings,Agnes Petro,23585416,https://www.openstreetmap.org/#map=18/-6.381646/37.329508,189503298,https://www.openstreetmap.org/changeset/189503298,way,1561998908,2026-09-24T14:57:51Z,Tanzania,outline crosses way 1561921884 (11% area overlap),tt_event
3309,crossing buildings,Agnes Petro,23585416,https://www.openstreetmap.org/#map=18/-6.382071/37.329742,189503298,https://www.openstreetmap.org/changeset/189503298,way,1561998913,2026-09-24T14:57:51Z,Tanzania,outline crosses way 1561921875 (29% area overlap),tt_event
3310,building inside building,Agnes Petro,23585416,https://www.openstreetmap.org/#map=18/-6.380991/37.329915,189503298,https://www.openstreetmap.org/changeset/189503298,way,1561998916,2026-09-24T14:57:51Z,Tanzania,fully contained with/containing way 1561921871,tt_event
3313,crossing highway,Divine ciel,24346661,https://www.openstreetmap.org/#map=18/-2.294939/30.157626,189503048,https://www.openstreetmap.org/changeset/189503048,way,675929548,2026-09-24T14:52:26Z,Rwanda,crosses way 1562578247 without a shared junction node,tt_event
3318,node connected highway and building,Agnes Petro,23585416,https://www.openstreetmap.org/#map=18/-6.376250/37.323571,189502702,https://www.openstreetmap.org/changeset/189502702,node,14212191852,2026-09-24T14:45:15Z,Tanzania,shared by highway way 1145088183 and building way 1561996414,tt_event
3319,building inside building,Shefftsoff,24231932,https://www.openstreetmap.org/#map=18/-29.375274/27.463945,189502642,https://www.openstreetmap.org/changeset/189502642,way,1561995997,2026-09-24T14:44:11Z,Lesotho,fully contained with/containing way 1562525297,tt_event
3323,crossing buildings,Shefftsoff,24231932,https://www.openstreetmap.org/#map=18/-29.374030/27.464008,189502495,https://www.openstreetmap.org/changeset/189502495,way,1561995038,2026-09-24T14:41:35Z,Lesotho,outline crosses way 324246905 (74% area overlap),tt_event
3324,crossing buildings,Shefftsoff,24231932,https://www.openstreetmap.org/#map=18/-29.374118/27.463971,189502495,https://www.openstreetmap.org/changeset/189502495,way,1561995039,2026-09-24T14:41:35Z,Lesotho,outline crosses way 324246905 (79% area overlap),tt_event
3326,crossing buildings,Athumani Msangi,24430799,https://www.openstreetmap.org/#map=18/-6.384933/37.334325,189502433,https://www.openstreetmap.org/changeset/189502433,way,1561994833,2026-09-24T14:40:22Z,Tanzania,outline crosses way 1562002692 (39% area overlap),tt_event
3332,node connected highway and building,geochepy,24028924,https://www.openstreetmap.org/#map=18/-39.252386/-71.840920,189502180,https://www.openstreetmap.org/changeset/189502180,node,5774292068,2026-09-24T14:35:31Z,Chile,shared by highway way 609637689 and building way 609637683,tt_event
3333,node connected highway and building,geochepy,24028924,https://www.openstreetmap.org/#map=18/-39.252822/-71.838610,189502180,https://www.openstreetmap.org/changeset/189502180,node,5774292094,2026-09-24T14:35:31Z,Chile,shared by highway way 609637693 and building way 609637683,tt_event
3338,node connected highway and building,jachymkasparek,24589220,https://www.openstreetmap.org/#map=18/-29.339398/27.491088,189502082,https://www.openstreetmap.org/changeset/189502082,node,14212154611,2026-09-24T14:33:41Z,Lesotho,shared by highway way 363152457 and building way 1561993476,tt_event
3345,node connected highway and building,Dnyaneshwarisolanke,23613325,https://www.openstreetmap.org/#map=18/9.220031/76.608518,189501903,https://www.openstreetmap.org/changeset/189501903,node,6064292405,2026-09-24T14:30:19Z,India,shared by highway way 898025964 and building way 645003641,tt_event
3348,crossing highway,Diego iz,24589201,https://www.openstreetmap.org/#map=18/-13.904048/33.257653,189501833,https://www.openstreetmap.org/changeset/189501833,way,1561992382,2026-09-24T14:29:13Z,Malawi,crosses way 1561992383 without a shared junction node,tt_event
3358,crossing buildings,Christian111124,24589203,https://www.openstreetmap.org/#map=18/-29.365732/27.456935,189501760,https://www.openstreetmap.org/changeset/189501760,way,1561992131,2026-09-24T14:27:48Z,Lesotho,outline crosses way 1562537224 (88% area overlap),tt_event
3360,broken highway continuity,geochepy,24028924,https://www.openstreetmap.org/#map=18/-39.280439/-71.969625,189501718,https://www.openstreetmap.org/changeset/189501718,way,82552606,2026-09-24T14:27:04Z,Chile,'Arauco' looks continuous but way 82552606 and way 938605311 are 4.54m apart with no shared node,tt_event
3361,broken highway continuity,geochepy,24028924,https://www.openstreetmap.org/#map=18/-39.275138/-71.970714,189501718,https://www.openstreetmap.org/changeset/189501718,way,29508764,2026-09-24T14:27:04Z,Chile,'Colo Colo' looks continuous but way 29508764 and way 938560438 are 4.02m apart with no shared node,tt_event
3362,broken highway continuity,geochepy,24028924,https://www.openstreetmap.org/#map=18/-39.275169/-71.970818,189501718,https://www.openstreetmap.org/changeset/189501718,way,639681646,2026-09-24T14:27:04Z,Chile,'Colo Colo' looks continuous but way 639681646 and way 938560433 are 4.16m apart with no shared node,tt_event
3363,broken highway continuity,geochepy,24028924,https://www.openstreetmap.org/#map=18/-39.277459/-71.964389,189501718,https://www.openstreetmap.org/changeset/189501718,way,940152833,2026-09-24T14:27:04Z,Chile,'Camino Internacional' looks continuous but way 940152833 and way 940160822 are 3.29m apart with no shared node,tt_event
3364,broken highway continuity,geochepy,24028924,https://www.openstreetmap.org/#map=18/-39.280261/-71.941652,189501718,https://www.openstreetmap.org/changeset/189501718,way,169403686,2026-09-24T14:27:04Z,Chile,'Estero Carmelito' looks continuous but way 169403686 and way 940521810 are 3.80m apart with no shared node,tt_event
3365,broken highway continuity,geochepy,24028924,https://www.openstreetmap.org/#map=18/-39.288944/-71.938014,189501718,https://www.openstreetmap.org/changeset/189501718,way,939058718,2026-09-24T14:27:04Z,Chile,'Puerto Pucón' looks continuous but way 939058718 and way 1270880776 are 2.50m apart with no shared node,tt_event
3366,broken highway continuity,geochepy,24028924,https://www.openstreetmap.org/#map=18/-39.288967/-71.937941,189501718,https://www.openstreetmap.org/changeset/189501718,way,939058719,2026-09-24T14:27:04Z,Chile,'Puerto Pucón' looks continuous but way 939058719 and way 939058723 are 2.12m apart with no shared node,tt_event
3367,broken highway continuity,geochepy,24028924,https://www.openstreetmap.org/#map=18/-39.288966/-71.938023,189501718,https://www.openstreetmap.org/changeset/189501718,way,939058720,2026-09-24T14:27:04Z,Chile,'Puerto Pucón' looks continuous but way 939058720 and way 939058721 are 2.54m apart with no shared node,tt_event
3368,broken highway continuity,geochepy,24028924,https://www.openstreetmap.org/#map=18/-39.288967/-71.937941,189501718,https://www.openstreetmap.org/changeset/189501718,way,939058722,2026-09-24T14:27:04Z,Chile,'Puerto Pucón' looks continuous but way 939058722 and way 1270880779 are 2.91m apart with no shared node,tt_event
3369,node connected highway and building,geochepy,24028924,https://www.openstreetmap.org/#map=18/-39.282670/-71.936726,189501718,https://www.openstreetmap.org/changeset/189501718,node,6510008174,2026-09-24T14:27:04Z,Chile,shared by highway way 169404521 and building way 603518353,tt_event
3370,node connected highway and building,geochepy,24028924,https://www.openstreetmap.org/#map=18/-39.275926/-71.967055,189501718,https://www.openstreetmap.org/changeset/189501718,node,3739785319,2026-09-24T14:27:04Z,Chile,shared by highway way 370267167 and building way 204078632,tt_event
3371,node connected highway and building,geochepy,24028924,https://www.openstreetmap.org/#map=18/-39.303797/-72.032584,189501718,https://www.openstreetmap.org/changeset/189501718,node,5301562219,2026-09-24T14:27:04Z,Chile,shared by highway way 548791646 and building way 548791645,tt_event
3372,node connected highway and building,geochepy,24028924,https://www.openstreetmap.org/#map=18/-39.286675/-71.979649,189501718,https://www.openstreetmap.org/changeset/189501718,node,6479110434,2026-09-24T14:27:04Z,Chile,shared by highway way 549643962 and building way 549643961,tt_event
3373,node connected highway and building,geochepy,24028924,https://www.openstreetmap.org/#map=18/-39.302619/-72.030090,189501718,https://www.openstreetmap.org/changeset/189501718,node,5301496854,2026-09-24T14:27:04Z,Chile,shared by highway way 556823415 and building way 548785492,tt_event
3374,node connected highway and building,geochepy,24028924,https://www.openstreetmap.org/#map=18/-39.303911/-72.032532,189501718,https://www.openstreetmap.org/changeset/189501718,node,5432647984,2026-09-24T14:27:04Z,Chile,shared by highway way 563771989 and building way 397309021,tt_event
3375,node connected highway and building,geochepy,24028924,https://www.openstreetmap.org/#map=18/-39.304248/-72.032706,189501718,https://www.openstreetmap.org/changeset/189501718,node,5432647989,2026-09-24T14:27:04Z,Chile,shared by highway way 563771991 and building way 548772656,tt_event
3376,node connected highway and building,geochepy,24028924,https://www.openstreetmap.org/#map=18/-39.304396/-72.032377,189501718,https://www.openstreetmap.org/changeset/189501718,node,5432648013,2026-09-24T14:27:04Z,Chile,shared by highway way 563771994 and building way 397309019,tt_event
3377,node connected highway and building,geochepy,24028924,https://www.openstreetmap.org/#map=18/-39.304409/-72.032277,189501718,https://www.openstreetmap.org/changeset/189501718,node,5432648014,2026-09-24T14:27:04Z,Chile,shared by highway way 563771995 and building way 397307603,tt_event
3378,node connected highway and building,geochepy,24028924,https://www.openstreetmap.org/#map=18/-39.304392/-72.032184,189501718,https://www.openstreetmap.org/changeset/189501718,node,5764607132,2026-09-24T14:27:04Z,Chile,shared by highway way 563771996 and building way 397307603,tt_event
3379,node connected highway and building,geochepy,24028924,https://www.openstreetmap.org/#map=18/-39.303584/-72.032132,189501718,https://www.openstreetmap.org/changeset/189501718,node,5432664326,2026-09-24T14:27:04Z,Chile,shared by highway way 563775458 and building way 397309024,tt_event
3380,node connected highway and building,geochepy,24028924,https://www.openstreetmap.org/#map=18/-39.304488/-72.032626,189501718,https://www.openstreetmap.org/changeset/189501718,node,5432647933,2026-09-24T14:27:04Z,Chile,shared by highway way 563885988 and building way 563771979,tt_event
3381,node connected highway and building,geochepy,24028924,https://www.openstreetmap.org/#map=18/-39.304488/-72.032626,189501718,https://www.openstreetmap.org/changeset/189501718,node,5432665079,2026-09-24T14:27:04Z,Chile,shared by highway way 563885988 and building way 563771978,tt_event
3382,node connected highway and building,geochepy,24028924,https://www.openstreetmap.org/#map=18/-39.304488/-72.032626,189501718,https://www.openstreetmap.org/changeset/189501718,node,5432665078,2026-09-24T14:27:04Z,Chile,shared by highway way 563885988 and building way 563771978,tt_event
3383,node connected highway and building,geochepy,24028924,https://www.openstreetmap.org/#map=18/-39.303655/-72.032660,189501718,https://www.openstreetmap.org/changeset/189501718,node,5716660382,2026-09-24T14:27:04Z,Chile,shared by highway way 601491134 and building way 397309023,tt_event
3384,node connected highway and building,geochepy,24028924,https://www.openstreetmap.org/#map=18/-39.276517/-71.962112,189501718,https://www.openstreetmap.org/changeset/189501718,node,6507231458,2026-09-24T14:27:04Z,Chile,shared by highway way 603163742 and building way 603163740,tt_event
3385,node connected highway and building,geochepy,24028924,https://www.openstreetmap.org/#map=18/-39.285791/-71.978817,189501718,https://www.openstreetmap.org/changeset/189501718,node,6479110433,2026-09-24T14:27:04Z,Chile,shared by highway way 690565959 and building way 549643961,tt_event
3386,node connected highway and building,geochepy,24028924,https://www.openstreetmap.org/#map=18/-39.276307/-71.962842,189501718,https://www.openstreetmap.org/changeset/189501718,node,6507231459,2026-09-24T14:27:04Z,Chile,shared by highway way 693109350 and building way 603163740,tt_event
3387,node connected highway and building,geochepy,24028924,https://www.openstreetmap.org/#map=18/-39.282639/-71.936870,189501718,https://www.openstreetmap.org/changeset/189501718,node,6510008172,2026-09-24T14:27:04Z,Chile,shared by highway way 693429161 and building way 603518353,tt_event
3388,node connected highway and building,geochepy,24028924,https://www.openstreetmap.org/#map=18/-39.278424/-71.935619,189501718,https://www.openstreetmap.org/changeset/189501718,node,6510008173,2026-09-24T14:27:04Z,Chile,shared by highway way 693429163 and building way 603518353,tt_event
3389,node connected highway and building,geochepy,24028924,https://www.openstreetmap.org/#map=18/-39.278428/-71.935705,189501718,https://www.openstreetmap.org/changeset/189501718,node,6510008171,2026-09-24T14:27:04Z,Chile,shared by highway way 693429166 and building way 603518353,tt_event
3390,node connected highway and building,geochepy,24028924,https://www.openstreetmap.org/#map=18/-39.289156/-71.938300,189501718,https://www.openstreetmap.org/changeset/189501718,node,8699233068,2026-09-24T14:27:04Z,Chile,shared by highway way 939058720 and building way 603517158,tt_event
3391,node connected highway and building,geochepy,24028924,https://www.openstreetmap.org/#map=18/-39.289222/-71.938028,189501718,https://www.openstreetmap.org/changeset/189501718,node,8699233066,2026-09-24T14:27:04Z,Chile,shared by highway way 939058723 and building way 603517158,tt_event
3392,node connected highway and building,geochepy,24028924,https://www.openstreetmap.org/#map=18/-39.287817/-71.937576,189501718,https://www.openstreetmap.org/changeset/189501718,node,8699233067,2026-09-24T14:27:04Z,Chile,shared by highway way 1270880776 and building way 603517158,tt_event
3393,node connected highway and building,geochepy,24028924,https://www.openstreetmap.org/#map=18/-39.287836/-71.937517,189501718,https://www.openstreetmap.org/changeset/189501718,node,8699233065,2026-09-24T14:27:04Z,Chile,shared by highway way 1270880779 and building way 603517158,tt_event
3394,node connected highway and building,geochepy,24028924,https://www.openstreetmap.org/#map=18/-39.287113/-71.945065,189501718,https://www.openstreetmap.org/changeset/189501718,node,13640880351,2026-09-24T14:27:04Z,Chile,shared by highway way 1487985287 and building way 603514838,tt_event
3395,node connected highway and building,geochepy,24028924,https://www.openstreetmap.org/#map=18/-39.287016/-71.945312,189501718,https://www.openstreetmap.org/changeset/189501718,node,13640880352,2026-09-24T14:27:04Z,Chile,shared by highway way 1487985289 and building way 603514838,tt_event
3396,node connected highway and building,geochepy,24028924,https://www.openstreetmap.org/#map=18/-39.287567/-71.943650,189501718,https://www.openstreetmap.org/changeset/189501718,node,13640880359,2026-09-24T14:27:04Z,Chile,shared by highway way 1487985290 and building way 603516843,tt_event
3397,node connected highway and building,geochepy,24028924,https://www.openstreetmap.org/#map=18/-39.287495/-71.943849,189501718,https://www.openstreetmap.org/changeset/189501718,node,13640880360,2026-09-24T14:27:04Z,Chile,shared by highway way 1487985292 and building way 603516843,tt_event
3399,crossing highway,Dnyaneshwarisolanke,23613325,https://www.openstreetmap.org/#map=18/9.080109/76.765214,189501667,https://www.openstreetmap.org/changeset/189501667,way,444553519,2026-09-24T14:25:57Z,India,crosses way 1313719700 without a shared junction node,tt_event
3401,crossing highway,Dadaso_Sakunde,21202365,https://www.openstreetmap.org/#map=18/20.975012/73.787327,189501656,https://www.openstreetmap.org/changeset/189501656,way,1561988128,2026-09-24T14:25:47Z,India,crosses way 1561992357 without a shared junction node,tt_event
3403,unclear changeset comment,Upetha,23194852,https://www.openstreetmap.org/#map=18/-2.196392/30.150208,189718151,https://www.openstreetmap.org/changeset/189718151,changeset,189718151,2026-09-29T09:46:13Z,Rwanda,changeset 189718151: comment too short to be informative: 'house',tt_event
3404,unclear changeset comment,Upetha,23194852,https://www.openstreetmap.org/#map=18/-2.195853/30.149382,189718319,https://www.openstreetmap.org/changeset/189718319,changeset,189718319,2026-09-29T09:50:25Z,Rwanda,changeset 189718319: comment too short to be informative: 'building',tt_event
3408,unclear changeset comment,Sathsarani,24580574,https://www.openstreetmap.org/#map=18/-13.177503/28.423097,189719797,https://www.openstreetmap.org/changeset/189719797,changeset,189719797,2026-09-29T10:25:04Z,Zambia,changeset 189719797: comment too short to be informative: 'edit1',tt_event
3409,unclear changeset comment,Sathsarani,24580574,https://www.openstreetmap.org/#map=18/-13.177373/28.424117,189720037,https://www.openstreetmap.org/changeset/189720037,changeset,189720037,2026-09-29T10:30:41Z,Zambia,changeset 189720037: comment too short to be informative: 'Edit3',tt_event
3410,unclear changeset comment,Sathsarani,24580574,https://www.openstreetmap.org/#map=18/-13.177390/28.424032,189719944,https://www.openstreetmap.org/changeset/189719944,changeset,189719944,2026-09-29T10:28:29Z,Zambia,changeset 189719944: comment too short to be informative: 'Edit2',tt_event
3411,duplicated node,Osano,20287125,https://www.openstreetmap.org/#map=18/-2.924726/37.490146,189720345,https://www.openstreetmap.org/changeset/189720345,node,14231085285,2026-09-29T10:37:21Z,Kenya,within 0.02m of node 14231085287,tt_event
3412,duplicated node,Osano,20287125,https://www.openstreetmap.org/#map=18/-2.922628/37.489154,189720345,https://www.openstreetmap.org/changeset/189720345,node,14231085295,2026-09-29T10:37:21Z,Kenya,within 0.02m of node 14231085299,tt_event
3415,node connected highway and building,Adamito,24231923,https://www.openstreetmap.org/#map=18/-29.365807/27.528843,189501448,https://www.openstreetmap.org/changeset/189501448,node,14212129362,2026-09-24T14:22:09Z,Lesotho,shared by highway way 394480048 and building way 1561990798,tt_event
3419,crossing buildings,jachymkasparek,24589220,https://www.openstreetmap.org/#map=18/-29.341441/27.492647,189501409,https://www.openstreetmap.org/changeset/189501409,way,1561990753,2026-09-24T14:21:25Z,Lesotho,outline crosses way 1562536329 (54% area overlap),tt_event
3420,unclear changeset comment,Amol_Pawar,24098318,https://www.openstreetmap.org/#map=18/20.687461/77.010018,189724525,https://www.openstreetmap.org/changeset/189724525,changeset,189724525,2026-09-29T12:10:28Z,India,changeset 189724525: comment too short to be informative: 'POI added',tt_event
3421,unclear changeset comment,Amol_Pawar,24098318,https://www.openstreetmap.org/#map=18/20.686208/77.010272,189724360,https://www.openstreetmap.org/changeset/189724360,changeset,189724360,2026-09-29T12:06:47Z,India,changeset 189724360: comment too short to be informative: 'POI added',tt_event
3423,broken highway continuity,geochepy,24028924,https://www.openstreetmap.org/#map=18/-39.280439/-71.969625,189501398,https://www.openstreetmap.org/changeset/189501398,way,82552606,2026-09-24T14:21:13Z,Chile,'Arauco' looks continuous but way 82552606 and way 938605311 are 4.54m apart with no shared node,tt_event
3424,broken highway continuity,geochepy,24028924,https://www.openstreetmap.org/#map=18/-39.275138/-71.970714,189501398,https://www.openstreetmap.org/changeset/189501398,way,29508764,2026-09-24T14:21:13Z,Chile,'Colo Colo' looks continuous but way 29508764 and way 938560438 are 4.02m apart with no shared node,tt_event
3425,broken highway continuity,geochepy,24028924,https://www.openstreetmap.org/#map=18/-39.275169/-71.970818,189501398,https://www.openstreetmap.org/changeset/189501398,way,639681646,2026-09-24T14:21:13Z,Chile,'Colo Colo' looks continuous but way 639681646 and way 938560433 are 4.16m apart with no shared node,tt_event
3426,broken highway continuity,geochepy,24028924,https://www.openstreetmap.org/#map=18/-39.277459/-71.964389,189501398,https://www.openstreetmap.org/changeset/189501398,way,940152833,2026-09-24T14:21:13Z,Chile,'Camino Internacional' looks continuous but way 940152833 and way 940160822 are 3.29m apart with no shared node,tt_event
3427,broken highway continuity,geochepy,24028924,https://www.openstreetmap.org/#map=18/-39.280261/-71.941652,189501398,https://www.openstreetmap.org/changeset/189501398,way,169403686,2026-09-24T14:21:13Z,Chile,'Estero Carmelito' looks continuous but way 169403686 and way 940521810 are 3.80m apart with no shared node,tt_event
3428,broken highway continuity,geochepy,24028924,https://www.openstreetmap.org/#map=18/-39.288944/-71.938014,189501398,https://www.openstreetmap.org/changeset/189501398,way,939058718,2026-09-24T14:21:13Z,Chile,'Puerto Pucón' looks continuous but way 939058718 and way 1270880776 are 2.50m apart with no shared node,tt_event
3429,broken highway continuity,geochepy,24028924,https://www.openstreetmap.org/#map=18/-39.288967/-71.937941,189501398,https://www.openstreetmap.org/changeset/189501398,way,939058719,2026-09-24T14:21:13Z,Chile,'Puerto Pucón' looks continuous but way 939058719 and way 939058723 are 2.12m apart with no shared node,tt_event
3430,broken highway continuity,geochepy,24028924,https://www.openstreetmap.org/#map=18/-39.288966/-71.938023,189501398,https://www.openstreetmap.org/changeset/189501398,way,939058720,2026-09-24T14:21:13Z,Chile,'Puerto Pucón' looks continuous but way 939058720 and way 939058721 are 2.54m apart with no shared node,tt_event
3431,broken highway continuity,geochepy,24028924,https://www.openstreetmap.org/#map=18/-39.288967/-71.937941,189501398,https://www.openstreetmap.org/changeset/189501398,way,939058722,2026-09-24T14:21:13Z,Chile,'Puerto Pucón' looks continuous but way 939058722 and way 1270880779 are 2.91m apart with no shared node,tt_event
3432,node connected highway and building,geochepy,24028924,https://www.openstreetmap.org/#map=18/-39.282670/-71.936726,189501398,https://www.openstreetmap.org/changeset/189501398,node,6510008174,2026-09-24T14:21:13Z,Chile,shared by highway way 169404521 and building way 603518353,tt_event
3433,node connected highway and building,geochepy,24028924,https://www.openstreetmap.org/#map=18/-39.275926/-71.967055,189501398,https://www.openstreetmap.org/changeset/189501398,node,3739785319,2026-09-24T14:21:13Z,Chile,shared by highway way 370267167 and building way 204078632,tt_event
3434,node connected highway and building,geochepy,24028924,https://www.openstreetmap.org/#map=18/-39.303797/-72.032584,189501398,https://www.openstreetmap.org/changeset/189501398,node,5301562219,2026-09-24T14:21:13Z,Chile,shared by highway way 548791646 and building way 548791645,tt_event
3435,node connected highway and building,geochepy,24028924,https://www.openstreetmap.org/#map=18/-39.286675/-71.979649,189501398,https://www.openstreetmap.org/changeset/189501398,node,6479110434,2026-09-24T14:21:13Z,Chile,shared by highway way 549643962 and building way 549643961,tt_event
3436,node connected highway and building,geochepy,24028924,https://www.openstreetmap.org/#map=18/-39.302619/-72.030090,189501398,https://www.openstreetmap.org/changeset/189501398,node,5301496854,2026-09-24T14:21:13Z,Chile,shared by highway way 556823415 and building way 548785492,tt_event
3437,node connected highway and building,geochepy,24028924,https://www.openstreetmap.org/#map=18/-39.303911/-72.032532,189501398,https://www.openstreetmap.org/changeset/189501398,node,5432647984,2026-09-24T14:21:13Z,Chile,shared by highway way 563771989 and building way 397309021,tt_event
3438,node connected highway and building,geochepy,24028924,https://www.openstreetmap.org/#map=18/-39.304248/-72.032706,189501398,https://www.openstreetmap.org/changeset/189501398,node,5432647989,2026-09-24T14:21:13Z,Chile,shared by highway way 563771991 and building way 548772656,tt_event
3439,node connected highway and building,geochepy,24028924,https://www.openstreetmap.org/#map=18/-39.304396/-72.032377,189501398,https://www.openstreetmap.org/changeset/189501398,node,5432648013,2026-09-24T14:21:13Z,Chile,shared by highway way 563771994 and building way 397309019,tt_event
3440,node connected highway and building,geochepy,24028924,https://www.openstreetmap.org/#map=18/-39.304409/-72.032277,189501398,https://www.openstreetmap.org/changeset/189501398,node,5432648014,2026-09-24T14:21:13Z,Chile,shared by highway way 563771995 and building way 397307603,tt_event
3441,node connected highway and building,geochepy,24028924,https://www.openstreetmap.org/#map=18/-39.304392/-72.032184,189501398,https://www.openstreetmap.org/changeset/189501398,node,5764607132,2026-09-24T14:21:13Z,Chile,shared by highway way 563771996 and building way 397307603,tt_event
3442,node connected highway and building,geochepy,24028924,https://www.openstreetmap.org/#map=18/-39.303584/-72.032132,189501398,https://www.openstreetmap.org/changeset/189501398,node,5432664326,2026-09-24T14:21:13Z,Chile,shared by highway way 563775458 and building way 397309024,tt_event
3443,node connected highway and building,geochepy,24028924,https://www.openstreetmap.org/#map=18/-39.304488/-72.032626,189501398,https://www.openstreetmap.org/changeset/189501398,node,5432647933,2026-09-24T14:21:13Z,Chile,shared by highway way 563885988 and building way 563771979,tt_event
3444,node connected highway and building,geochepy,24028924,https://www.openstreetmap.org/#map=18/-39.304488/-72.032626,189501398,https://www.openstreetmap.org/changeset/189501398,node,5432665079,2026-09-24T14:21:13Z,Chile,shared by highway way 563885988 and building way 563771978,tt_event
3445,node connected highway and building,geochepy,24028924,https://www.openstreetmap.org/#map=18/-39.304488/-72.032626,189501398,https://www.openstreetmap.org/changeset/189501398,node,5432665078,2026-09-24T14:21:13Z,Chile,shared by highway way 563885988 and building way 563771978,tt_event
3446,node connected highway and building,geochepy,24028924,https://www.openstreetmap.org/#map=18/-39.303655/-72.032660,189501398,https://www.openstreetmap.org/changeset/189501398,node,5716660382,2026-09-24T14:21:13Z,Chile,shared by highway way 601491134 and building way 397309023,tt_event
3447,node connected highway and building,geochepy,24028924,https://www.openstreetmap.org/#map=18/-39.276517/-71.962112,189501398,https://www.openstreetmap.org/changeset/189501398,node,6507231458,2026-09-24T14:21:13Z,Chile,shared by highway way 603163742 and building way 603163740,tt_event
3448,node connected highway and building,geochepy,24028924,https://www.openstreetmap.org/#map=18/-39.285791/-71.978817,189501398,https://www.openstreetmap.org/changeset/189501398,node,6479110433,2026-09-24T14:21:13Z,Chile,shared by highway way 690565959 and building way 549643961,tt_event
3449,node connected highway and building,geochepy,24028924,https://www.openstreetmap.org/#map=18/-39.276307/-71.962842,189501398,https://www.openstreetmap.org/changeset/189501398,node,6507231459,2026-09-24T14:21:13Z,Chile,shared by highway way 693109350 and building way 603163740,tt_event
3450,node connected highway and building,geochepy,24028924,https://www.openstreetmap.org/#map=18/-39.282639/-71.936870,189501398,https://www.openstreetmap.org/changeset/189501398,node,6510008172,2026-09-24T14:21:13Z,Chile,shared by highway way 693429161 and building way 603518353,tt_event
3451,node connected highway and building,geochepy,24028924,https://www.openstreetmap.org/#map=18/-39.278424/-71.935619,189501398,https://www.openstreetmap.org/changeset/189501398,node,6510008173,2026-09-24T14:21:13Z,Chile,shared by highway way 693429163 and building way 603518353,tt_event
3452,node connected highway and building,geochepy,24028924,https://www.openstreetmap.org/#map=18/-39.278428/-71.935705,189501398,https://www.openstreetmap.org/changeset/189501398,node,6510008171,2026-09-24T14:21:13Z,Chile,shared by highway way 693429166 and building way 603518353,tt_event
3453,node connected highway and building,geochepy,24028924,https://www.openstreetmap.org/#map=18/-39.289156/-71.938300,189501398,https://www.openstreetmap.org/changeset/189501398,node,8699233068,2026-09-24T14:21:13Z,Chile,shared by highway way 939058720 and building way 603517158,tt_event
3454,node connected highway and building,geochepy,24028924,https://www.openstreetmap.org/#map=18/-39.289222/-71.938028,189501398,https://www.openstreetmap.org/changeset/189501398,node,8699233066,2026-09-24T14:21:13Z,Chile,shared by highway way 939058723 and building way 603517158,tt_event
3455,node connected highway and building,geochepy,24028924,https://www.openstreetmap.org/#map=18/-39.287817/-71.937576,189501398,https://www.openstreetmap.org/changeset/189501398,node,8699233067,2026-09-24T14:21:13Z,Chile,shared by highway way 1270880776 and building way 603517158,tt_event
3456,node connected highway and building,geochepy,24028924,https://www.openstreetmap.org/#map=18/-39.287836/-71.937517,189501398,https://www.openstreetmap.org/changeset/189501398,node,8699233065,2026-09-24T14:21:13Z,Chile,shared by highway way 1270880779 and building way 603517158,tt_event
3457,node connected highway and building,geochepy,24028924,https://www.openstreetmap.org/#map=18/-39.287113/-71.945065,189501398,https://www.openstreetmap.org/changeset/189501398,node,13640880351,2026-09-24T14:21:13Z,Chile,shared by highway way 1487985287 and building way 603514838,tt_event
3458,node connected highway and building,geochepy,24028924,https://www.openstreetmap.org/#map=18/-39.287016/-71.945312,189501398,https://www.openstreetmap.org/changeset/189501398,node,13640880352,2026-09-24T14:21:13Z,Chile,shared by highway way 1487985289 and building way 603514838,tt_event
3459,node connected highway and building,geochepy,24028924,https://www.openstreetmap.org/#map=18/-39.287567/-71.943650,189501398,https://www.openstreetmap.org/changeset/189501398,node,13640880359,2026-09-24T14:21:13Z,Chile,shared by highway way 1487985290 and building way 603516843,tt_event
3460,node connected highway and building,geochepy,24028924,https://www.openstreetmap.org/#map=18/-39.287495/-71.943849,189501398,https://www.openstreetmap.org/changeset/189501398,node,13640880360,2026-09-24T14:21:13Z,Chile,shared by highway way 1487985292 and building way 603516843,tt_event
3463,unclear changeset comment,Amol_Pawar,24098318,https://www.openstreetmap.org/#map=18/20.681858/77.011878,189725192,https://www.openstreetmap.org/changeset/189725192,changeset,189725192,2026-09-29T12:25:37Z,India,changeset 189725192: comment too short to be informative: 'POI added',tt_event
3464,crossing buildings,jachymkasparek,24589220,https://www.openstreetmap.org/#map=18/-29.339118/27.491267,189501314,https://www.openstreetmap.org/changeset/189501314,way,1561990424,2026-09-24T14:19:43Z,Lesotho,outline crosses way 1561990331 (10% area overlap),tt_event
3465,unclear changeset comment,Amol_Pawar,24098318,https://www.openstreetmap.org/#map=18/20.680684/77.012712,189725656,https://www.openstreetmap.org/changeset/189725656,changeset,189725656,2026-09-29T12:36:18Z,India,changeset 189725656: comment too short to be informative: 'POI added',tt_event
3466,unclear changeset comment,Amol_Pawar,24098318,https://www.openstreetmap.org/#map=18/20.680406/77.013920,189725982,https://www.openstreetmap.org/changeset/189725982,changeset,189725982,2026-09-29T12:43:42Z,India,changeset 189725982: comment too short to be informative: 'POI added',tt_event
3467,unclear changeset comment,Amol_Pawar,24098318,https://www.openstreetmap.org/#map=18/20.680207/77.013963,189725896,https://www.openstreetmap.org/changeset/189725896,changeset,189725896,2026-09-29T12:41:44Z,India,changeset 189725896: comment too short to be informative: 'POI added',tt_event
3468,crossing highway,Agnes Petro,23585416,https://www.openstreetmap.org/#map=18/-6.382168/37.335800,189501310,https://www.openstreetmap.org/changeset/189501310,way,345491389,2026-09-24T14:19:42Z,Tanzania,crosses way 1561927374 without a shared junction node,tt_event
3469,crossing highway,Agnes Petro,23585416,https://www.openstreetmap.org/#map=18/-6.381453/37.333852,189501310,https://www.openstreetmap.org/changeset/189501310,way,345491389,2026-09-24T14:19:42Z,Tanzania,crosses way 1145090337 without a shared junction node,tt_event
3472,node connected highway and building,Agnes Petro,23585416,https://www.openstreetmap.org/#map=18/-6.380641/37.344555,189501310,https://www.openstreetmap.org/changeset/189501310,node,14184211198,2026-09-24T14:19:42Z,Tanzania,shared by highway way 1145091748 and building way 1559234659,tt_event
3473,node connected highway and building,Agnes Petro,23585416,https://www.openstreetmap.org/#map=18/-6.368971/37.339870,189501310,https://www.openstreetmap.org/changeset/189501310,node,14212288862,2026-09-24T14:19:42Z,Tanzania,shared by highway way 1145091752 and building way 1562005615,tt_event
3474,node connected highway and building,Agnes Petro,23585416,https://www.openstreetmap.org/#map=18/-6.376076/37.316906,189501310,https://www.openstreetmap.org/changeset/189501310,node,14206595537,2026-09-24T14:19:42Z,Tanzania,shared by highway way 1179916181 and building way 1561369840,tt_event
3475,node connected highway and building,Agnes Petro,23585416,https://www.openstreetmap.org/#map=18/-6.375821/37.321381,189501310,https://www.openstreetmap.org/changeset/189501310,node,14206292815,2026-09-24T14:19:42Z,Tanzania,shared by highway way 1561756550 and building way 1561341573,tt_event
3476,node connected highway and building,Agnes Petro,23585416,https://www.openstreetmap.org/#map=18/-6.375882/37.321250,189501310,https://www.openstreetmap.org/changeset/189501310,node,14209787689,2026-09-24T14:19:42Z,Tanzania,shared by highway way 1561756729 and building way 1561341573,tt_event
3477,unclear changeset comment,Amol_Pawar,24098318,https://www.openstreetmap.org/#map=18/20.679017/77.013919,189726168,https://www.openstreetmap.org/changeset/189726168,changeset,189726168,2026-09-29T12:48:10Z,India,changeset 189726168: comment too short to be informative: 'POI added',tt_event
3478,building inside building,Veronica Aguilar,15172786,https://www.openstreetmap.org/#map=18/-9.833117/28.778769,189501287,https://www.openstreetmap.org/changeset/189501287,way,1561990341,2026-09-24T14:19:18Z,Zambia,fully contained with/containing way 1561988821,tt_event
3479,node connected highway and building,Veronica Aguilar,15172786,https://www.openstreetmap.org/#map=18/-9.821883/28.759214,189501287,https://www.openstreetmap.org/changeset/189501287,node,14212043903,2026-09-24T14:19:18Z,Zambia,shared by highway way 688365005 and building way 1561979461,tt_event
3480,node connected highway and building,Veronica Aguilar,15172786,https://www.openstreetmap.org/#map=18/-9.821131/28.763724,189501287,https://www.openstreetmap.org/changeset/189501287,node,14212079010,2026-09-24T14:19:18Z,Zambia,shared by highway way 688412834 and building way 1561983764,tt_event
3481,node connected highway and building,Veronica Aguilar,15172786,https://www.openstreetmap.org/#map=18/-9.821131/28.763724,189501287,https://www.openstreetmap.org/changeset/189501287,node,14212079009,2026-09-24T14:19:18Z,Zambia,shared by highway way 688412834 and building way 1561983764,tt_event
3482,node connected highway and building,Veronica Aguilar,15172786,https://www.openstreetmap.org/#map=18/-9.819198/28.768798,189501287,https://www.openstreetmap.org/changeset/189501287,node,3820623019,2026-09-24T14:19:18Z,Zambia,shared by highway way 1563496045 and building way 378729912,tt_event
3483,node connected highway and building,Veronica Aguilar,15172786,https://www.openstreetmap.org/#map=18/-9.819198/28.768798,189501287,https://www.openstreetmap.org/changeset/189501287,node,14231156869,2026-09-24T14:19:18Z,Zambia,shared by highway way 1563496045 and building way 1563496036,tt_event
3484,node connected highway and building,Veronica Aguilar,15172786,https://www.openstreetmap.org/#map=18/-9.819218/28.768324,189501287,https://www.openstreetmap.org/changeset/189501287,node,14212020061,2026-09-24T14:19:18Z,Zambia,shared by highway way 1563496048 and building way 1561976763,tt_event
3485,node connected highway and building,Veronica Aguilar,15172786,https://www.openstreetmap.org/#map=18/-9.819722/28.768933,189501287,https://www.openstreetmap.org/changeset/189501287,node,14231156888,2026-09-24T14:19:18Z,Zambia,shared by highway way 1563496049 and building way 1563496040,tt_event
3486,node connected highway and building,Veronica Aguilar,15172786,https://www.openstreetmap.org/#map=18/-9.819366/28.768719,189501287,https://www.openstreetmap.org/changeset/189501287,node,14231267533,2026-09-24T14:19:18Z,Zambia,shared by highway way 1563496050 and building way 1563496037,tt_event
3487,unclear changeset comment,Amol_Pawar,24098318,https://www.openstreetmap.org/#map=18/20.678736/77.014029,189726394,https://www.openstreetmap.org/changeset/189726394,changeset,189726394,2026-09-29T12:53:45Z,India,changeset 189726394: comment too short to be informative: 'POI added',tt_event
3489,unclear changeset comment,Amol_Pawar,24098318,https://www.openstreetmap.org/#map=18/20.678838/77.014079,189726570,https://www.openstreetmap.org/changeset/189726570,changeset,189726570,2026-09-29T12:56:47Z,India,changeset 189726570: comment too short to be informative: 'POI added',tt_event
3490,unclear changeset comment,Amol_Pawar,24098318,https://www.openstreetmap.org/#map=18/20.679240/77.014505,189726888,https://www.openstreetmap.org/changeset/189726888,changeset,189726888,2026-09-29T13:03:32Z,India,changeset 189726888: comment too short to be informative: 'POI added',tt_event
3495,unclear changeset comment,Amol_Pawar,24098318,https://www.openstreetmap.org/#map=18/20.678129/77.014499,189727353,https://www.openstreetmap.org/changeset/189727353,changeset,189727353,2026-09-29T13:12:48Z,India,changeset 189727353: comment too short to be informative: 'POI added',tt_event
3496,unclear changeset comment,Amol_Pawar,24098318,https://www.openstreetmap.org/#map=18/20.678074/77.014541,189727626,https://www.openstreetmap.org/changeset/189727626,changeset,189727626,2026-09-29T13:18:11Z,India,changeset 189727626: comment too short to be informative: 'POI added',tt_event
3497,unclear changeset comment,Amol_Pawar,24098318,https://www.openstreetmap.org/#map=18/20.678093/77.014855,189727940,https://www.openstreetmap.org/changeset/189727940,changeset,189727940,2026-09-29T13:25:01Z,India,changeset 189727940: comment too short to be informative: 'POI added',tt_event
3498,unclear changeset comment,Amol_Pawar,24098318,https://www.openstreetmap.org/#map=18/20.678155/77.014887,189728180,https://www.openstreetmap.org/changeset/189728180,changeset,189728180,2026-09-29T13:29:44Z,India,changeset 189728180: comment too short to be informative: 'POI added',tt_event
3499,node connected highway and building,Osano,20287125,https://www.openstreetmap.org/#map=18/-2.906496/37.476370,189501191,https://www.openstreetmap.org/changeset/189501191,node,14212090258,2026-09-24T14:17:45Z,Kenya,shared by highway way 698289151 and building way 1561985151,tt_event
3500,node connected highway and building,Osano,20287125,https://www.openstreetmap.org/#map=18/-2.906496/37.476370,189501191,https://www.openstreetmap.org/changeset/189501191,node,14212090259,2026-09-24T14:17:45Z,Kenya,shared by highway way 698289151 and building way 1561985151,tt_event
3502,node connected highway and building,geochepy,24028924,https://www.openstreetmap.org/#map=18/-39.328395/-72.043576,189501190,https://www.openstreetmap.org/changeset/189501190,node,5304893416,2026-09-24T14:17:43Z,Chile,shared by highway way 549165780 and building way 549165778,tt_event
3503,unclear changeset comment,Amol_Pawar,24098318,https://www.openstreetmap.org/#map=18/20.677637/77.014811,189728547,https://www.openstreetmap.org/changeset/189728547,changeset,189728547,2026-09-29T13:36:25Z,India,changeset 189728547: comment too short to be informative: 'POI added',tt_event
3504,unclear changeset comment,Amol_Pawar,24098318,https://www.openstreetmap.org/#map=18/20.677644/77.014745,189729001,https://www.openstreetmap.org/changeset/189729001,changeset,189729001,2026-09-29T13:45:57Z,India,changeset 189729001: comment too short to be informative: 'POI added',tt_event
3505,building inside building,anto0816,24589206,https://www.openstreetmap.org/#map=18/-29.356842/27.493799,189501152,https://www.openstreetmap.org/changeset/189501152,way,1561989984,2026-09-24T14:17:08Z,Lesotho,fully contained with/containing way 465122380,tt_event
3506,building inside building,anto0816,24589206,https://www.openstreetmap.org/#map=18/-29.356842/27.493799,189501152,https://www.openstreetmap.org/changeset/189501152,way,1561989984,2026-09-24T14:17:08Z,Lesotho,fully contained with/containing way 465122379,tt_event
3507,crossing buildings,anto0816,24589206,https://www.openstreetmap.org/#map=18/-29.356842/27.493799,189501152,https://www.openstreetmap.org/changeset/189501152,way,1561989984,2026-09-24T14:17:08Z,Lesotho,outline crosses way 361041660 (76% area overlap),tt_event
3509,duplicated node,Osano,20287125,https://www.openstreetmap.org/#map=18/-2.929640/37.512649,189729935,https://www.openstreetmap.org/changeset/189729935,node,14231722673,2026-09-29T14:04:16Z,Kenya,within 0.02m of node 14231722675,tt_event
3510,duplicated node,Osano,20287125,https://www.openstreetmap.org/#map=18/-2.931065/37.510925,189729935,https://www.openstreetmap.org/changeset/189729935,node,14231722860,2026-09-29T14:04:16Z,Kenya,within 0.04m of node 14231722866,tt_event
3511,duplicated node,Osano,20287125,https://www.openstreetmap.org/#map=18/-2.930443/37.510875,189729935,https://www.openstreetmap.org/changeset/189729935,node,14231722894,2026-09-29T14:04:16Z,Kenya,within 0.02m of node 14231722896,tt_event
3514,unclear changeset comment,Amol_Pawar,24098318,https://www.openstreetmap.org/#map=18/20.699430/77.013521,189731299,https://www.openstreetmap.org/changeset/189731299,changeset,189731299,2026-09-29T14:30:58Z,India,changeset 189731299: comment too short to be informative: 'POI added',tt_event
3515,unclear changeset comment,Amol_Pawar,24098318,https://www.openstreetmap.org/#map=18/20.699367/77.013599,189731453,https://www.openstreetmap.org/changeset/189731453,changeset,189731453,2026-09-29T14:33:41Z,India,changeset 189731453: comment too short to be informative: 'POI added',tt_event
3517,unclear changeset comment,Amol_Pawar,24098318,https://www.openstreetmap.org/#map=18/20.699267/77.013897,189731723,https://www.openstreetmap.org/changeset/189731723,changeset,189731723,2026-09-29T14:38:22Z,India,changeset 189731723: comment too short to be informative: 'POI added',tt_event
3518,unclear changeset comment,Amol_Pawar,24098318,https://www.openstreetmap.org/#map=18/20.699191/77.014784,189732673,https://www.openstreetmap.org/changeset/189732673,changeset,189732673,2026-09-29T14:54:25Z,India,changeset 189732673: comment too short to be informative: 'POI added',tt_event
3519,duplicated node,Osano,20287125,https://www.openstreetmap.org/#map=18/-2.900547/37.486990,189732590,https://www.openstreetmap.org/changeset/189732590,node,14231961076,2026-09-29T14:53:03Z,Kenya,within 0.02m of node 14231961086,tt_event
3520,duplicated node,Osano,20287125,https://www.openstreetmap.org/#map=18/-2.900438/37.486907,189732590,https://www.openstreetmap.org/changeset/189732590,node,14231961081,2026-09-29T14:53:03Z,Kenya,within 0.02m of node 14231961084,tt_event
3522,crossing highway,ThanW,24588169,https://www.openstreetmap.org/#map=18/-9.831350/28.775329,189500978,https://www.openstreetmap.org/changeset/189500978,way,1561989412,2026-09-24T14:13:47Z,Zambia,crosses way 1561989981 without a shared junction node,tt_event
3523,crossing highway,ThanW,24588169,https://www.openstreetmap.org/#map=18/-9.825986/28.762662,189500978,https://www.openstreetmap.org/changeset/189500978,way,688365002,2026-09-24T14:13:47Z,Zambia,crosses way 1561985167 without a shared junction node,tt_event
3525,crossing buildings,Christian111124,24589203,https://www.openstreetmap.org/#map=18/-29.354205/27.562576,189500899,https://www.openstreetmap.org/changeset/189500899,way,1561989266,2026-09-24T14:12:20Z,Lesotho,outline crosses way 362965217 (18% area overlap),tt_event
3527,node connected highway and building,Christian111124,24589203,https://www.openstreetmap.org/#map=18/-29.353949/27.562186,189500899,https://www.openstreetmap.org/changeset/189500899,node,14212125081,2026-09-24T14:12:20Z,Lesotho,shared by highway way 390825918 and building way 1561989274,tt_event
3528,node connected highway and building,Christian111124,24589203,https://www.openstreetmap.org/#map=18/-29.353949/27.562186,189500899,https://www.openstreetmap.org/changeset/189500899,node,14212125061,2026-09-24T14:12:20Z,Lesotho,shared by highway way 390825918 and building way 1561989269,tt_event
3529,node connected highway and building,Christian111124,24589203,https://www.openstreetmap.org/#map=18/-29.353949/27.562186,189500899,https://www.openstreetmap.org/changeset/189500899,node,3939606710,2026-09-24T14:12:20Z,Lesotho,shared by highway way 390825918 and building way 1561989269,tt_event
3533,building inside building,ThanW,24588169,https://www.openstreetmap.org/#map=18/-9.833117/28.778768,189500725,https://www.openstreetmap.org/changeset/189500725,way,1561988821,2026-09-24T14:08:46Z,Zambia,fully contained with/containing way 1561990341,tt_event
3536,node connected highway and building,daniela22000000,24589235,https://www.openstreetmap.org/#map=18/-29.347674/27.440008,189500708,https://www.openstreetmap.org/changeset/189500708,node,14212114121,2026-09-24T14:08:19Z,Lesotho,shared by highway way 428292657 and building way 1561988769,tt_event
3541,node connected highway and building,googlenaut,519916,https://www.openstreetmap.org/#map=18/-1.440020/30.122758,189505891,https://www.openstreetmap.org/changeset/189505891,node,5013375022,2026-09-24T15:57:59Z,Rwanda,shared by highway way 1432336774 and building way 512748358,tt_event
3542,crossing highway,Zuzanna Szklarz,24496075,https://www.openstreetmap.org/#map=18/-2.170054/30.134598,189505556,https://www.openstreetmap.org/changeset/189505556,way,677690458,2026-09-24T15:50:32Z,Rwanda,crosses way 1562062110 without a shared junction node,tt_event
3545,node connected highway and building,Zuzanna Szklarz,24496075,https://www.openstreetmap.org/#map=18/-2.161292/30.128685,189505556,https://www.openstreetmap.org/changeset/189505556,node,14137990566,2026-09-24T15:50:32Z,Rwanda,shared by highway way 677930405 and building way 1553949268,tt_event
3546,node connected highway and building,Zuzanna Szklarz,24496075,https://www.openstreetmap.org/#map=18/-2.161292/30.128685,189505556,https://www.openstreetmap.org/changeset/189505556,node,14137990567,2026-09-24T15:50:32Z,Rwanda,shared by highway way 677930405 and building way 1553949268,tt_event
3547,node connected highway and building,Zuzanna Szklarz,24496075,https://www.openstreetmap.org/#map=18/-2.194389/30.123811,189505556,https://www.openstreetmap.org/changeset/189505556,node,14222430427,2026-09-24T15:50:32Z,Rwanda,shared by highway way 1125669383 and building way 1562775810,tt_event
3548,node connected highway and building,Zuzanna Szklarz,24496075,https://www.openstreetmap.org/#map=18/-2.194389/30.123811,189505556,https://www.openstreetmap.org/changeset/189505556,node,14222432939,2026-09-24T15:50:32Z,Rwanda,shared by highway way 1125669383 and building way 1562772586,tt_event
3549,node connected highway and building,Zuzanna Szklarz,24496075,https://www.openstreetmap.org/#map=18/-2.194389/30.123811,189505556,https://www.openstreetmap.org/changeset/189505556,node,14222432938,2026-09-24T15:50:32Z,Rwanda,shared by highway way 1125669383 and building way 1562772586,tt_event
3550,node connected highway and building,Zuzanna Szklarz,24496075,https://www.openstreetmap.org/#map=18/-2.189754/30.139214,189505556,https://www.openstreetmap.org/changeset/189505556,node,14202144430,2026-09-24T15:50:32Z,Rwanda,shared by highway way 1125677391 and building way 1560890150,tt_event
3553,feature mapped without primary tag,Calvin Menttor,10394726,https://www.openstreetmap.org/#map=18/-0.212736/39.490206,189741781,https://www.openstreetmap.org/changeset/189741781,node,14232437853,2026-09-29T18:16:53Z,Kenya,node 14232437853: tags present but none are a primary key: ['fixme'],tt_event
3554,feature mapped without primary tag,Calvin Menttor,10394726,https://www.openstreetmap.org/#map=18/-0.216138/39.473778,189741781,https://www.openstreetmap.org/changeset/189741781,node,2316719415,2026-09-29T18:16:53Z,Kenya,node 2316719415: tags present but none are a primary key: ['fixme'],tt_event
3556,node connected highway and building,googlenaut,519916,https://www.openstreetmap.org/#map=18/-1.428018/30.196616,189505218,https://www.openstreetmap.org/changeset/189505218,node,5012920218,2026-09-24T15:43:36Z,Rwanda,shared by highway way 512379282 and building way 512682327,tt_event
3557,node connected highway and building,googlenaut,519916,https://www.openstreetmap.org/#map=18/-1.475922/30.183506,189505218,https://www.openstreetmap.org/changeset/189505218,node,5011165312,2026-09-24T15:43:36Z,Rwanda,shared by highway way 517755815 and building way 512519026,tt_event
3558,node connected highway and building,googlenaut,519916,https://www.openstreetmap.org/#map=18/-1.463608/30.172531,189505218,https://www.openstreetmap.org/changeset/189505218,node,5010528013,2026-09-24T15:43:36Z,Rwanda,shared by highway way 517755818 and building way 512428522,tt_event
3559,node connected highway and building,googlenaut,519916,https://www.openstreetmap.org/#map=18/-1.450695/30.161259,189505218,https://www.openstreetmap.org/changeset/189505218,node,5012934371,2026-09-24T15:43:36Z,Rwanda,shared by highway way 998772956 and building way 512683595,tt_event
3560,node connected highway and building,googlenaut,519916,https://www.openstreetmap.org/#map=18/-1.444056/30.173816,189505218,https://www.openstreetmap.org/changeset/189505218,node,5012921682,2026-09-24T15:43:36Z,Rwanda,shared by highway way 1000341686 and building way 512682513,tt_event
3561,node connected highway and building,googlenaut,519916,https://www.openstreetmap.org/#map=18/-1.437387/30.177891,189505218,https://www.openstreetmap.org/changeset/189505218,node,5013310359,2026-09-24T15:43:36Z,Rwanda,shared by highway way 1000341690 and building way 512738658,tt_event
3565,crossing buildings,Agnes Petro,23585416,https://www.openstreetmap.org/#map=18/-6.381290/37.341507,189504956,https://www.openstreetmap.org/changeset/189504956,way,1562005606,2026-09-24T15:37:33Z,Tanzania,outline crosses way 1561808009 (14% area overlap),tt_event
3566,crossing buildings,Agnes Petro,23585416,https://www.openstreetmap.org/#map=18/-6.381071/37.341504,189504956,https://www.openstreetmap.org/changeset/189504956,way,1562005607,2026-09-24T15:37:33Z,Tanzania,outline crosses way 1561808009 (56% area overlap),tt_event
3567,crossing buildings,Agnes Petro,23585416,https://www.openstreetmap.org/#map=18/-6.381726/37.342022,189504956,https://www.openstreetmap.org/changeset/189504956,way,1562005623,2026-09-24T15:37:33Z,Tanzania,outline crosses way 1561807999 (12% area overlap),tt_event
3569,node connected highway and building,Agnes Petro,23585416,https://www.openstreetmap.org/#map=18/-6.368971/37.339870,189504956,https://www.openstreetmap.org/changeset/189504956,node,14212288862,2026-09-24T15:37:33Z,Tanzania,shared by highway way 1145091752 and building way 1562005615,tt_event
3570,crossing buildings,Ga99,23101618,https://www.openstreetmap.org/#map=18/-29.364063/27.492285,189504616,https://www.openstreetmap.org/changeset/189504616,way,1562004435,2026-09-24T15:29:11Z,Lesotho,outline crosses way 1563503497 (76% area overlap),tt_event
3571,crossing buildings,Ga99,23101618,https://www.openstreetmap.org/#map=18/-29.363315/27.491435,189504616,https://www.openstreetmap.org/changeset/189504616,way,1562004436,2026-09-24T15:29:11Z,Lesotho,outline crosses way 1563503492 (90% area overlap),tt_event
3572,crossing buildings,Ga99,23101618,https://www.openstreetmap.org/#map=18/-29.363190/27.491383,189504616,https://www.openstreetmap.org/changeset/189504616,way,1562004437,2026-09-24T15:29:11Z,Lesotho,outline crosses way 1563503492 (10% area overlap),tt_event
3573,building inside building,Ga99,23101618,https://www.openstreetmap.org/#map=18/-29.363190/27.491383,189504616,https://www.openstreetmap.org/changeset/189504616,way,1562004437,2026-09-24T15:29:11Z,Lesotho,fully contained with/containing way 1563503491,tt_event
3574,building inside building,Ga99,23101618,https://www.openstreetmap.org/#map=18/-29.364018/27.490261,189504616,https://www.openstreetmap.org/changeset/189504616,way,1562004438,2026-09-24T15:29:11Z,Lesotho,fully contained with/containing way 1563503489,tt_event
3575,building inside building,Ga99,23101618,https://www.openstreetmap.org/#map=18/-29.364538/27.491310,189504616,https://www.openstreetmap.org/changeset/189504616,way,1562004439,2026-09-24T15:29:11Z,Lesotho,fully contained with/containing way 1563503485,tt_event
3576,building inside building,Ga99,23101618,https://www.openstreetmap.org/#map=18/-29.363754/27.492810,189504616,https://www.openstreetmap.org/changeset/189504616,way,1562004440,2026-09-24T15:29:11Z,Lesotho,fully contained with/containing way 1563503498,tt_event
3580,node connected highway and building,Zuzanna Szklarz,24496075,https://www.openstreetmap.org/#map=18/-2.186536/30.158189,189504389,https://www.openstreetmap.org/changeset/189504389,node,14212550653,2026-09-24T15:23:14Z,Rwanda,shared by highway way 679488162 and building way 1562030363,tt_event
3581,node connected highway and building,Athumani Msangi,24430799,https://www.openstreetmap.org/#map=18/-6.380641/37.344555,189504387,https://www.openstreetmap.org/changeset/189504387,node,14184211198,2026-09-24T15:23:14Z,Tanzania,shared by highway way 1145091748 and building way 1559234659,tt_event
3582,node connected highway and building,Athumani Msangi,24430799,https://www.openstreetmap.org/#map=18/-6.380641/37.344555,189504356,https://www.openstreetmap.org/changeset/189504356,node,14184211198,2026-09-24T15:22:37Z,Tanzania,shared by highway way 1145091748 and building way 1559234659,tt_event
3585,crossing buildings,Osano,20287125,https://www.openstreetmap.org/#map=18/-2.898040/37.461880,189504188,https://www.openstreetmap.org/changeset/189504188,way,1562002869,2026-09-24T15:18:04Z,Kenya,outline crosses way 1562002870 (45% area overlap),tt_event
3586,crossing buildings,Agnes Petro,23585416,https://www.openstreetmap.org/#map=18/-6.384875/37.334308,189504169,https://www.openstreetmap.org/changeset/189504169,way,1562002692,2026-09-24T15:17:38Z,Tanzania,outline crosses way 1561994833 (39% area overlap),tt_event
3590,node connected highway and building,googlenaut,519916,https://www.openstreetmap.org/#map=18/-1.433610/30.007338,189508646,https://www.openstreetmap.org/changeset/189508646,node,5824204089,2026-09-24T17:06:51Z,Rwanda,shared by highway way 623888246 and building way 622924542,tt_event
3597,node connected highway and building,googlenaut,519916,https://www.openstreetmap.org/#map=18/-1.748374/29.327198,189508121,https://www.openstreetmap.org/changeset/189508121,node,8404595475,2026-09-24T16:54:02Z,Rwanda,shared by highway way 1445268010 and building way 905002441,tt_event
3598,node connected highway and building,googlenaut,519916,https://www.openstreetmap.org/#map=18/-1.748374/29.327198,189508121,https://www.openstreetmap.org/changeset/189508121,node,8404595473,2026-09-24T16:54:02Z,Rwanda,shared by highway way 1445268010 and building way 905002440,tt_event
3606,node connected highway and building,Athumani Msangi,24430799,https://www.openstreetmap.org/#map=18/-6.368971/37.339870,189507822,https://www.openstreetmap.org/changeset/189507822,node,14212288862,2026-09-24T16:46:31Z,Tanzania,shared by highway way 1145091752 and building way 1562005615,tt_event
3619,crossing buildings,PAFC1886,19982752,https://www.openstreetmap.org/#map=18/6.849370/124.906151,189506790,https://www.openstreetmap.org/changeset/189506790,way,1562011995,2026-09-24T16:19:25Z,Philippines,outline crosses way 740773209 (99% area overlap),tt_event
3620,crossing buildings,PAFC1886,19982752,https://www.openstreetmap.org/#map=18/6.849532/124.906169,189506790,https://www.openstreetmap.org/changeset/189506790,way,1562011996,2026-09-24T16:19:25Z,Philippines,outline crosses way 740773209 (9% area overlap),tt_event
3621,crossing buildings,anijoseph,21519202,https://www.openstreetmap.org/#map=18/11.157587/-4.246117,189510797,https://www.openstreetmap.org/changeset/189510797,way,1562031561,2026-09-24T18:02:20Z,Burkina Faso,outline crosses way 1504898925 (96% area overlap),tt_event
3622,building inside building,anijoseph,21519202,https://www.openstreetmap.org/#map=18/11.157587/-4.246117,189510797,https://www.openstreetmap.org/changeset/189510797,way,1562031561,2026-09-24T18:02:20Z,Burkina Faso,fully contained with/containing way 1504899295,tt_event
3623,building inside building,anijoseph,21519202,https://www.openstreetmap.org/#map=18/11.157926/-4.246160,189510797,https://www.openstreetmap.org/changeset/189510797,way,1562031562,2026-09-24T18:02:20Z,Burkina Faso,fully contained with/containing way 1504899495,tt_event
3624,crossing buildings,anijoseph,21519202,https://www.openstreetmap.org/#map=18/11.157820/-4.246224,189510797,https://www.openstreetmap.org/changeset/189510797,way,1562031563,2026-09-24T18:02:20Z,Burkina Faso,outline crosses way 1504899840 (91% area overlap),tt_event
3625,crossing buildings,anijoseph,21519202,https://www.openstreetmap.org/#map=18/11.158097/-4.246065,189510797,https://www.openstreetmap.org/changeset/189510797,way,1562031564,2026-09-24T18:02:20Z,Burkina Faso,outline crosses way 1504899677 (64% area overlap),tt_event
3626,crossing buildings,anijoseph,21519202,https://www.openstreetmap.org/#map=18/11.158097/-4.246065,189510797,https://www.openstreetmap.org/changeset/189510797,way,1562031564,2026-09-24T18:02:20Z,Burkina Faso,outline crosses way 1504900254 (98% area overlap),tt_event
3627,crossing buildings,anijoseph,21519202,https://www.openstreetmap.org/#map=18/11.158097/-4.246065,189510797,https://www.openstreetmap.org/changeset/189510797,way,1562031564,2026-09-24T18:02:20Z,Burkina Faso,outline crosses way 1504899964 (86% area overlap),tt_event
3628,crossing buildings,anijoseph,21519202,https://www.openstreetmap.org/#map=18/11.158023/-4.245497,189510797,https://www.openstreetmap.org/changeset/189510797,way,1562031565,2026-09-24T18:02:20Z,Burkina Faso,outline crosses way 1504899267 (82% area overlap),tt_event
3629,crossing buildings,anijoseph,21519202,https://www.openstreetmap.org/#map=18/11.157413/-4.245364,189510797,https://www.openstreetmap.org/changeset/189510797,way,1562031566,2026-09-24T18:02:20Z,Burkina Faso,outline crosses way 1504899250 (86% area overlap),tt_event
3630,crossing buildings,anijoseph,21519202,https://www.openstreetmap.org/#map=18/11.156945/-4.246097,189510797,https://www.openstreetmap.org/changeset/189510797,way,1562031567,2026-09-24T18:02:20Z,Burkina Faso,outline crosses way 1504899745 (96% area overlap),tt_event
3632,crossing buildings,_EdOnGIS_,18455336,https://www.openstreetmap.org/#map=18/-0.577625/37.179110,189510676,https://www.openstreetmap.org/changeset/189510676,way,1562031033,2026-09-24T17:59:02Z,Kenya,outline crosses way 1562029984 (25% area overlap),tt_event
3634,node connected highway and building,micano30,24471628,https://www.openstreetmap.org/#map=18/-2.186536/30.158189,189510548,https://www.openstreetmap.org/changeset/189510548,node,14212550653,2026-09-24T17:56:04Z,Rwanda,shared by highway way 679488162 and building way 1562030363,tt_event
3636,crossing buildings,_EdOnGIS_,18455336,https://www.openstreetmap.org/#map=18/-0.577572/37.179289,189510461,https://www.openstreetmap.org/changeset/189510461,way,1562029977,2026-09-24T17:53:50Z,Kenya,outline crosses way 1563149451 (3% area overlap),tt_event
3637,crossing buildings,_EdOnGIS_,18455336,https://www.openstreetmap.org/#map=18/-0.577451/37.178986,189510461,https://www.openstreetmap.org/changeset/189510461,way,1562029985,2026-09-24T17:53:50Z,Kenya,outline crosses way 1563149453 (5% area overlap),tt_event
3638,crossing buildings,_EdOnGIS_,18455336,https://www.openstreetmap.org/#map=18/-0.577451/37.178986,189510461,https://www.openstreetmap.org/changeset/189510461,way,1562029985,2026-09-24T17:53:50Z,Kenya,outline crosses way 1563149454 (22% area overlap),tt_event
3642,node connected highway and building,googlenaut,519916,https://www.openstreetmap.org/#map=18/-1.478434/29.955984,189510258,https://www.openstreetmap.org/changeset/189510258,node,5824090790,2026-09-24T17:49:46Z,Rwanda,shared by highway way 678457701 and building way 615956312,tt_event
3643,node connected highway and building,googlenaut,519916,https://www.openstreetmap.org/#map=18/-1.475605/29.956672,189510258,https://www.openstreetmap.org/changeset/189510258,node,5827777415,2026-09-24T17:49:46Z,Rwanda,shared by highway way 1080869004 and building way 616375944,tt_event
3644,node connected highway and building,googlenaut,519916,https://www.openstreetmap.org/#map=18/-1.483579/29.953221,189510258,https://www.openstreetmap.org/changeset/189510258,node,5823224937,2026-09-24T17:49:46Z,Rwanda,shared by highway way 1247213212 and building way 615856852,tt_event
3651,node connected highway and building,googlenaut,519916,https://www.openstreetmap.org/#map=18/-1.436865/29.886228,189509859,https://www.openstreetmap.org/changeset/189509859,node,5827842321,2026-09-24T17:39:54Z,Rwanda,shared by highway way 1002053374 and building way 616387976,tt_event
3652,node connected highway and building,googlenaut,519916,https://www.openstreetmap.org/#map=18/-1.443908/29.877288,189509859,https://www.openstreetmap.org/changeset/189509859,node,5825233757,2026-09-24T17:39:54Z,Rwanda,shared by highway way 1053399411 and building way 616104890,tt_event
3653,node connected highway and building,googlenaut,519916,https://www.openstreetmap.org/#map=18/-1.443908/29.877288,189509859,https://www.openstreetmap.org/changeset/189509859,node,5886171407,2026-09-24T17:39:54Z,Rwanda,shared by highway way 1053399411 and building way 623246786,tt_event
3654,node connected highway and building,googlenaut,519916,https://www.openstreetmap.org/#map=18/-1.403608/29.892403,189509859,https://www.openstreetmap.org/changeset/189509859,node,5860291561,2026-09-24T17:39:54Z,Uganda,shared by highway way 1281452534 and building way 620248538,tt_event
3655,node connected highway and building,googlenaut,519916,https://www.openstreetmap.org/#map=18/-1.436897/29.876759,189509859,https://www.openstreetmap.org/changeset/189509859,node,5824223438,2026-09-24T17:39:54Z,Rwanda,shared by highway way 1436975593 and building way 615975986,tt_event
3656,node connected highway and building,googlenaut,519916,https://www.openstreetmap.org/#map=18/-1.436897/29.876759,189509859,https://www.openstreetmap.org/changeset/189509859,node,5864781000,2026-09-24T17:39:54Z,Rwanda,shared by highway way 1436975593 and building way 620770813,tt_event
3657,node connected highway and building,googlenaut,519916,https://www.openstreetmap.org/#map=18/-1.402888/29.877151,189509859,https://www.openstreetmap.org/changeset/189509859,node,5827778727,2026-09-24T17:39:54Z,Rwanda,shared by highway way 1436975600 and building way 616377671,tt_event
3658,node connected highway and building,googlenaut,519916,https://www.openstreetmap.org/#map=18/-1.409281/29.872395,189509859,https://www.openstreetmap.org/changeset/189509859,node,5823420329,2026-09-24T17:39:54Z,Rwanda,shared by highway way 1436975602 and building way 615872386,tt_event
3659,node connected highway and building,googlenaut,519916,https://www.openstreetmap.org/#map=18/-1.404974/29.876512,189509859,https://www.openstreetmap.org/changeset/189509859,node,5827348977,2026-09-24T17:39:54Z,Rwanda,shared by highway way 1436975603 and building way 616327417,tt_event
3667,node connected highway and building,judithmurage,17275323,https://www.openstreetmap.org/#map=18/-0.391824/35.285442,189509406,https://www.openstreetmap.org/changeset/189509406,node,8624803998,2026-09-24T17:27:16Z,Kenya,shared by highway way 930110740 and building way 930110721,tt_event
3669,node connected highway and building,googlenaut,519916,https://www.openstreetmap.org/#map=18/-1.481772/30.006856,189509388,https://www.openstreetmap.org/changeset/189509388,node,9906674414,2026-09-24T17:26:09Z,Rwanda,shared by highway way 1080841630 and building way 622959298,tt_event
3670,node connected highway and building,googlenaut,519916,https://www.openstreetmap.org/#map=18/-1.481772/30.006856,189509388,https://www.openstreetmap.org/changeset/189509388,node,5862723990,2026-09-24T17:26:09Z,Rwanda,shared by highway way 1080841630 and building way 620541667,tt_event
3671,duplicated node,tonny_mwendwa76,17266950,https://www.openstreetmap.org/#map=18/-0.607666/37.195607,189509345,https://www.openstreetmap.org/changeset/189509345,node,14212450572,2026-09-24T17:25:08Z,Kenya,within 0.02m of pre-existing node 14213092998,tt_event
3683,node connected highway and building,googlenaut,519916,https://www.openstreetmap.org/#map=18/-1.459651/30.004269,189508747,https://www.openstreetmap.org/changeset/189508747,node,5826257138,2026-09-24T17:09:33Z,Rwanda,shared by highway way 1444769169 and building way 616211026,tt_event
3685,crossing buildings,Anna Nicholson,24589797,https://www.openstreetmap.org/#map=18/-2.962701/37.558481,189512594,https://www.openstreetmap.org/changeset/189512594,way,1562042048,2026-09-24T18:47:42Z,Kenya,outline crosses way 627251800 (12% area overlap),tt_event
3686,crossing buildings,Anna Nicholson,24589797,https://www.openstreetmap.org/#map=18/-2.962883/37.558590,189512594,https://www.openstreetmap.org/changeset/189512594,way,1562042049,2026-09-24T18:47:42Z,Kenya,outline crosses way 1562042053 (2% area overlap),tt_event
3687,crossing buildings,Anna Nicholson,24589797,https://www.openstreetmap.org/#map=18/-2.965064/37.556848,189512594,https://www.openstreetmap.org/changeset/189512594,way,1562042092,2026-09-24T18:47:42Z,Kenya,outline crosses way 1562042093 (2% area overlap),tt_event
3688,crossing way,Anathalie36n,24379506,https://www.openstreetmap.org/#map=18/-2.296302/30.177462,189511791,https://www.openstreetmap.org/changeset/189511791,way,1562037372,2026-09-24T18:28:42Z,Rwanda,crosses way 1562037373 without a shared junction node,tt_event
3689,way end node near other way,Anathalie36n,24379506,https://www.openstreetmap.org/#map=18/-2.296300/30.177463,189511791,https://www.openstreetmap.org/changeset/189511791,node,14212606420,2026-09-24T18:28:42Z,Rwanda,0.12m from way 1562037372 but not connected to it,tt_event
3691,crossing buildings,Goodluck Michael,24398072,https://www.openstreetmap.org/#map=18/-6.380816/37.338089,189511628,https://www.openstreetmap.org/changeset/189511628,way,1562036585,2026-09-24T18:25:25Z,Tanzania,outline crosses way 1562059519 (69% area overlap),tt_event
3692,crossing buildings,Goodluck Michael,24398072,https://www.openstreetmap.org/#map=18/-6.380836/37.337959,189511628,https://www.openstreetmap.org/changeset/189511628,way,1562036587,2026-09-24T18:25:25Z,Tanzania,outline crosses way 1562059518 (97% area overlap),tt_event
3695,crossing highway,Anathalie36n,24379506,https://www.openstreetmap.org/#map=18/-2.295048/30.157543,189511288,https://www.openstreetmap.org/changeset/189511288,way,675929548,2026-09-24T18:15:35Z,Rwanda,crosses way 1562578247 without a shared junction node,tt_event
3699,node connected highway and building,micano30,24471628,https://www.openstreetmap.org/#map=18/-2.186536/30.158189,189511082,https://www.openstreetmap.org/changeset/189511082,node,14212550653,2026-09-24T18:09:19Z,Rwanda,shared by highway way 679488162 and building way 1562030363,tt_event
3702,node connected highway and building,wrobson,24534836,https://www.openstreetmap.org/#map=18/-2.161292/30.128685,189515209,https://www.openstreetmap.org/changeset/189515209,node,14137990566,2026-09-24T19:55:02Z,Rwanda,shared by highway way 677930405 and building way 1553949268,tt_event
3703,node connected highway and building,wrobson,24534836,https://www.openstreetmap.org/#map=18/-2.161292/30.128685,189515209,https://www.openstreetmap.org/changeset/189515209,node,14137990567,2026-09-24T19:55:02Z,Rwanda,shared by highway way 677930405 and building way 1553949268,tt_event
3704,node connected highway and building,wrobson,24534836,https://www.openstreetmap.org/#map=18/-2.194389/30.123811,189515209,https://www.openstreetmap.org/changeset/189515209,node,14222430427,2026-09-24T19:55:02Z,Rwanda,shared by highway way 1125669383 and building way 1562775810,tt_event
3705,node connected highway and building,wrobson,24534836,https://www.openstreetmap.org/#map=18/-2.194389/30.123811,189515209,https://www.openstreetmap.org/changeset/189515209,node,14222432939,2026-09-24T19:55:02Z,Rwanda,shared by highway way 1125669383 and building way 1562772586,tt_event
3706,node connected highway and building,wrobson,24534836,https://www.openstreetmap.org/#map=18/-2.194389/30.123811,189515209,https://www.openstreetmap.org/changeset/189515209,node,14222432938,2026-09-24T19:55:02Z,Rwanda,shared by highway way 1125669383 and building way 1562772586,tt_event
3707,node connected highway and building,wrobson,24534836,https://www.openstreetmap.org/#map=18/-2.189754/30.139214,189515209,https://www.openstreetmap.org/changeset/189515209,node,14202144430,2026-09-24T19:55:02Z,Rwanda,shared by highway way 1125677391 and building way 1560890150,tt_event
3708,crossing buildings,Jaspe Gentille,24313651,https://www.openstreetmap.org/#map=18/-1.311351/36.870074,189514801,https://www.openstreetmap.org/changeset/189514801,way,559097705,2026-09-24T19:43:35Z,Kenya,outline crosses way 1562435825 (11% area overlap),tt_event
3709,crossing buildings,Jaspe Gentille,24313651,https://www.openstreetmap.org/#map=18/-1.311351/36.870074,189514801,https://www.openstreetmap.org/changeset/189514801,way,559097705,2026-09-24T19:43:35Z,Kenya,outline crosses way 640015880 (9% area overlap),tt_event
3710,crossing buildings,Jaspe Gentille,24313651,https://www.openstreetmap.org/#map=18/-1.311351/36.870074,189514801,https://www.openstreetmap.org/changeset/189514801,way,559097705,2026-09-24T19:43:35Z,Kenya,outline crosses way 1562435826 (89% area overlap),tt_event
3711,crossing buildings,Jaspe Gentille,24313651,https://www.openstreetmap.org/#map=18/-1.310757/36.870053,189514801,https://www.openstreetmap.org/changeset/189514801,way,565083608,2026-09-24T19:43:35Z,Kenya,outline crosses way 602177813 (25% area overlap),tt_event
3712,node connected highway and building,Jaspe Gentille,24313651,https://www.openstreetmap.org/#map=18/-1.311793/36.870597,189514801,https://www.openstreetmap.org/changeset/189514801,node,5372371667,2026-09-24T19:43:35Z,Kenya,shared by highway way 637400084 and building way 557002381,tt_event
3713,node connected highway and building,Jaspe Gentille,24313651,https://www.openstreetmap.org/#map=18/-1.311793/36.870597,189514801,https://www.openstreetmap.org/changeset/189514801,node,5372371668,2026-09-24T19:43:35Z,Kenya,shared by highway way 637400084 and building way 557002381,tt_event
3714,crossing buildings,Athumani Msangi,24430799,https://www.openstreetmap.org/#map=18/-6.380837/37.337981,189514596,https://www.openstreetmap.org/changeset/189514596,way,1562059518,2026-09-24T19:36:15Z,Tanzania,outline crosses way 1562036587 (97% area overlap),tt_event
3715,crossing buildings,Athumani Msangi,24430799,https://www.openstreetmap.org/#map=18/-6.380850/37.338089,189514596,https://www.openstreetmap.org/changeset/189514596,way,1562059519,2026-09-24T19:36:15Z,Tanzania,outline crosses way 1562036585 (69% area overlap),tt_event
3716,duplicated node,Jaspe Gentille,24313651,https://www.openstreetmap.org/#map=18/-25.936865/32.600257,189514152,https://www.openstreetmap.org/changeset/189514152,node,14212839846,2026-09-24T19:24:31Z,Mozambique,within 0.01m of pre-existing node 4698715267,tt_event
3724,node connected highway and building,micano30,24471628,https://www.openstreetmap.org/#map=18/-2.186536/30.158189,189517476,https://www.openstreetmap.org/changeset/189517476,node,14212550653,2026-09-24T21:03:00Z,Rwanda,shared by highway way 679488162 and building way 1562030363,tt_event
3725,node connected highway and building,micano30,24471628,https://www.openstreetmap.org/#map=18/-2.186536/30.158189,189517399,https://www.openstreetmap.org/changeset/189517399,node,14212550653,2026-09-24T21:00:37Z,Rwanda,shared by highway way 679488162 and building way 1562030363,tt_event
3727,overlapping highway,James Bonya,23892865,https://www.openstreetmap.org/#map=18/-14.097755/33.922628,189517241,https://www.openstreetmap.org/changeset/189517241,way,460927493,2026-09-24T20:55:27Z,Malawi,runs alongside existing way 1562070866 (both 'residential') for 100% of its length,tt_event
3731,node connected highway and building,Gustavo22Soares,10460642,https://www.openstreetmap.org/#map=18/-4.259624/-41.764733,189517089,https://www.openstreetmap.org/changeset/189517089,node,13860636839,2026-09-24T20:50:46Z,Brazil,shared by highway way 375489425 and building way 1518726195,tt_event
3732,overlapping highway,James Bonya,23892865,https://www.openstreetmap.org/#map=18/-14.094840/33.922356,189516944,https://www.openstreetmap.org/changeset/189516944,way,1562069356,2026-09-24T20:46:07Z,Malawi,runs alongside existing way 1562069357 (both 'track') for 100% of its length,tt_event
3733,overlapping highway,James Bonya,23892865,https://www.openstreetmap.org/#map=18/-14.097124/33.920573,189516944,https://www.openstreetmap.org/changeset/189516944,way,460935297,2026-09-24T20:46:07Z,Malawi,runs alongside existing way 1562069360 (both 'residential') for 80% of its length,tt_event
3738,node connected highway and building,micano30,24471628,https://www.openstreetmap.org/#map=18/-2.186536/30.158189,189517877,https://www.openstreetmap.org/changeset/189517877,node,14212550653,2026-09-24T21:16:32Z,Rwanda,shared by highway way 679488162 and building way 1562030363,tt_event
3744,node connected highway and building,KingVik_TT,24345800,https://www.openstreetmap.org/#map=18/1.010028/33.794700,189520119,https://www.openstreetmap.org/changeset/189520119,node,8250146567,2026-09-24T23:00:46Z,Uganda,shared by highway way 920100460 and building way 887358548,tt_event
3745,node connected highway and building,KingVik_TT,24345800,https://www.openstreetmap.org/#map=18/1.007643/33.797159,189520119,https://www.openstreetmap.org/changeset/189520119,node,8250147634,2026-09-24T23:00:46Z,Uganda,shared by highway way 920100464 and building way 887358617,tt_event
3749,node connected highway and building,KingVik_TT,24345800,https://www.openstreetmap.org/#map=18/1.008035/33.728960,189520079,https://www.openstreetmap.org/changeset/189520079,node,8544450153,2026-09-24T22:58:02Z,Uganda,shared by highway way 920182198 and building way 920164901,tt_event
3750,node connected highway and building,KingVik_TT,24345800,https://www.openstreetmap.org/#map=18/1.008035/33.728960,189520079,https://www.openstreetmap.org/changeset/189520079,node,8544450229,2026-09-24T22:58:02Z,Uganda,shared by highway way 920182198 and building way 920164905,tt_event
3751,node connected highway and building,KingVik_TT,24345800,https://www.openstreetmap.org/#map=18/1.010493/33.739657,189520079,https://www.openstreetmap.org/changeset/189520079,node,8544455009,2026-09-24T22:58:02Z,Uganda,shared by highway way 920182213 and building way 920165554,tt_event
3752,node connected highway and building,KingVik_TT,24345800,https://www.openstreetmap.org/#map=18/1.008429/33.745422,189520079,https://www.openstreetmap.org/changeset/189520079,node,8544455338,2026-09-24T22:58:02Z,Uganda,shared by highway way 920182216 and building way 920165574,tt_event
3775,node connected highway and building,Gustavo22Soares,10460642,https://www.openstreetmap.org/#map=18/-4.259624/-41.764733,189519636,https://www.openstreetmap.org/changeset/189519636,node,13860636839,2026-09-24T22:31:38Z,Brazil,shared by highway way 375489425 and building way 1518726195,tt_event
3776,node connected highway and building,Gustavo22Soares,10460642,https://www.openstreetmap.org/#map=18/-4.259624/-41.764733,189519636,https://www.openstreetmap.org/changeset/189519636,node,13860636843,2026-09-24T22:31:38Z,Brazil,shared by highway way 375489425 and building way 1518726196,tt_event
3777,node connected highway and building,Gustavo22Soares,10460642,https://www.openstreetmap.org/#map=18/-4.259624/-41.764733,189519636,https://www.openstreetmap.org/changeset/189519636,node,13860636842,2026-09-24T22:31:38Z,Brazil,shared by highway way 375489425 and building way 1518726196,tt_event
3778,node connected highway and building,Gustavo22Soares,10460642,https://www.openstreetmap.org/#map=18/-4.259624/-41.764733,189519636,https://www.openstreetmap.org/changeset/189519636,node,13860636833,2026-09-24T22:31:38Z,Brazil,shared by highway way 375489425 and building way 1518726194,tt_event
3792,node connected highway and building,KingVik,7159298,https://www.openstreetmap.org/#map=18/0.568047/33.565873,189520931,https://www.openstreetmap.org/changeset/189520931,node,10899000494,2026-09-24T23:56:16Z,Uganda,shared by highway way 1428878036 and building way 1173010404,tt_event
3794,node connected highway and building,KingVik,7159298,https://www.openstreetmap.org/#map=18/0.632517/33.546150,189520924,https://www.openstreetmap.org/changeset/189520924,node,13104824793,2026-09-24T23:55:30Z,Uganda,shared by highway way 1425710358 and building way 1171539465,tt_event
3795,node connected highway and building,KingVik,7159298,https://www.openstreetmap.org/#map=18/0.565612/33.557008,189520924,https://www.openstreetmap.org/changeset/189520924,node,13135242965,2026-09-24T23:55:30Z,Uganda,shared by highway way 1428878035 and building way 1173037349,tt_event
3796,node connected highway and building,KingVik,7159298,https://www.openstreetmap.org/#map=18/0.568047/33.565873,189520924,https://www.openstreetmap.org/changeset/189520924,node,10899000494,2026-09-24T23:55:30Z,Uganda,shared by highway way 1428878036 and building way 1173010404,tt_event
3806,crossing highway,KingVik,7159298,https://www.openstreetmap.org/#map=18/0.514692/34.117797,189520810,https://www.openstreetmap.org/changeset/189520810,way,816688950,2026-09-24T23:46:21Z,Uganda,crosses way 816899184 without a shared junction node,tt_event
3821,node connected highway and building,KingVik,7159298,https://www.openstreetmap.org/#map=18/0.844364/33.837240,189520527,https://www.openstreetmap.org/changeset/189520527,node,13572708976,2026-09-24T23:27:19Z,Uganda,shared by highway way 1476499296 and building way 1479633466,tt_event
3843,overlapping highway,KennyDap,21660928,https://www.openstreetmap.org/#map=18/33.515162/126.521429,189524527,https://www.openstreetmap.org/changeset/189524527,way,1535132339,2026-09-25T03:57:39Z,South Korea,runs alongside existing way 1562110802 (both 'footway') for 100% of its length,tt_event
3844,overlapping highway,KennyDap,21660928,https://www.openstreetmap.org/#map=18/33.515162/126.521429,189524527,https://www.openstreetmap.org/changeset/189524527,way,1536335360,2026-09-25T03:57:39Z,South Korea,runs alongside existing way 1562110802 (both 'footway') for 100% of its length,tt_event
3846,node connected highway and building,KennyDap,21660928,https://www.openstreetmap.org/#map=18/33.514284/126.521955,189524527,https://www.openstreetmap.org/changeset/189524527,node,13942102170,2026-09-25T03:57:39Z,South Korea,shared by highway way 1529614141 and building way 371619784,tt_event
3847,node connected highway and building,KennyDap,21660928,https://www.openstreetmap.org/#map=18/33.513333/126.521616,189524527,https://www.openstreetmap.org/changeset/189524527,node,13942101962,2026-09-25T03:57:39Z,South Korea,shared by highway way 1530041999 and building way 288746175,tt_event
3848,node connected highway and building,KennyDap,21660928,https://www.openstreetmap.org/#map=18/33.515188/126.520931,189524527,https://www.openstreetmap.org/changeset/189524527,node,13987569712,2026-09-25T03:57:39Z,South Korea,shared by highway way 1535144760 and building way 1535144768,tt_event
3849,node connected highway and building,KennyDap,21660928,https://www.openstreetmap.org/#map=18/33.514822/126.521882,189524527,https://www.openstreetmap.org/changeset/189524527,node,14001214769,2026-09-25T03:57:39Z,South Korea,shared by highway way 1536986964 and building way 1151111605,tt_event
3850,node connected highway and building,KennyDap,21660928,https://www.openstreetmap.org/#map=18/33.514259/126.522093,189524527,https://www.openstreetmap.org/changeset/189524527,node,6787234556,2026-09-25T03:57:39Z,South Korea,shared by highway way 1537196410 and building way 371619785,tt_event
3851,node connected highway and building,KennyDap,21660928,https://www.openstreetmap.org/#map=18/33.513345/126.522407,189524527,https://www.openstreetmap.org/changeset/189524527,node,14002616380,2026-09-25T03:57:39Z,South Korea,shared by highway way 1537196418 and building way 1537196417,tt_event
3852,node connected highway and building,KennyDap,21660928,https://www.openstreetmap.org/#map=18/33.514494/126.522308,189524527,https://www.openstreetmap.org/changeset/189524527,node,13942102161,2026-09-25T03:57:39Z,South Korea,shared by highway way 1537331666 and building way 371619785,tt_event
3853,node connected highway and building,KennyDap,21660928,https://www.openstreetmap.org/#map=18/33.513899/126.522898,189524527,https://www.openstreetmap.org/changeset/189524527,node,14003679583,2026-09-25T03:57:39Z,South Korea,shared by highway way 1537341653 and building way 1537341612,tt_event
3854,node connected highway and building,KennyDap,21660928,https://www.openstreetmap.org/#map=18/33.513143/126.522832,189524527,https://www.openstreetmap.org/changeset/189524527,node,14020904038,2026-09-25T03:57:39Z,South Korea,shared by highway way 1539865775 and building way 1539865772,tt_event
3855,node connected highway and building,KennyDap,21660928,https://www.openstreetmap.org/#map=18/33.513160/126.522411,189524527,https://www.openstreetmap.org/changeset/189524527,node,14020904048,2026-09-25T03:57:39Z,South Korea,shared by highway way 1539865776 and building way 1539865773,tt_event
3856,overlapping highway,KennyDap,21660928,https://www.openstreetmap.org/#map=18/33.514996/126.521190,189524459,https://www.openstreetmap.org/changeset/189524459,way,1535132340,2026-09-25T03:53:56Z,South Korea,runs alongside existing way 1562110653 (both 'footway') for 100% of its length,tt_event
3857,overlapping highway,KennyDap,21660928,https://www.openstreetmap.org/#map=18/33.514996/126.521190,189524459,https://www.openstreetmap.org/changeset/189524459,way,1536335360,2026-09-25T03:53:56Z,South Korea,runs alongside existing way 1562110653 (both 'footway') for 100% of its length,tt_event
3861,node connected highway and building,KennyDap,21660928,https://www.openstreetmap.org/#map=18/33.514284/126.521955,189524459,https://www.openstreetmap.org/changeset/189524459,node,13942102170,2026-09-25T03:53:56Z,South Korea,shared by highway way 1529614141 and building way 371619784,tt_event
3862,node connected highway and building,KennyDap,21660928,https://www.openstreetmap.org/#map=18/33.513333/126.521616,189524459,https://www.openstreetmap.org/changeset/189524459,node,13942101962,2026-09-25T03:53:56Z,South Korea,shared by highway way 1530041999 and building way 288746175,tt_event
3863,node connected highway and building,KennyDap,21660928,https://www.openstreetmap.org/#map=18/33.514822/126.521882,189524459,https://www.openstreetmap.org/changeset/189524459,node,14001214769,2026-09-25T03:53:56Z,South Korea,shared by highway way 1536986964 and building way 1151111605,tt_event
3864,node connected highway and building,KennyDap,21660928,https://www.openstreetmap.org/#map=18/33.514259/126.522093,189524459,https://www.openstreetmap.org/changeset/189524459,node,6787234556,2026-09-25T03:53:56Z,South Korea,shared by highway way 1537196410 and building way 371619785,tt_event
3865,node connected highway and building,KennyDap,21660928,https://www.openstreetmap.org/#map=18/33.513345/126.522407,189524459,https://www.openstreetmap.org/changeset/189524459,node,14002616380,2026-09-25T03:53:56Z,South Korea,shared by highway way 1537196418 and building way 1537196417,tt_event
3866,node connected highway and building,KennyDap,21660928,https://www.openstreetmap.org/#map=18/33.514494/126.522308,189524459,https://www.openstreetmap.org/changeset/189524459,node,13942102161,2026-09-25T03:53:56Z,South Korea,shared by highway way 1537331666 and building way 371619785,tt_event
3867,node connected highway and building,KennyDap,21660928,https://www.openstreetmap.org/#map=18/33.513899/126.522898,189524459,https://www.openstreetmap.org/changeset/189524459,node,14003679583,2026-09-25T03:53:56Z,South Korea,shared by highway way 1537341653 and building way 1537341612,tt_event
3868,node connected highway and building,KennyDap,21660928,https://www.openstreetmap.org/#map=18/33.513143/126.522832,189524459,https://www.openstreetmap.org/changeset/189524459,node,14020904038,2026-09-25T03:53:56Z,South Korea,shared by highway way 1539865775 and building way 1539865772,tt_event
3869,node connected highway and building,KennyDap,21660928,https://www.openstreetmap.org/#map=18/33.513160/126.522411,189524459,https://www.openstreetmap.org/changeset/189524459,node,14020904048,2026-09-25T03:53:56Z,South Korea,shared by highway way 1539865776 and building way 1539865773,tt_event
3874,node connected highway and building,KennyDap,21660928,https://www.openstreetmap.org/#map=18/33.514284/126.521955,189524361,https://www.openstreetmap.org/changeset/189524361,node,13942102170,2026-09-25T03:47:44Z,South Korea,shared by highway way 1529614141 and building way 371619784,tt_event
3875,node connected highway and building,KennyDap,21660928,https://www.openstreetmap.org/#map=18/33.513333/126.521616,189524361,https://www.openstreetmap.org/changeset/189524361,node,13942101962,2026-09-25T03:47:44Z,South Korea,shared by highway way 1530041999 and building way 288746175,tt_event
3876,node connected highway and building,KennyDap,21660928,https://www.openstreetmap.org/#map=18/33.512961/126.524810,189524361,https://www.openstreetmap.org/changeset/189524361,node,13948509182,2026-09-25T03:47:44Z,South Korea,shared by highway way 1530453676 and building way 1530453675,tt_event
3877,node connected highway and building,KennyDap,21660928,https://www.openstreetmap.org/#map=18/33.512968/126.524827,189524361,https://www.openstreetmap.org/changeset/189524361,node,13948509185,2026-09-25T03:47:44Z,South Korea,shared by highway way 1530453677 and building way 1530453675,tt_event
3878,node connected highway and building,KennyDap,21660928,https://www.openstreetmap.org/#map=18/33.513269/126.524909,189524361,https://www.openstreetmap.org/changeset/189524361,node,13948566672,2026-09-25T03:47:44Z,South Korea,shared by highway way 1530460090 and building way 1530460089,tt_event
3879,node connected highway and building,KennyDap,21660928,https://www.openstreetmap.org/#map=18/33.513290/126.524899,189524361,https://www.openstreetmap.org/changeset/189524361,node,13948566675,2026-09-25T03:47:44Z,South Korea,shared by highway way 1530460091 and building way 1530460089,tt_event
3880,node connected highway and building,KennyDap,21660928,https://www.openstreetmap.org/#map=18/33.513332/126.524472,189524361,https://www.openstreetmap.org/changeset/189524361,node,13948566676,2026-09-25T03:47:44Z,South Korea,shared by highway way 1530460093 and building way 1530460092,tt_event
3881,node connected highway and building,KennyDap,21660928,https://www.openstreetmap.org/#map=18/33.513320/126.524447,189524361,https://www.openstreetmap.org/changeset/189524361,node,13948566679,2026-09-25T03:47:44Z,South Korea,shared by highway way 1530460094 and building way 1530460092,tt_event
3882,node connected highway and building,KennyDap,21660928,https://www.openstreetmap.org/#map=18/33.513033/126.524412,189524361,https://www.openstreetmap.org/changeset/189524361,node,13948566689,2026-09-25T03:47:44Z,South Korea,shared by highway way 1530460097 and building way 1530460095,tt_event
3883,node connected highway and building,KennyDap,21660928,https://www.openstreetmap.org/#map=18/33.513014/126.524429,189524361,https://www.openstreetmap.org/changeset/189524361,node,13948566693,2026-09-25T03:47:44Z,South Korea,shared by highway way 1530460098 and building way 1530460095,tt_event
3884,node connected highway and building,KennyDap,21660928,https://www.openstreetmap.org/#map=18/33.515420/126.525129,189524361,https://www.openstreetmap.org/changeset/189524361,node,13964369931,2026-09-25T03:47:44Z,South Korea,shared by highway way 1532210278 and building way 1532210277,tt_event
3885,node connected highway and building,KennyDap,21660928,https://www.openstreetmap.org/#map=18/33.515188/126.520931,189524361,https://www.openstreetmap.org/changeset/189524361,node,13987569712,2026-09-25T03:47:44Z,South Korea,shared by highway way 1535144760 and building way 1535144768,tt_event
3886,node connected highway and building,KennyDap,21660928,https://www.openstreetmap.org/#map=18/33.515286/126.524067,189524361,https://www.openstreetmap.org/changeset/189524361,node,13997696547,2026-09-25T03:47:44Z,South Korea,shared by highway way 1536798726 and building way 1536535818,tt_event
3887,node connected highway and building,KennyDap,21660928,https://www.openstreetmap.org/#map=18/33.513382/126.524082,189524361,https://www.openstreetmap.org/changeset/189524361,node,14000366201,2026-09-25T03:47:44Z,South Korea,shared by highway way 1536875566 and building way 375324386,tt_event
3888,node connected highway and building,KennyDap,21660928,https://www.openstreetmap.org/#map=18/33.513268/126.523680,189524361,https://www.openstreetmap.org/changeset/189524361,node,14000366243,2026-09-25T03:47:44Z,South Korea,shared by highway way 1536875574 and building way 1536875572,tt_event
3889,node connected highway and building,KennyDap,21660928,https://www.openstreetmap.org/#map=18/33.514822/126.521882,189524361,https://www.openstreetmap.org/changeset/189524361,node,14001214769,2026-09-25T03:47:44Z,South Korea,shared by highway way 1536986964 and building way 1151111605,tt_event
3890,node connected highway and building,KennyDap,21660928,https://www.openstreetmap.org/#map=18/33.514259/126.522093,189524361,https://www.openstreetmap.org/changeset/189524361,node,6787234556,2026-09-25T03:47:44Z,South Korea,shared by highway way 1537196410 and building way 371619785,tt_event
3891,node connected highway and building,KennyDap,21660928,https://www.openstreetmap.org/#map=18/33.513345/126.522407,189524361,https://www.openstreetmap.org/changeset/189524361,node,14002616380,2026-09-25T03:47:44Z,South Korea,shared by highway way 1537196418 and building way 1537196417,tt_event
3892,node connected highway and building,KennyDap,21660928,https://www.openstreetmap.org/#map=18/33.514494/126.522308,189524361,https://www.openstreetmap.org/changeset/189524361,node,13942102161,2026-09-25T03:47:44Z,South Korea,shared by highway way 1537331666 and building way 371619785,tt_event
3893,node connected highway and building,KennyDap,21660928,https://www.openstreetmap.org/#map=18/33.513281/126.523129,189524361,https://www.openstreetmap.org/changeset/189524361,node,14003679571,2026-09-25T03:47:44Z,South Korea,shared by highway way 1537341649 and building way 1537341646,tt_event
3894,node connected highway and building,KennyDap,21660928,https://www.openstreetmap.org/#map=18/33.513338/126.523082,189524361,https://www.openstreetmap.org/changeset/189524361,node,14003679580,2026-09-25T03:47:44Z,South Korea,shared by highway way 1537341651 and building way 371619786,tt_event
3895,node connected highway and building,KennyDap,21660928,https://www.openstreetmap.org/#map=18/33.513899/126.522898,189524361,https://www.openstreetmap.org/changeset/189524361,node,14003679583,2026-09-25T03:47:44Z,South Korea,shared by highway way 1537341653 and building way 1537341612,tt_event
3896,node connected highway and building,KennyDap,21660928,https://www.openstreetmap.org/#map=18/33.513126/126.523230,189524361,https://www.openstreetmap.org/changeset/189524361,node,14020904032,2026-09-25T03:47:44Z,South Korea,shared by highway way 1539865774 and building way 1539865769,tt_event
3897,node connected highway and building,KennyDap,21660928,https://www.openstreetmap.org/#map=18/33.513143/126.522832,189524361,https://www.openstreetmap.org/changeset/189524361,node,14020904038,2026-09-25T03:47:44Z,South Korea,shared by highway way 1539865775 and building way 1539865772,tt_event
3898,node connected highway and building,KennyDap,21660928,https://www.openstreetmap.org/#map=18/33.513160/126.522411,189524361,https://www.openstreetmap.org/changeset/189524361,node,14020904048,2026-09-25T03:47:44Z,South Korea,shared by highway way 1539865776 and building way 1539865773,tt_event
3899,node connected highway and building,KennyDap,21660928,https://www.openstreetmap.org/#map=18/33.513103/126.523673,189524361,https://www.openstreetmap.org/changeset/189524361,node,14022481266,2026-09-25T03:47:44Z,South Korea,shared by highway way 1540050100 and building way 1540050099,tt_event
3903,node connected highway and building,KennyDap,21660928,https://www.openstreetmap.org/#map=18/33.514284/126.521955,189524251,https://www.openstreetmap.org/changeset/189524251,node,13942102170,2026-09-25T03:41:23Z,South Korea,shared by highway way 1529614141 and building way 371619784,tt_event
3904,node connected highway and building,KennyDap,21660928,https://www.openstreetmap.org/#map=18/33.513333/126.521616,189524251,https://www.openstreetmap.org/changeset/189524251,node,13942101962,2026-09-25T03:41:23Z,South Korea,shared by highway way 1530041999 and building way 288746175,tt_event
3905,node connected highway and building,KennyDap,21660928,https://www.openstreetmap.org/#map=18/33.515188/126.520931,189524251,https://www.openstreetmap.org/changeset/189524251,node,13987569712,2026-09-25T03:41:23Z,South Korea,shared by highway way 1535144760 and building way 1535144768,tt_event
3906,node connected highway and building,KennyDap,21660928,https://www.openstreetmap.org/#map=18/33.514822/126.521882,189524251,https://www.openstreetmap.org/changeset/189524251,node,14001214769,2026-09-25T03:41:23Z,South Korea,shared by highway way 1536986964 and building way 1151111605,tt_event
3907,node connected highway and building,KennyDap,21660928,https://www.openstreetmap.org/#map=18/33.514259/126.522093,189524251,https://www.openstreetmap.org/changeset/189524251,node,6787234556,2026-09-25T03:41:23Z,South Korea,shared by highway way 1537196410 and building way 371619785,tt_event
3908,node connected highway and building,KennyDap,21660928,https://www.openstreetmap.org/#map=18/33.513345/126.522407,189524251,https://www.openstreetmap.org/changeset/189524251,node,14002616380,2026-09-25T03:41:23Z,South Korea,shared by highway way 1537196418 and building way 1537196417,tt_event
3909,node connected highway and building,KennyDap,21660928,https://www.openstreetmap.org/#map=18/33.514494/126.522308,189524251,https://www.openstreetmap.org/changeset/189524251,node,13942102161,2026-09-25T03:41:23Z,South Korea,shared by highway way 1537331666 and building way 371619785,tt_event
3910,node connected highway and building,KennyDap,21660928,https://www.openstreetmap.org/#map=18/33.513899/126.522898,189524251,https://www.openstreetmap.org/changeset/189524251,node,14003679583,2026-09-25T03:41:23Z,South Korea,shared by highway way 1537341653 and building way 1537341612,tt_event
3911,node connected highway and building,KennyDap,21660928,https://www.openstreetmap.org/#map=18/33.513143/126.522832,189524251,https://www.openstreetmap.org/changeset/189524251,node,14020904038,2026-09-25T03:41:23Z,South Korea,shared by highway way 1539865775 and building way 1539865772,tt_event
3912,node connected highway and building,KennyDap,21660928,https://www.openstreetmap.org/#map=18/33.513160/126.522411,189524251,https://www.openstreetmap.org/changeset/189524251,node,14020904048,2026-09-25T03:41:23Z,South Korea,shared by highway way 1539865776 and building way 1539865773,tt_event
3933,node connected highway and building,Mattplaysthedrums,24358710,https://www.openstreetmap.org/#map=18/-2.194389/30.123811,189526976,https://www.openstreetmap.org/changeset/189526976,node,14222430427,2026-09-25T05:53:09Z,Rwanda,shared by highway way 1125669383 and building way 1562775810,tt_event
3934,node connected highway and building,Mattplaysthedrums,24358710,https://www.openstreetmap.org/#map=18/-2.194389/30.123811,189526976,https://www.openstreetmap.org/changeset/189526976,node,14222432939,2026-09-25T05:53:09Z,Rwanda,shared by highway way 1125669383 and building way 1562772586,tt_event
3935,node connected highway and building,Mattplaysthedrums,24358710,https://www.openstreetmap.org/#map=18/-2.194389/30.123811,189526976,https://www.openstreetmap.org/changeset/189526976,node,14222432938,2026-09-25T05:53:09Z,Rwanda,shared by highway way 1125669383 and building way 1562772586,tt_event
3942,node connected highway and building,samrat02,13255920,https://www.openstreetmap.org/#map=18/26.637461/94.045322,189526216,https://www.openstreetmap.org/changeset/189526216,node,12611729570,2026-09-25T05:20:58Z,India,shared by highway way 1459241062 and building way 1362144020,tt_event
3944,crossing highway,MugerwaHukasha,22684025,https://www.openstreetmap.org/#map=18/-2.972756/37.594010,189528846,https://www.openstreetmap.org/changeset/189528846,way,1562133851,2026-09-25T06:50:12Z,Kenya,crosses way 706391855 without a shared junction node,tt_event
3946,crossing buildings,MugerwaHukasha,22684025,https://www.openstreetmap.org/#map=18/-2.970464/37.590822,189528813,https://www.openstreetmap.org/changeset/189528813,way,1562133795,2026-09-25T06:49:08Z,Kenya,outline crosses way 657967065 (19% area overlap),tt_event
3948,crossing buildings,maymarsee,24591140,https://www.openstreetmap.org/#map=18/-2.212933/30.118753,189530509,https://www.openstreetmap.org/changeset/189530509,way,1562140396,2026-09-25T07:40:18Z,Rwanda,outline crosses way 1562140397 (6% area overlap),tt_event
3949,unclear changeset comment,Amol_Pawar,24098318,https://www.openstreetmap.org/#map=18/20.706767/77.004440,189764665,https://www.openstreetmap.org/changeset/189764665,changeset,189764665,2026-09-30T09:34:27Z,India,changeset 189764665: comment too short to be informative: 'POI added',tt_event
3950,unclear changeset comment,Amol_Pawar,24098318,https://www.openstreetmap.org/#map=18/20.706825/77.003918,189764567,https://www.openstreetmap.org/changeset/189764567,changeset,189764567,2026-09-30T09:32:11Z,India,changeset 189764567: comment too short to be informative: 'POI added',tt_event
3951,unclear changeset comment,Amol_Pawar,24098318,https://www.openstreetmap.org/#map=18/20.706032/77.002537,189764152,https://www.openstreetmap.org/changeset/189764152,changeset,189764152,2026-09-30T09:22:03Z,India,changeset 189764152: comment too short to be informative: 'POI added',tt_event
3952,unclear changeset comment,Amol_Pawar,24098318,https://www.openstreetmap.org/#map=18/20.706127/77.002512,189764090,https://www.openstreetmap.org/changeset/189764090,changeset,189764090,2026-09-30T09:20:50Z,India,changeset 189764090: comment too short to be informative: 'POI added',tt_event
3953,unclear changeset comment,Amol_Pawar,24098318,https://www.openstreetmap.org/#map=18/20.706596/77.003332,189763941,https://www.openstreetmap.org/changeset/189763941,changeset,189763941,2026-09-30T09:17:13Z,India,changeset 189763941: comment too short to be informative: 'POI added',tt_event
3954,unclear changeset comment,Amol_Pawar,24098318,https://www.openstreetmap.org/#map=18/20.706909/77.003255,189763857,https://www.openstreetmap.org/changeset/189763857,changeset,189763857,2026-09-30T09:15:00Z,India,changeset 189763857: comment too short to be informative: 'POI added',tt_event
3955,unclear changeset comment,Amol_Pawar,24098318,https://www.openstreetmap.org/#map=18/20.706837/77.003352,189763710,https://www.openstreetmap.org/changeset/189763710,changeset,189763710,2026-09-30T09:12:04Z,India,changeset 189763710: comment too short to be informative: 'POI added',tt_event
3956,unclear changeset comment,Amol_Pawar,24098318,https://www.openstreetmap.org/#map=18/20.706780/77.003259,189763582,https://www.openstreetmap.org/changeset/189763582,changeset,189763582,2026-09-30T09:08:56Z,India,changeset 189763582: comment too short to be informative: 'POI added',tt_event
3957,unclear changeset comment,Amol_Pawar,24098318,https://www.openstreetmap.org/#map=18/20.706525/77.004428,189764800,https://www.openstreetmap.org/changeset/189764800,changeset,189764800,2026-09-30T09:37:16Z,India,changeset 189764800: comment too short to be informative: 'POI added',tt_event
3958,unclear changeset comment,Amol_Pawar,24098318,https://www.openstreetmap.org/#map=18/20.703425/76.998304,189768384,https://www.openstreetmap.org/changeset/189768384,changeset,189768384,2026-09-30T10:58:07Z,India,changeset 189768384: comment too short to be informative: 'POI added',tt_event
3959,unclear changeset comment,Amol_Pawar,24098318,https://www.openstreetmap.org/#map=18/20.697201/77.004511,189769516,https://www.openstreetmap.org/changeset/189769516,changeset,189769516,2026-09-30T11:24:56Z,India,changeset 189769516: comment too short to be informative: 'POI added',tt_event
3960,unclear changeset comment,Amol_Pawar,24098318,https://www.openstreetmap.org/#map=18/20.697487/77.004331,189769643,https://www.openstreetmap.org/changeset/189769643,changeset,189769643,2026-09-30T11:27:19Z,India,changeset 189769643: comment too short to be informative: 'POI added',tt_event
3961,unclear changeset comment,Amol_Pawar,24098318,https://www.openstreetmap.org/#map=18/20.696879/77.005530,189769902,https://www.openstreetmap.org/changeset/189769902,changeset,189769902,2026-09-30T11:33:35Z,India,changeset 189769902: comment too short to be informative: 'POI added',tt_event
3962,unclear changeset comment,Amol_Pawar,24098318,https://www.openstreetmap.org/#map=18/20.698839/77.004367,189770378,https://www.openstreetmap.org/changeset/189770378,changeset,189770378,2026-09-30T11:46:21Z,India,changeset 189770378: comment too short to be informative: 'POI added',tt_event
3963,unclear changeset comment,Amol_Pawar,24098318,https://www.openstreetmap.org/#map=18/20.701888/77.004792,189770940,https://www.openstreetmap.org/changeset/189770940,changeset,189770940,2026-09-30T11:57:42Z,India,changeset 189770940: comment too short to be informative: 'POI added',tt_event
3964,crossing buildings,wrobson,24534836,https://www.openstreetmap.org/#map=18/-2.172889/30.133329,189530005,https://www.openstreetmap.org/changeset/189530005,way,1562138531,2026-09-25T07:25:35Z,Rwanda,outline crosses way 1561968709 (95% area overlap),tt_event
3965,crossing buildings,wrobson,24534836,https://www.openstreetmap.org/#map=18/-2.173128/30.133783,189530005,https://www.openstreetmap.org/changeset/189530005,way,1562138532,2026-09-25T07:25:35Z,Rwanda,outline crosses way 1561968707 (95% area overlap),tt_event
3966,unclear changeset comment,Amol_Pawar,24098318,https://www.openstreetmap.org/#map=18/20.701819/77.005143,189771139,https://www.openstreetmap.org/changeset/189771139,changeset,189771139,2026-09-30T12:02:53Z,India,changeset 189771139: comment too short to be informative: 'POI added',tt_event
3967,unclear changeset comment,Amol_Pawar,24098318,https://www.openstreetmap.org/#map=18/20.701581/77.005514,189771417,https://www.openstreetmap.org/changeset/189771417,changeset,189771417,2026-09-30T12:09:08Z,India,changeset 189771417: comment too short to be informative: 'POI added',tt_event
3968,unclear changeset comment,Amol_Pawar,24098318,https://www.openstreetmap.org/#map=18/20.701792/77.005143,189771305,https://www.openstreetmap.org/changeset/189771305,changeset,189771305,2026-09-30T12:06:52Z,India,changeset 189771305: comment too short to be informative: 'POI added',tt_event
3969,unclear changeset comment,Amol_Pawar,24098318,https://www.openstreetmap.org/#map=18/20.700666/77.007895,189773243,https://www.openstreetmap.org/changeset/189773243,changeset,189773243,2026-09-30T12:44:45Z,India,changeset 189773243: comment too short to be informative: 'POI added',tt_event
3970,unclear changeset comment,Amol_Pawar,24098318,https://www.openstreetmap.org/#map=18/20.700325/77.007812,189774153,https://www.openstreetmap.org/changeset/189774153,changeset,189774153,2026-09-30T13:05:19Z,India,changeset 189774153: comment too short to be informative: 'POI added',tt_event
3971,unclear changeset comment,Amol_Pawar,24098318,https://www.openstreetmap.org/#map=18/20.700367/77.007761,189774045,https://www.openstreetmap.org/changeset/189774045,changeset,189774045,2026-09-30T13:02:44Z,India,changeset 189774045: comment too short to be informative: 'POI added',tt_event
3972,node connected highway and building,AdrianP41,23423772,https://www.openstreetmap.org/#map=18/43.139975/20.478591,189529673,https://www.openstreetmap.org/changeset/189529673,node,13585136393,2026-09-25T07:16:06Z,Serbia,shared by highway way 301896666 and building way 1481155085,tt_event
3973,node connected highway and building,AdrianP41,23423772,https://www.openstreetmap.org/#map=18/43.139975/20.478591,189529673,https://www.openstreetmap.org/changeset/189529673,node,13585136394,2026-09-25T07:16:06Z,Serbia,shared by highway way 301896666 and building way 1481155085,tt_event
3974,node connected highway and building,AdrianP41,23423772,https://www.openstreetmap.org/#map=18/43.140872/20.476864,189529673,https://www.openstreetmap.org/changeset/189529673,node,13585094437,2026-09-25T07:16:06Z,Serbia,shared by highway way 301896668 and building way 1481151372,tt_event
3975,node connected highway and building,AdrianP41,23423772,https://www.openstreetmap.org/#map=18/43.139919/20.485813,189529673,https://www.openstreetmap.org/changeset/189529673,node,14156203420,2026-09-25T07:16:06Z,Serbia,shared by highway way 1556444266 and building way 1534707768,tt_event
3976,node connected highway and building,AdrianP41,23423772,https://www.openstreetmap.org/#map=18/43.139919/20.485813,189529673,https://www.openstreetmap.org/changeset/189529673,node,14156203421,2026-09-25T07:16:06Z,Serbia,shared by highway way 1556444266 and building way 1534707768,tt_event
3977,unclear changeset comment,Amol_Pawar,24098318,https://www.openstreetmap.org/#map=18/20.696700/77.011814,189775135,https://www.openstreetmap.org/changeset/189775135,changeset,189775135,2026-09-30T13:24:25Z,India,changeset 189775135: comment too short to be informative: 'POI added',tt_event
3978,unclear changeset comment,Amol_Pawar,24098318,https://www.openstreetmap.org/#map=18/20.696545/77.011970,189775415,https://www.openstreetmap.org/changeset/189775415,changeset,189775415,2026-09-30T13:30:10Z,India,changeset 189775415: comment too short to be informative: 'POI added',tt_event
3979,unclear changeset comment,Amol_Pawar,24098318,https://www.openstreetmap.org/#map=18/20.696486/77.012001,189775296,https://www.openstreetmap.org/changeset/189775296,changeset,189775296,2026-09-30T13:27:24Z,India,changeset 189775296: comment too short to be informative: 'POI added',tt_event
3980,node connected highway and building,AdrianP41,23423772,https://www.openstreetmap.org/#map=18/43.139975/20.478591,189529462,https://www.openstreetmap.org/changeset/189529462,node,13585136393,2026-09-25T07:09:35Z,Serbia,shared by highway way 301896666 and building way 1481155085,tt_event
3981,node connected highway and building,AdrianP41,23423772,https://www.openstreetmap.org/#map=18/43.139975/20.478591,189529462,https://www.openstreetmap.org/changeset/189529462,node,13585136394,2026-09-25T07:09:35Z,Serbia,shared by highway way 301896666 and building way 1481155085,tt_event
3982,node connected highway and building,AdrianP41,23423772,https://www.openstreetmap.org/#map=18/43.140872/20.476864,189529462,https://www.openstreetmap.org/changeset/189529462,node,13585094437,2026-09-25T07:09:35Z,Serbia,shared by highway way 301896668 and building way 1481151372,tt_event
3983,node connected highway and building,AdrianP41,23423772,https://www.openstreetmap.org/#map=18/43.139919/20.485813,189529462,https://www.openstreetmap.org/changeset/189529462,node,14156203420,2026-09-25T07:09:35Z,Serbia,shared by highway way 1556444266 and building way 1534707768,tt_event
3984,node connected highway and building,AdrianP41,23423772,https://www.openstreetmap.org/#map=18/43.139919/20.485813,189529462,https://www.openstreetmap.org/changeset/189529462,node,14156203421,2026-09-25T07:09:35Z,Serbia,shared by highway way 1556444266 and building way 1534707768,tt_event
3985,unclear changeset comment,Amol_Pawar,24098318,https://www.openstreetmap.org/#map=18/20.696454/77.011577,189775752,https://www.openstreetmap.org/changeset/189775752,changeset,189775752,2026-09-30T13:37:15Z,India,changeset 189775752: comment too short to be informative: 'POI added',tt_event
3986,unclear changeset comment,Amol_Pawar,24098318,https://www.openstreetmap.org/#map=18/20.696354/77.011525,189775679,https://www.openstreetmap.org/changeset/189775679,changeset,189775679,2026-09-30T13:35:40Z,India,changeset 189775679: comment too short to be informative: 'POI added',tt_event
3987,unclear changeset comment,Amol_Pawar,24098318,https://www.openstreetmap.org/#map=18/20.696384/77.011546,189776229,https://www.openstreetmap.org/changeset/189776229,changeset,189776229,2026-09-30T13:48:08Z,India,changeset 189776229: comment too short to be informative: 'POI added',tt_event
3988,unclear changeset comment,Amol_Pawar,24098318,https://www.openstreetmap.org/#map=18/20.695192/77.013389,189777251,https://www.openstreetmap.org/changeset/189777251,changeset,189777251,2026-09-30T14:10:13Z,India,changeset 189777251: comment too short to be informative: 'POI added',tt_event
3989,unclear changeset comment,Amol_Pawar,24098318,https://www.openstreetmap.org/#map=18/20.696992/77.013291,189777827,https://www.openstreetmap.org/changeset/189777827,changeset,189777827,2026-09-30T14:23:25Z,India,changeset 189777827: comment too short to be informative: 'POI added',tt_event
3990,feature mapped without primary tag,Aleksandar B Gudzhunov,24606498,https://www.openstreetmap.org/#map=18/40.740779/31.611506,189778048,https://www.openstreetmap.org/changeset/189778048,node,10861102011,2026-09-30T14:28:18Z,Turkey,node 10861102011: tags present but none are a primary key: ['name'],tt_event
3991,unclear changeset comment,Amol_Pawar,24098318,https://www.openstreetmap.org/#map=18/20.696524/77.013190,189778016,https://www.openstreetmap.org/changeset/189778016,changeset,189778016,2026-09-30T14:27:33Z,India,changeset 189778016: comment too short to be informative: 'POI added',tt_event
3992,feature mapped without primary tag,Sahar Mustafa 2025,22359261,https://www.openstreetmap.org/#map=18/-9.753417/28.756660,189778705,https://www.openstreetmap.org/changeset/189778705,node,4364838139,2026-09-30T14:41:09Z,Zambia,node 4364838139: tags present but none are a primary key: ['source'],tt_event
3993,feature mapped without primary tag,Sahar Mustafa 2025,22359261,https://www.openstreetmap.org/#map=18/-9.753412/28.756708,189778705,https://www.openstreetmap.org/changeset/189778705,node,4364838140,2026-09-30T14:41:09Z,Zambia,node 4364838140: tags present but none are a primary key: ['source'],tt_event
3994,feature mapped without primary tag,Sahar Mustafa 2025,22359261,https://www.openstreetmap.org/#map=18/-9.753464/28.756665,189778705,https://www.openstreetmap.org/changeset/189778705,node,4364838141,2026-09-30T14:41:09Z,Zambia,node 4364838141: tags present but none are a primary key: ['source'],tt_event
3995,feature mapped without primary tag,Sahar Mustafa 2025,22359261,https://www.openstreetmap.org/#map=18/-9.753459/28.756713,189778705,https://www.openstreetmap.org/changeset/189778705,node,4364838142,2026-09-30T14:41:09Z,Zambia,node 4364838142: tags present but none are a primary key: ['source'],tt_event
3996,unclear changeset comment,Amol_Pawar,24098318,https://www.openstreetmap.org/#map=18/20.696985/77.014050,189778680,https://www.openstreetmap.org/changeset/189778680,changeset,189778680,2026-09-30T14:40:36Z,India,changeset 189778680: comment too short to be informative: 'POI added',tt_event
3997,unclear changeset comment,Amol_Pawar,24098318,https://www.openstreetmap.org/#map=18/20.696968/77.014043,189778997,https://www.openstreetmap.org/changeset/189778997,changeset,189778997,2026-09-30T14:47:18Z,India,changeset 189778997: comment too short to be informative: 'POI added',tt_event
3998,unclear changeset comment,Amol_Pawar,24098318,https://www.openstreetmap.org/#map=18/20.697154/77.014026,189779228,https://www.openstreetmap.org/changeset/189779228,changeset,189779228,2026-09-30T14:52:21Z,India,changeset 189779228: comment too short to be informative: 'POI added',tt_event
3999,unclear changeset comment,Amol_Pawar,24098318,https://www.openstreetmap.org/#map=18/20.697349/77.014514,189779624,https://www.openstreetmap.org/changeset/189779624,changeset,189779624,2026-09-30T15:00:09Z,India,changeset 189779624: comment too short to be informative: 'POI added',tt_event
4000,unclear changeset comment,Amol_Pawar,24098318,https://www.openstreetmap.org/#map=18/20.697711/77.014946,189779836,https://www.openstreetmap.org/changeset/189779836,changeset,189779836,2026-09-30T15:05:20Z,India,changeset 189779836: comment too short to be informative: 'POI added',tt_event
4001,unclear changeset comment,Amol_Pawar,24098318,https://www.openstreetmap.org/#map=18/20.698456/77.014901,189780180,https://www.openstreetmap.org/changeset/189780180,changeset,189780180,2026-09-30T15:13:26Z,India,changeset 189780180: comment too short to be informative: 'POI added',tt_event
4002,unclear changeset comment,Amol_Pawar,24098318,https://www.openstreetmap.org/#map=18/20.698336/77.014846,189780086,https://www.openstreetmap.org/changeset/189780086,changeset,189780086,2026-09-30T15:11:13Z,India,changeset 189780086: comment too short to be informative: 'POI added',tt_event
4003,unclear changeset comment,Amol_Pawar,24098318,https://www.openstreetmap.org/#map=18/20.699137/77.016543,189780452,https://www.openstreetmap.org/changeset/189780452,changeset,189780452,2026-09-30T15:19:41Z,India,changeset 189780452: comment too short to be informative: 'POI added',tt_event
4004,unclear changeset comment,Amol_Pawar,24098318,https://www.openstreetmap.org/#map=18/20.698310/77.016797,189780635,https://www.openstreetmap.org/changeset/189780635,changeset,189780635,2026-09-30T15:23:36Z,India,changeset 189780635: comment too short to be informative: 'POI added',tt_event
4005,unclear changeset comment,Amol_Pawar,24098318,https://www.openstreetmap.org/#map=18/20.698456/77.017430,189780930,https://www.openstreetmap.org/changeset/189780930,changeset,189780930,2026-09-30T15:29:43Z,India,changeset 189780930: comment too short to be informative: 'POI added',tt_event
4006,unclear changeset comment,Amol_Pawar,24098318,https://www.openstreetmap.org/#map=18/20.698575/77.017215,189780800,https://www.openstreetmap.org/changeset/189780800,changeset,189780800,2026-09-30T15:26:50Z,India,changeset 189780800: comment too short to be informative: 'POI added',tt_event
4007,unclear changeset comment,Amol_Pawar,24098318,https://www.openstreetmap.org/#map=18/20.698477/77.017507,189781201,https://www.openstreetmap.org/changeset/189781201,changeset,189781201,2026-09-30T15:34:18Z,India,changeset 189781201: comment too short to be informative: 'POI added',tt_event
4008,unclear changeset comment,Amol_Pawar,24098318,https://www.openstreetmap.org/#map=18/20.698523/77.017337,189781378,https://www.openstreetmap.org/changeset/189781378,changeset,189781378,2026-09-30T15:38:34Z,India,changeset 189781378: comment too short to be informative: 'POI added',tt_event
4009,unclear changeset comment,Amol_Pawar,24098318,https://www.openstreetmap.org/#map=18/20.703372/77.011265,189781945,https://www.openstreetmap.org/changeset/189781945,changeset,189781945,2026-09-30T15:49:09Z,India,changeset 189781945: comment too short to be informative: 'POI added',tt_event
4010,unclear changeset comment,Amol_Pawar,24098318,https://www.openstreetmap.org/#map=18/20.701022/77.010886,189782536,https://www.openstreetmap.org/changeset/189782536,changeset,189782536,2026-09-30T16:01:14Z,India,changeset 189782536: comment too short to be informative: 'POI added',tt_event
4011,unclear changeset comment,Amol_Pawar,24098318,https://www.openstreetmap.org/#map=18/20.704111/77.010940,189782703,https://www.openstreetmap.org/changeset/189782703,changeset,189782703,2026-09-30T16:04:41Z,India,changeset 189782703: comment too short to be informative: 'POI added',tt_event
4012,unclear changeset comment,Amol_Pawar,24098318,https://www.openstreetmap.org/#map=18/20.703526/77.010002,189782946,https://www.openstreetmap.org/changeset/189782946,changeset,189782946,2026-09-30T16:10:20Z,India,changeset 189782946: comment too short to be informative: 'POI added',tt_event
4013,unclear changeset comment,Amol_Pawar,24098318,https://www.openstreetmap.org/#map=18/20.706208/77.006651,189783430,https://www.openstreetmap.org/changeset/189783430,changeset,189783430,2026-09-30T16:20:50Z,India,changeset 189783430: comment too short to be informative: 'POI added',tt_event
4014,unclear changeset comment,Amol_Pawar,24098318,https://www.openstreetmap.org/#map=18/20.706070/77.006792,189783349,https://www.openstreetmap.org/changeset/189783349,changeset,189783349,2026-09-30T16:18:47Z,India,changeset 189783349: comment too short to be informative: 'POI added',tt_event
4015,unclear changeset comment,Amol_Pawar,24098318,https://www.openstreetmap.org/#map=18/20.706241/77.006255,189783577,https://www.openstreetmap.org/changeset/189783577,changeset,189783577,2026-09-30T16:24:02Z,India,changeset 189783577: comment too short to be informative: 'POI added',tt_event
4016,crossing buildings,NLBRT,18152274,https://www.openstreetmap.org/#map=18/12.942883/77.597873,189538595,https://www.openstreetmap.org/changeset/189538595,way,1298074035,2026-09-25T11:04:48Z,India,outline crosses way 1432276139 (5% area overlap),tt_event
4017,node connected highway and building,Silurian,24486064,https://www.openstreetmap.org/#map=18/-2.212251/30.130538,189538397,https://www.openstreetmap.org/changeset/189538397,node,14222430423,2026-09-25T11:00:19Z,Rwanda,shared by highway way 676767122 and building way 1562775809,tt_event
4018,node connected highway and building,Silurian,24486064,https://www.openstreetmap.org/#map=18/-2.199998/30.123462,189538397,https://www.openstreetmap.org/changeset/189538397,node,14209563074,2026-09-25T11:00:19Z,Rwanda,shared by highway way 676786131 and building way 1561732395,tt_event
4019,node connected highway and building,Silurian,24486064,https://www.openstreetmap.org/#map=18/-2.199998/30.123462,189538397,https://www.openstreetmap.org/changeset/189538397,node,14209563075,2026-09-25T11:00:19Z,Rwanda,shared by highway way 676786131 and building way 1561732395,tt_event
4020,node connected highway and building,Silurian,24486064,https://www.openstreetmap.org/#map=18/-2.199890/30.123677,189538397,https://www.openstreetmap.org/changeset/189538397,node,14209563002,2026-09-25T11:00:19Z,Rwanda,shared by highway way 676786136 and building way 1561732379,tt_event
4021,node connected highway and building,Silurian,24486064,https://www.openstreetmap.org/#map=18/-2.199890/30.123677,189538397,https://www.openstreetmap.org/changeset/189538397,node,14209562969,2026-09-25T11:00:19Z,Rwanda,shared by highway way 676786136 and building way 1561732374,tt_event
4022,node connected highway and building,Silurian,24486064,https://www.openstreetmap.org/#map=18/-2.199890/30.123677,189538397,https://www.openstreetmap.org/changeset/189538397,node,14209562968,2026-09-25T11:00:19Z,Rwanda,shared by highway way 676786136 and building way 1561732374,tt_event
4023,node connected highway and building,Silurian,24486064,https://www.openstreetmap.org/#map=18/-2.194389/30.123811,189538397,https://www.openstreetmap.org/changeset/189538397,node,14222430427,2026-09-25T11:00:19Z,Rwanda,shared by highway way 1125669383 and building way 1562775810,tt_event
4024,unclear changeset comment,Amol_Pawar,24098318,https://www.openstreetmap.org/#map=18/20.705416/77.005808,189785265,https://www.openstreetmap.org/changeset/189785265,changeset,189785265,2026-09-30T16:59:58Z,India,changeset 189785265: comment too short to be informative: 'POI added',tt_event
4025,crossing highway,MugerwaHukasha,22684025,https://www.openstreetmap.org/#map=18/-2.968492/37.530375,189536840,https://www.openstreetmap.org/changeset/189536840,way,642571204,2026-09-25T10:25:01Z,Tanzania,crosses way 1563033102 without a shared junction node,tt_event
4026,crossing highway,Alexander182,20458327,https://www.openstreetmap.org/#map=18/-2.280933/30.183413,189541006,https://www.openstreetmap.org/changeset/189541006,way,1562180335,2026-09-25T12:00:16Z,Rwanda,crosses way 1563067410 without a shared junction node,tt_event
4027,floating highway,Klariskakryska,24542195,https://www.openstreetmap.org/#map=18/-13.789112/33.344193,189539745,https://www.openstreetmap.org/changeset/189539745,way,682861899,2026-09-25T11:30:00Z,Malawi,way 682861899: neither endpoint connects to any other highway -- isolated from the road network,tt_event
4028,building inside building,Jakub Vidlak,24542199,https://www.openstreetmap.org/#map=18/-2.929050/37.468918,189539703,https://www.openstreetmap.org/changeset/189539703,way,1562175250,2026-09-25T11:28:37Z,Kenya,fully contained with/containing way 1562910691,tt_event
4029,node connected highway and building,Jakub Vidlak,24542199,https://www.openstreetmap.org/#map=18/-2.932258/37.469799,189539703,https://www.openstreetmap.org/changeset/189539703,node,6504320320,2026-09-25T11:28:37Z,Kenya,shared by highway way 660946760 and building way 692804747,tt_event
4030,crossing buildings,kajan47,24592312,https://www.openstreetmap.org/#map=18/-15.371288/28.392923,189539571,https://www.openstreetmap.org/changeset/189539571,way,1562174983,2026-09-25T11:25:23Z,Zambia,outline crosses way 652831693 (3% area overlap),tt_event
4031,crossing highway,Mattplaysthedrums,24358710,https://www.openstreetmap.org/#map=18/-2.200844/30.153582,189544051,https://www.openstreetmap.org/changeset/189544051,way,678127889,2026-09-25T13:04:24Z,Rwanda,crosses way 1562197790 without a shared junction node,tt_event
4032,node connected highway and building,Jaspe Gentille,24313651,https://www.openstreetmap.org/#map=18/-1.315757/36.865244,189543523,https://www.openstreetmap.org/changeset/189543523,node,13333882891,2026-09-25T12:54:48Z,Kenya,shared by highway way 138701751 and building way 1453910969,tt_event
4033,node connected highway and building,Jaspe Gentille,24313651,https://www.openstreetmap.org/#map=18/-1.315757/36.865244,189543523,https://www.openstreetmap.org/changeset/189543523,node,13333920411,2026-09-25T12:54:48Z,Kenya,shared by highway way 138701751 and building way 1453910973,tt_event
4034,floating highway,Dnyaneshwarisolanke,23613325,https://www.openstreetmap.org/#map=18/31.308538/77.881702,189543417,https://www.openstreetmap.org/changeset/189543417,way,1036531635,2026-09-25T12:53:13Z,India,way 1036531635: neither endpoint connects to any other highway -- isolated from the road network,tt_event
4035,crossing highway,Sahar Mustafa 2025,22359261,https://www.openstreetmap.org/#map=18/-9.775386/28.749100,189542224,https://www.openstreetmap.org/changeset/189542224,way,96635774,2026-09-25T12:29:14Z,Zambia,crosses way 1563545480 without a shared junction node,tt_event
4036,crossing highway,Sahar Mustafa 2025,22359261,https://www.openstreetmap.org/#map=18/-9.771953/28.749202,189542224,https://www.openstreetmap.org/changeset/189542224,way,96635774,2026-09-25T12:29:14Z,Zambia,crosses way 1563523178 without a shared junction node,tt_event
4037,crossing highway,Sahar Mustafa 2025,22359261,https://www.openstreetmap.org/#map=18/-9.763952/28.753021,189542224,https://www.openstreetmap.org/changeset/189542224,way,96635774,2026-09-25T12:29:14Z,Zambia,crosses way 1563165320 without a shared junction node,tt_event
4038,floating highway,Sahar Mustafa 2025,22359261,https://www.openstreetmap.org/#map=18/-9.771868/28.759569,189542224,https://www.openstreetmap.org/changeset/189542224,way,96635774,2026-09-25T12:29:14Z,Zambia,way 96635774: neither endpoint connects to any other highway -- isolated from the road network,tt_event
4039,node connected highway and building,Sahar Mustafa 2025,22359261,https://www.openstreetmap.org/#map=18/-9.809660/28.752389,189542224,https://www.openstreetmap.org/changeset/189542224,node,14181854383,2026-09-25T12:29:14Z,Zambia,shared by highway way 1558965726 and building way 378746553,tt_event
4040,node connected highway and building,Sahar Mustafa 2025,22359261,https://www.openstreetmap.org/#map=18/-9.809532/28.752317,189542224,https://www.openstreetmap.org/changeset/189542224,node,14181854384,2026-09-25T12:29:14Z,Zambia,shared by highway way 1558965728 and building way 378746553,tt_event
4041,node connected highway and building,Sahar Mustafa 2025,22359261,https://www.openstreetmap.org/#map=18/-9.811212/28.762460,189542224,https://www.openstreetmap.org/changeset/189542224,node,14192345046,2026-09-25T12:29:14Z,Zambia,shared by highway way 1560227020 and building way 1560227028,tt_event
4042,node connected highway and building,Sahar Mustafa 2025,22359261,https://www.openstreetmap.org/#map=18/-9.812469/28.761194,189542224,https://www.openstreetmap.org/changeset/189542224,node,14192303971,2026-09-25T12:29:14Z,Zambia,shared by highway way 1560228065 and building way 378721434,tt_event
4043,node connected highway and building,Sahar Mustafa 2025,22359261,https://www.openstreetmap.org/#map=18/-9.812441/28.761466,189542224,https://www.openstreetmap.org/changeset/189542224,node,14192303975,2026-09-25T12:29:14Z,Zambia,shared by highway way 1560228066 and building way 378770285,tt_event
4044,node connected highway and building,Sahar Mustafa 2025,22359261,https://www.openstreetmap.org/#map=18/-9.812956/28.761067,189542224,https://www.openstreetmap.org/changeset/189542224,node,3820559499,2026-09-25T12:29:14Z,Zambia,shared by highway way 1560228068 and building way 378748487,tt_event
4045,node connected highway and building,Sahar Mustafa 2025,22359261,https://www.openstreetmap.org/#map=18/-9.813704/28.765484,189542224,https://www.openstreetmap.org/changeset/189542224,node,4364874110,2026-09-25T12:29:14Z,Zambia,shared by highway way 1563197578 and building way 438831671,tt_event
4046,node connected highway and building,Sahar Mustafa 2025,22359261,https://www.openstreetmap.org/#map=18/-9.814408/28.766129,189542224,https://www.openstreetmap.org/changeset/189542224,node,3820580267,2026-09-25T12:29:14Z,Zambia,shared by highway way 1563198124 and building way 378856646,tt_event
4047,node connected highway and building,Sahar Mustafa 2025,22359261,https://www.openstreetmap.org/#map=18/-9.814408/28.766129,189542224,https://www.openstreetmap.org/changeset/189542224,node,14228021366,2026-09-25T12:29:14Z,Zambia,shared by highway way 1563198124 and building way 1563197851,tt_event
4048,node connected highway and building,Sahar Mustafa 2025,22359261,https://www.openstreetmap.org/#map=18/-9.814408/28.766129,189542224,https://www.openstreetmap.org/changeset/189542224,node,14212032297,2026-09-25T12:29:14Z,Zambia,shared by highway way 1563198124 and building way 1561978476,tt_event
4049,node connected highway and building,Sahar Mustafa 2025,22359261,https://www.openstreetmap.org/#map=18/-9.813969/28.766206,189542224,https://www.openstreetmap.org/changeset/189542224,node,14227962680,2026-09-25T12:29:14Z,Zambia,shared by highway way 1563198125 and building way 1561978476,tt_event
4050,node connected highway and building,Sahar Mustafa 2025,22359261,https://www.openstreetmap.org/#map=18/-9.814229/28.766027,189542224,https://www.openstreetmap.org/changeset/189542224,node,14228012465,2026-09-25T12:29:14Z,Zambia,shared by highway way 1563198185 and building way 378714145,tt_event
4051,node connected highway and building,Sahar Mustafa 2025,22359261,https://www.openstreetmap.org/#map=18/-9.814340/28.765626,189542224,https://www.openstreetmap.org/changeset/189542224,node,14228019765,2026-09-25T12:29:14Z,Zambia,shared by highway way 1563198442 and building way 378851030,tt_event
4052,node connected highway and building,Sahar Mustafa 2025,22359261,https://www.openstreetmap.org/#map=18/-9.819198/28.768798,189542224,https://www.openstreetmap.org/changeset/189542224,node,3820623019,2026-09-25T12:29:14Z,Zambia,shared by highway way 1563496045 and building way 378729912,tt_event
4053,node connected highway and building,Sahar Mustafa 2025,22359261,https://www.openstreetmap.org/#map=18/-9.819198/28.768798,189542224,https://www.openstreetmap.org/changeset/189542224,node,14231156869,2026-09-25T12:29:14Z,Zambia,shared by highway way 1563496045 and building way 1563496036,tt_event
4054,node connected highway and building,Sahar Mustafa 2025,22359261,https://www.openstreetmap.org/#map=18/-9.819218/28.768324,189542224,https://www.openstreetmap.org/changeset/189542224,node,14212020061,2026-09-25T12:29:14Z,Zambia,shared by highway way 1563496048 and building way 1561976763,tt_event
4055,node connected highway and building,Sahar Mustafa 2025,22359261,https://www.openstreetmap.org/#map=18/-9.819722/28.768933,189542224,https://www.openstreetmap.org/changeset/189542224,node,14231156888,2026-09-25T12:29:14Z,Zambia,shared by highway way 1563496049 and building way 1563496040,tt_event
4056,node connected highway and building,Sahar Mustafa 2025,22359261,https://www.openstreetmap.org/#map=18/-9.819366/28.768719,189542224,https://www.openstreetmap.org/changeset/189542224,node,14231267533,2026-09-25T12:29:14Z,Zambia,shared by highway way 1563496050 and building way 1563496037,tt_event
4057,floating highway,Jaspe Gentille,24313651,https://www.openstreetmap.org/#map=18/6.338810/5.738152,189541978,https://www.openstreetmap.org/changeset/189541978,way,835667238,2026-09-25T12:24:03Z,Nigeria,way 835667238: neither endpoint connects to any other highway -- isolated from the road network,tt_event
4058,crossing highway,Dnyaneshwarisolanke,23613325,https://www.openstreetmap.org/#map=18/31.787217/77.263481,189545457,https://www.openstreetmap.org/changeset/189545457,way,1059454984,2026-09-25T13:34:50Z,India,crosses way 992626167 without a shared junction node,tt_event
4059,floating highway,Dnyaneshwarisolanke,23613325,https://www.openstreetmap.org/#map=18/31.784570/77.264911,189545457,https://www.openstreetmap.org/changeset/189545457,way,1059454984,2026-09-25T13:34:50Z,India,way 1059454984: neither endpoint connects to any other highway -- isolated from the road network,tt_event
4060,feature mapped without primary tag,Sahar Mustafa 2025,22359261,https://www.openstreetmap.org/#map=18/-9.756992/28.755191,189794281,https://www.openstreetmap.org/changeset/189794281,node,4364838515,2026-09-30T21:04:13Z,Zambia,node 4364838515: tags present but none are a primary key: ['source'],tt_event
4061,feature mapped without primary tag,Sahar Mustafa 2025,22359261,https://www.openstreetmap.org/#map=18/-9.757014/28.755236,189794281,https://www.openstreetmap.org/changeset/189794281,node,4364838517,2026-09-30T21:04:13Z,Zambia,node 4364838517: tags present but none are a primary key: ['source'],tt_event
4062,feature mapped without primary tag,Sahar Mustafa 2025,22359261,https://www.openstreetmap.org/#map=18/-9.757033/28.755171,189794281,https://www.openstreetmap.org/changeset/189794281,node,4364838519,2026-09-30T21:04:13Z,Zambia,node 4364838519: tags present but none are a primary key: ['source'],tt_event
4063,feature mapped without primary tag,Sahar Mustafa 2025,22359261,https://www.openstreetmap.org/#map=18/-9.757055/28.755215,189794281,https://www.openstreetmap.org/changeset/189794281,node,4364838521,2026-09-30T21:04:13Z,Zambia,node 4364838521: tags present but none are a primary key: ['source'],tt_event
4064,feature mapped without primary tag,Sahar Mustafa 2025,22359261,https://www.openstreetmap.org/#map=18/-9.756396/28.755435,189794281,https://www.openstreetmap.org/changeset/189794281,node,4364838511,2026-09-30T21:04:13Z,Zambia,node 4364838511: tags present but none are a primary key: ['source'],tt_event
4065,feature mapped without primary tag,Sahar Mustafa 2025,22359261,https://www.openstreetmap.org/#map=18/-9.756393/28.755487,189794281,https://www.openstreetmap.org/changeset/189794281,node,4364838512,2026-09-30T21:04:13Z,Zambia,node 4364838512: tags present but none are a primary key: ['source'],tt_event
4066,feature mapped without primary tag,Sahar Mustafa 2025,22359261,https://www.openstreetmap.org/#map=18/-9.756439/28.755437,189794281,https://www.openstreetmap.org/changeset/189794281,node,4364838513,2026-09-30T21:04:13Z,Zambia,node 4364838513: tags present but none are a primary key: ['source'],tt_event
4067,feature mapped without primary tag,Sahar Mustafa 2025,22359261,https://www.openstreetmap.org/#map=18/-9.756436/28.755489,189794281,https://www.openstreetmap.org/changeset/189794281,node,4364838514,2026-09-30T21:04:13Z,Zambia,node 4364838514: tags present but none are a primary key: ['source'],tt_event
4068,feature mapped without primary tag,Sahar Mustafa 2025,22359261,https://www.openstreetmap.org/#map=18/-9.757041/28.755860,189794281,https://www.openstreetmap.org/changeset/189794281,node,4364838523,2026-09-30T21:04:13Z,Zambia,node 4364838523: tags present but none are a primary key: ['source'],tt_event
4069,feature mapped without primary tag,Sahar Mustafa 2025,22359261,https://www.openstreetmap.org/#map=18/-9.757041/28.755916,189794281,https://www.openstreetmap.org/changeset/189794281,node,4364838525,2026-09-30T21:04:13Z,Zambia,node 4364838525: tags present but none are a primary key: ['source'],tt_event
4070,feature mapped without primary tag,Sahar Mustafa 2025,22359261,https://www.openstreetmap.org/#map=18/-9.757093/28.755860,189794281,https://www.openstreetmap.org/changeset/189794281,node,4364838527,2026-09-30T21:04:13Z,Zambia,node 4364838527: tags present but none are a primary key: ['source'],tt_event
4071,feature mapped without primary tag,Sahar Mustafa 2025,22359261,https://www.openstreetmap.org/#map=18/-9.757093/28.755916,189794281,https://www.openstreetmap.org/changeset/189794281,node,4364838529,2026-09-30T21:04:13Z,Zambia,node 4364838529: tags present but none are a primary key: ['source'],tt_event
4072,floating highway,Dnyaneshwarisolanke,23613325,https://www.openstreetmap.org/#map=18/31.123908/77.140796,189545012,https://www.openstreetmap.org/changeset/189545012,way,1104853072,2026-09-25T13:24:40Z,India,way 1104853072: neither endpoint connects to any other highway -- isolated from the road network,tt_event
4073,floating highway,Dnyaneshwarisolanke,23613325,https://www.openstreetmap.org/#map=18/30.912479/77.330230,189544937,https://www.openstreetmap.org/changeset/189544937,way,477018279,2026-09-25T13:22:45Z,India,way 477018279: neither endpoint connects to any other highway -- isolated from the road network,tt_event
4074,floating highway,Dnyaneshwarisolanke,23613325,https://www.openstreetmap.org/#map=18/30.796428/77.637025,189544866,https://www.openstreetmap.org/changeset/189544866,way,959735013,2026-09-25T13:21:08Z,India,way 959735013: neither endpoint connects to any other highway -- isolated from the road network,tt_event
4075,node connected highway and building,geochepy,24028924,https://www.openstreetmap.org/#map=18/19.286551/-99.511307,189544835,https://www.openstreetmap.org/changeset/189544835,node,3725459842,2026-09-25T13:20:31Z,Mexico,shared by highway way 370046670 and building way 368699810,tt_event
4076,node connected highway and building,geochepy,24028924,https://www.openstreetmap.org/#map=18/19.286413/-99.512628,189544835,https://www.openstreetmap.org/changeset/189544835,node,12580324508,2026-09-25T13:20:31Z,Mexico,shared by highway way 1359161141 and building way 1359161140,tt_event
4077,node connected highway and building,geochepy,24028924,https://www.openstreetmap.org/#map=18/19.286036/-99.511052,189544835,https://www.openstreetmap.org/changeset/189544835,node,12605120420,2026-09-25T13:20:31Z,Mexico,shared by highway way 1361532973 and building way 1361532971,tt_event
4078,node connected highway and building,geochepy,24028924,https://www.openstreetmap.org/#map=18/19.288210/-99.511449,189544835,https://www.openstreetmap.org/changeset/189544835,node,13458604736,2026-09-25T13:20:31Z,Mexico,shared by highway way 1467347655 and building way 1467347651,tt_event
4079,floating highway,Sniffs,24421859,https://www.openstreetmap.org/#map=18/-13.900427/33.441655,189544810,https://www.openstreetmap.org/changeset/189544810,way,59985962,2026-09-25T13:19:42Z,Malawi,way 59985962: neither endpoint connects to any other highway -- isolated from the road network,tt_event
4080,floating highway,Dnyaneshwarisolanke,23613325,https://www.openstreetmap.org/#map=18/30.889008/77.549035,189544422,https://www.openstreetmap.org/changeset/189544422,way,1125190314,2026-09-25T13:12:11Z,India,way 1125190314: neither endpoint connects to any other highway -- isolated from the road network,tt_event
4081,floating highway,Dnyaneshwarisolanke,23613325,https://www.openstreetmap.org/#map=18/30.890429/77.551884,189544422,https://www.openstreetmap.org/changeset/189544422,way,1125190315,2026-09-25T13:12:11Z,India,way 1125190315: neither endpoint connects to any other highway -- isolated from the road network,tt_event
4082,floating highway,Dnyaneshwarisolanke,23613325,https://www.openstreetmap.org/#map=18/30.903877/77.544116,189544294,https://www.openstreetmap.org/changeset/189544294,way,1125190308,2026-09-25T13:09:14Z,India,way 1125190308: neither endpoint connects to any other highway -- isolated from the road network,tt_event
4083,node connected highway and building,LéaP23,24533946,https://www.openstreetmap.org/#map=18/-4.568948/30.129092,189548955,https://www.openstreetmap.org/changeset/189548955,node,14122642493,2026-09-25T14:49:26Z,Tanzania,shared by highway way 1552281207 and building way 1483472498,tt_event
4084,node connected highway and building,LéaP23,24533946,https://www.openstreetmap.org/#map=18/-4.568889/30.129379,189548955,https://www.openstreetmap.org/changeset/189548955,node,14122642499,2026-09-25T14:49:26Z,Tanzania,shared by highway way 1552281209 and building way 1483472497,tt_event
4085,node connected highway and building,LéaP23,24533946,https://www.openstreetmap.org/#map=18/-4.569279/30.129121,189548955,https://www.openstreetmap.org/changeset/189548955,node,14122642500,2026-09-25T14:49:26Z,Tanzania,shared by highway way 1552281210 and building way 1483472500,tt_event
4086,node connected highway and building,LéaP23,24533946,https://www.openstreetmap.org/#map=18/-4.569279/30.129121,189548955,https://www.openstreetmap.org/changeset/189548955,node,13603124474,2026-09-25T14:49:26Z,Tanzania,shared by highway way 1552281210 and building way 1483472502,tt_event
4087,floating highway,LéaP23,24533946,https://www.openstreetmap.org/#map=18/-4.570570/30.127171,189548621,https://www.openstreetmap.org/changeset/189548621,way,1548485790,2026-09-25T14:41:47Z,Tanzania,way 1548485790: neither endpoint connects to any other highway -- isolated from the road network,tt_event
4088,crossing highway,LéaP23,24533946,https://www.openstreetmap.org/#map=18/-4.569746/30.124056,189547070,https://www.openstreetmap.org/changeset/189547070,way,1562208618,2026-09-25T14:10:56Z,Tanzania,crosses way 1562212399 without a shared junction node,tt_event
4089,crossing highway,Fortunatus Ogwachi,21770788,https://www.openstreetmap.org/#map=18/-2.920587/37.464055,189550730,https://www.openstreetmap.org/changeset/189550730,way,1152390046,2026-09-25T15:31:14Z,Kenya,crosses way 1562934975 without a shared junction node,tt_event
4090,floating highway,Fortunatus Ogwachi,21770788,https://www.openstreetmap.org/#map=18/-2.920085/37.453878,189550730,https://www.openstreetmap.org/changeset/189550730,way,1562222566,2026-09-25T15:31:14Z,Kenya,way 1562222566: neither endpoint connects to any other highway -- isolated from the road network,tt_event
4091,floating highway,KingVik,7159298,https://www.openstreetmap.org/#map=18/0.792630/34.328534,189552909,https://www.openstreetmap.org/changeset/189552909,way,218517294,2026-09-25T16:19:20Z,Uganda,way 218517294: neither endpoint connects to any other highway -- isolated from the road network,tt_event
4092,floating highway,KingVik,7159298,https://www.openstreetmap.org/#map=18/0.847940/34.359432,189552758,https://www.openstreetmap.org/changeset/189552758,way,1530593877,2026-09-25T16:15:09Z,Uganda,way 1530593877: neither endpoint connects to any other highway -- isolated from the road network,tt_event
4093,building inside building,KingVik,7159298,https://www.openstreetmap.org/#map=18/0.945215/34.333802,189552609,https://www.openstreetmap.org/changeset/189552609,way,673974303,2026-09-25T16:12:16Z,Uganda,fully contained with/containing way 1563266514,tt_event
4094,floating highway,KingVik,7159298,https://www.openstreetmap.org/#map=18/0.946012/34.335584,189552609,https://www.openstreetmap.org/changeset/189552609,way,1530139618,2026-09-25T16:12:16Z,Uganda,way 1530139618: neither endpoint connects to any other highway -- isolated from the road network,tt_event
4095,floating highway,Sahar Mustafa 2025,22359261,https://www.openstreetmap.org/#map=18/15.605898/32.631632,189552588,https://www.openstreetmap.org/changeset/189552588,way,623113065,2026-09-25T16:11:57Z,Sudan,way 623113065: neither endpoint connects to any other highway -- isolated from the road network,tt_event
4096,node connected highway and building,Qwajo OSM,4853701,https://www.openstreetmap.org/#map=18/5.116728/-1.292141,189557026,https://www.openstreetmap.org/changeset/189557026,node,14039561940,2026-09-25T18:00:46Z,Ghana,shared by highway way 1542990042 and building way 692031854,tt_event
4097,node connected highway and building,Qwajo OSM,4853701,https://www.openstreetmap.org/#map=18/5.116750/-1.292259,189557026,https://www.openstreetmap.org/changeset/189557026,node,14039561941,2026-09-25T18:00:46Z,Ghana,shared by highway way 1542990044 and building way 692031854,tt_event
4098,floating highway,Sahar Mustafa 2025,22359261,https://www.openstreetmap.org/#map=18/15.624114/32.607795,189556897,https://www.openstreetmap.org/changeset/189556897,way,233063046,2026-09-25T17:58:05Z,Sudan,way 233063046: neither endpoint connects to any other highway -- isolated from the road network,tt_event
4099,floating highway,Sahar Mustafa 2025,22359261,https://www.openstreetmap.org/#map=18/15.659835/32.713183,189556536,https://www.openstreetmap.org/changeset/189556536,way,629513399,2026-09-25T17:49:26Z,Sudan,way 629513399: neither endpoint connects to any other highway -- isolated from the road network,tt_event
4100,floating highway,Sahar Mustafa 2025,22359261,https://www.openstreetmap.org/#map=18/15.662054/32.691661,189555316,https://www.openstreetmap.org/changeset/189555316,way,628266866,2026-09-25T17:19:48Z,Sudan,way 628266866: neither endpoint connects to any other highway -- isolated from the road network,tt_event
4101,floating highway,KingVik,7159298,https://www.openstreetmap.org/#map=18/-0.650555/37.177810,189559201,https://www.openstreetmap.org/changeset/189559201,way,674974789,2026-09-25T19:01:03Z,Kenya,way 674974789: neither endpoint connects to any other highway -- isolated from the road network,tt_event
4102,floating highway,KingVik,7159298,https://www.openstreetmap.org/#map=18/-0.643726/37.168768,189558790,https://www.openstreetmap.org/changeset/189558790,way,674980970,2026-09-25T18:49:59Z,Kenya,way 674980970: neither endpoint connects to any other highway -- isolated from the road network,tt_event
4103,floating highway,KingVik,7159298,https://www.openstreetmap.org/#map=18/-0.652550/37.170105,189558763,https://www.openstreetmap.org/changeset/189558763,way,675334387,2026-09-25T18:49:04Z,Kenya,way 675334387: neither endpoint connects to any other highway -- isolated from the road network,tt_event
4104,floating highway,Sahar Mustafa 2025,22359261,https://www.openstreetmap.org/#map=18/15.643684/32.646140,189558523,https://www.openstreetmap.org/changeset/189558523,way,621216658,2026-09-25T18:41:32Z,Sudan,way 621216658: neither endpoint connects to any other highway -- isolated from the road network,tt_event
4105,floating highway,Aspenfarm,23352225,https://www.openstreetmap.org/#map=18/-13.714870/33.290535,189558356,https://www.openstreetmap.org/changeset/189558356,way,682928541,2026-09-25T18:36:41Z,Malawi,way 682928541: neither endpoint connects to any other highway -- isolated from the road network,tt_event
4106,floating highway,Walter Mayeku,6201821,https://www.openstreetmap.org/#map=18/-0.360059/35.247098,189561029,https://www.openstreetmap.org/changeset/189561029,way,1508893824,2026-09-25T19:59:47Z,Kenya,way 1508893824: neither endpoint connects to any other highway -- isolated from the road network,tt_event
4107,floating highway,Dannyoung,11010237,https://www.openstreetmap.org/#map=18/-0.610838/37.187236,189560644,https://www.openstreetmap.org/changeset/189560644,way,675910999,2026-09-25T19:49:06Z,Kenya,way 675910999: neither endpoint connects to any other highway -- isolated from the road network,tt_event
4108,floating highway,Dannyoung,11010237,https://www.openstreetmap.org/#map=18/-0.610168/37.183908,189560644,https://www.openstreetmap.org/changeset/189560644,way,675913707,2026-09-25T19:49:06Z,Kenya,way 675913707: neither endpoint connects to any other highway -- isolated from the road network,tt_event
4109,crossing highway,KingVik,7159298,https://www.openstreetmap.org/#map=18/-0.663354/37.187974,189559894,https://www.openstreetmap.org/changeset/189559894,way,443998000,2026-09-25T19:25:12Z,Kenya,crosses way 1562284015 without a shared junction node,tt_event
4110,floating highway,JaneAmerica12,18357124,https://www.openstreetmap.org/#map=18/6.396983/5.760986,189562867,https://www.openstreetmap.org/changeset/189562867,way,1562296600,2026-09-25T21:04:53Z,Nigeria,way 1562296600: neither endpoint connects to any other highway -- isolated from the road network,tt_event
4111,floating highway,JaneAmerica12,18357124,https://www.openstreetmap.org/#map=18/6.395058/5.769274,189562867,https://www.openstreetmap.org/changeset/189562867,way,546238268,2026-09-25T21:04:53Z,Nigeria,way 546238268: neither endpoint connects to any other highway -- isolated from the road network,tt_event
4112,floating highway,Kinegz,24577784,https://www.openstreetmap.org/#map=18/-13.678465/33.281966,189562736,https://www.openstreetmap.org/changeset/189562736,way,682340223,2026-09-25T20:59:17Z,Malawi,way 682340223: neither endpoint connects to any other highway -- isolated from the road network,tt_event
4113,floating highway,Kinegz,24577784,https://www.openstreetmap.org/#map=18/-13.691649/33.274285,189562736,https://www.openstreetmap.org/changeset/189562736,way,682353545,2026-09-25T20:59:17Z,Malawi,way 682353545: neither endpoint connects to any other highway -- isolated from the road network,tt_event
4114,floating highway,Kinegz,24577784,https://www.openstreetmap.org/#map=18/-13.685500/33.279594,189562450,https://www.openstreetmap.org/changeset/189562450,way,682563450,2026-09-25T20:47:11Z,Malawi,way 682563450: neither endpoint connects to any other highway -- isolated from the road network,tt_event
4115,floating highway,Sahar Mustafa 2025,22359261,https://www.openstreetmap.org/#map=18/15.655939/32.681611,189562314,https://www.openstreetmap.org/changeset/189562314,way,632480650,2026-09-25T20:41:41Z,Sudan,way 632480650: neither endpoint connects to any other highway -- isolated from the road network,tt_event
4116,floating highway,Sahar Mustafa 2025,22359261,https://www.openstreetmap.org/#map=18/15.656197/32.686697,189562314,https://www.openstreetmap.org/changeset/189562314,way,576548822,2026-09-25T20:41:41Z,Sudan,way 576548822: neither endpoint connects to any other highway -- isolated from the road network,tt_event
4117,floating highway,Kinegz,24577784,https://www.openstreetmap.org/#map=18/-13.782996/33.406363,189562195,https://www.openstreetmap.org/changeset/189562195,way,1562288592,2026-09-25T20:37:25Z,Malawi,way 1562288592: neither endpoint connects to any other highway -- isolated from the road network,tt_event
4118,floating highway,Kinegz,24577784,https://www.openstreetmap.org/#map=18/-13.775270/33.407241,189562195,https://www.openstreetmap.org/changeset/189562195,way,672205852,2026-09-25T20:37:25Z,Malawi,way 672205852: neither endpoint connects to any other highway -- isolated from the road network,tt_event
4119,floating highway,Kinegz,24577784,https://www.openstreetmap.org/#map=18/-13.776304/33.400973,189562195,https://www.openstreetmap.org/changeset/189562195,way,673910264,2026-09-25T20:37:25Z,Malawi,way 673910264: neither endpoint connects to any other highway -- isolated from the road network,tt_event
4120,floating highway,MugerwaHukasha,22684025,https://www.openstreetmap.org/#map=18/-0.657484/37.183695,189561558,https://www.openstreetmap.org/changeset/189561558,way,443998000,2026-09-25T20:15:24Z,Kenya,way 443998000: neither endpoint connects to any other highway -- isolated from the road network,tt_event
4121,floating highway,KingVik_TT,24345800,https://www.openstreetmap.org/#map=18/1.975539/32.526471,189564437,https://www.openstreetmap.org/changeset/189564437,way,1487168979,2026-09-25T22:07:33Z,Uganda,way 1487168979: neither endpoint connects to any other highway -- isolated from the road network,tt_event
4122,floating highway,Ayman Saad aldin,24550113,https://www.openstreetmap.org/#map=18/-2.159742/30.134666,189564428,https://www.openstreetmap.org/changeset/189564428,way,1562303116,2026-09-25T22:07:08Z,Rwanda,way 1562303116: neither endpoint connects to any other highway -- isolated from the road network,tt_event
4123,floating highway,Ayman Saad aldin,24550113,https://www.openstreetmap.org/#map=18/-2.158608/30.135110,189564428,https://www.openstreetmap.org/changeset/189564428,way,1562303117,2026-09-25T22:07:08Z,Rwanda,way 1562303117: neither endpoint connects to any other highway -- isolated from the road network,tt_event
4124,floating highway,Ayman Saad aldin,24550113,https://www.openstreetmap.org/#map=18/-2.159285/30.134947,189564428,https://www.openstreetmap.org/changeset/189564428,way,1562303130,2026-09-25T22:07:08Z,Rwanda,way 1562303130: neither endpoint connects to any other highway -- isolated from the road network,tt_event
4125,floating highway,Ayman Saad aldin,24550113,https://www.openstreetmap.org/#map=18/-2.172058/30.129755,189564428,https://www.openstreetmap.org/changeset/189564428,way,677959174,2026-09-25T22:07:08Z,Rwanda,way 677959174: neither endpoint connects to any other highway -- isolated from the road network,tt_event
4126,floating highway,Ayman Saad aldin,24550113,https://www.openstreetmap.org/#map=18/-2.171832/30.122219,189564428,https://www.openstreetmap.org/changeset/189564428,way,677860768,2026-09-25T22:07:08Z,Rwanda,way 677860768: neither endpoint connects to any other highway -- isolated from the road network,tt_event
4127,floating highway,KingVik_TT,24345800,https://www.openstreetmap.org/#map=18/2.083652/32.746233,189564361,https://www.openstreetmap.org/changeset/189564361,way,1493130513,2026-09-25T22:05:00Z,Uganda,way 1493130513: neither endpoint connects to any other highway -- isolated from the road network,tt_event
4128,floating highway,KingVik_TT,24345800,https://www.openstreetmap.org/#map=18/2.072281/32.750335,189564361,https://www.openstreetmap.org/changeset/189564361,way,686770335,2026-09-25T22:05:00Z,Uganda,way 686770335: neither endpoint connects to any other highway -- isolated from the road network,tt_event
4129,floating highway,KingVik_TT,24345800,https://www.openstreetmap.org/#map=18/2.052631/32.726715,189564296,https://www.openstreetmap.org/changeset/189564296,way,1492661279,2026-09-25T22:01:25Z,Uganda,way 1492661279: neither endpoint connects to any other highway -- isolated from the road network,tt_event
4130,floating highway,KingVik_TT,24345800,https://www.openstreetmap.org/#map=18/2.031637/32.734264,189564159,https://www.openstreetmap.org/changeset/189564159,way,1491738037,2026-09-25T21:55:38Z,Uganda,way 1491738037: neither endpoint connects to any other highway -- isolated from the road network,tt_event
4131,floating highway,AMWNE,24493594,https://www.openstreetmap.org/#map=18/0.455719/32.534972,189564097,https://www.openstreetmap.org/changeset/189564097,way,1562301840,2026-09-25T21:52:45Z,Uganda,way 1562301840: neither endpoint connects to any other highway -- isolated from the road network,tt_event
4132,floating highway,KingVik_TT,24345800,https://www.openstreetmap.org/#map=18/2.026680/32.735187,189564082,https://www.openstreetmap.org/changeset/189564082,way,1491749589,2026-09-25T21:52:12Z,Uganda,way 1491749589: neither endpoint connects to any other highway -- isolated from the road network,tt_event
4133,floating highway,Kinegz,24577784,https://www.openstreetmap.org/#map=18/-13.576056/33.451805,189563994,https://www.openstreetmap.org/changeset/189563994,way,1562301414,2026-09-25T21:47:57Z,Malawi,way 1562301414: neither endpoint connects to any other highway -- isolated from the road network,tt_event
4134,crossing buildings,NLBRT,18152274,https://www.openstreetmap.org/#map=18/12.942866/77.598014,189563958,https://www.openstreetmap.org/changeset/189563958,way,1432276139,2026-09-25T21:46:22Z,India,outline crosses way 1562795172 (5% area overlap),tt_event
4135,floating highway,KingVik,7159298,https://www.openstreetmap.org/#map=18/1.528757/33.459251,189563684,https://www.openstreetmap.org/changeset/189563684,way,1162471522,2026-09-25T21:37:02Z,Uganda,way 1162471522: neither endpoint connects to any other highway -- isolated from the road network,tt_event
4136,crossing buildings,AMWNE,24493594,https://www.openstreetmap.org/#map=18/0.452857/32.533883,189563579,https://www.openstreetmap.org/changeset/189563579,way,1562299610,2026-09-25T21:33:58Z,Uganda,outline crosses way 1410724868 (6% area overlap),tt_event
4137,floating highway,AMWNE,24493594,https://www.openstreetmap.org/#map=18/0.450893/32.533473,189563579,https://www.openstreetmap.org/changeset/189563579,way,1562299620,2026-09-25T21:33:58Z,Uganda,way 1562299620: neither endpoint connects to any other highway -- isolated from the road network,tt_event
4138,floating highway,AdeAdigun,24357772,https://www.openstreetmap.org/#map=18/6.338552/5.741555,189565550,https://www.openstreetmap.org/changeset/189565550,way,550567667,2026-09-25T23:02:27Z,Nigeria,way 550567667: neither endpoint connects to any other highway -- isolated from the road network,tt_event
4139,overlapping highway,KennyDap,21660928,https://www.openstreetmap.org/#map=18/33.512627/126.519313,189565301,https://www.openstreetmap.org/changeset/189565301,way,1535768301,2026-09-25T22:49:12Z,South Korea,runs alongside existing way 1535768302 (both 'footway') for 66% of its length,tt_event
4140,overlapping highway,KennyDap,21660928,https://www.openstreetmap.org/#map=18/33.512638/126.519293,189565301,https://www.openstreetmap.org/changeset/189565301,way,1535768302,2026-09-25T22:49:12Z,South Korea,runs alongside existing way 1535768301 (both 'footway') for 68% of its length,tt_event
4141,floating highway,KennyDap,21660928,https://www.openstreetmap.org/#map=18/33.512634/126.519282,189565301,https://www.openstreetmap.org/changeset/189565301,way,1535768301,2026-09-25T22:49:12Z,South Korea,way 1535768301: neither endpoint connects to any other highway -- isolated from the road network,tt_event
4142,floating highway,Alpha_Planet,24368838,https://www.openstreetmap.org/#map=18/-1.172732/30.123019,189565269,https://www.openstreetmap.org/changeset/189565269,way,1426371545,2026-09-25T22:48:01Z,Uganda,way 1426371545: neither endpoint connects to any other highway -- isolated from the road network,tt_event
4143,floating highway,KennyDap,21660928,https://www.openstreetmap.org/#map=18/33.512717/126.519318,189565248,https://www.openstreetmap.org/changeset/189565248,way,1533547446,2026-09-25T22:47:00Z,South Korea,way 1533547446: neither endpoint connects to any other highway -- isolated from the road network,tt_event
4144,feature mapped without primary tag,Sahar Mustafa 2025,22359261,https://www.openstreetmap.org/#map=18/-9.754413/28.755512,189804176,https://www.openstreetmap.org/changeset/189804176,node,4364838160,2026-10-01T05:54:29Z,Zambia,node 4364838160: tags present but none are a primary key: ['source'],tt_event
4145,feature mapped without primary tag,Sahar Mustafa 2025,22359261,https://www.openstreetmap.org/#map=18/-9.754433/28.755560,189804176,https://www.openstreetmap.org/changeset/189804176,node,4364838162,2026-10-01T05:54:29Z,Zambia,node 4364838162: tags present but none are a primary key: ['source'],tt_event
4146,feature mapped without primary tag,Sahar Mustafa 2025,22359261,https://www.openstreetmap.org/#map=18/-9.754468/28.755489,189804176,https://www.openstreetmap.org/changeset/189804176,node,4364838164,2026-10-01T05:54:29Z,Zambia,node 4364838164: tags present but none are a primary key: ['source'],tt_event
4147,feature mapped without primary tag,Sahar Mustafa 2025,22359261,https://www.openstreetmap.org/#map=18/-9.754488/28.755537,189804176,https://www.openstreetmap.org/changeset/189804176,node,4364838166,2026-10-01T05:54:29Z,Zambia,node 4364838166: tags present but none are a primary key: ['source'],tt_event
4148,feature mapped without primary tag,Sahar Mustafa 2025,22359261,https://www.openstreetmap.org/#map=18/-9.754870/28.755174,189804176,https://www.openstreetmap.org/changeset/189804176,node,4364838175,2026-10-01T05:54:29Z,Zambia,node 4364838175: tags present but none are a primary key: ['source'],tt_event
4149,feature mapped without primary tag,Sahar Mustafa 2025,22359261,https://www.openstreetmap.org/#map=18/-9.754876/28.755225,189804176,https://www.openstreetmap.org/changeset/189804176,node,4364838176,2026-10-01T05:54:29Z,Zambia,node 4364838176: tags present but none are a primary key: ['source'],tt_event
4150,feature mapped without primary tag,Sahar Mustafa 2025,22359261,https://www.openstreetmap.org/#map=18/-9.754931/28.755167,189804176,https://www.openstreetmap.org/changeset/189804176,node,4364838177,2026-10-01T05:54:29Z,Zambia,node 4364838177: tags present but none are a primary key: ['source'],tt_event
4151,feature mapped without primary tag,Sahar Mustafa 2025,22359261,https://www.openstreetmap.org/#map=18/-9.754937/28.755217,189804176,https://www.openstreetmap.org/changeset/189804176,node,4364838178,2026-10-01T05:54:29Z,Zambia,node 4364838178: tags present but none are a primary key: ['source'],tt_event
4152,feature mapped without primary tag,Sahar Mustafa 2025,22359261,https://www.openstreetmap.org/#map=18/-9.755329/28.755855,189804176,https://www.openstreetmap.org/changeset/189804176,node,4364838491,2026-10-01T05:54:29Z,Zambia,node 4364838491: tags present but none are a primary key: ['source'],tt_event
4153,feature mapped without primary tag,Sahar Mustafa 2025,22359261,https://www.openstreetmap.org/#map=18/-9.755336/28.755926,189804176,https://www.openstreetmap.org/changeset/189804176,node,4364838492,2026-10-01T05:54:29Z,Zambia,node 4364838492: tags present but none are a primary key: ['source'],tt_event
4154,feature mapped without primary tag,Sahar Mustafa 2025,22359261,https://www.openstreetmap.org/#map=18/-9.755380/28.755870,189804176,https://www.openstreetmap.org/changeset/189804176,node,4364838493,2026-10-01T05:54:29Z,Zambia,node 4364838493: tags present but none are a primary key: ['source'],tt_event
4155,feature mapped without primary tag,Sahar Mustafa 2025,22359261,https://www.openstreetmap.org/#map=18/-9.755385/28.755921,189804176,https://www.openstreetmap.org/changeset/189804176,node,4364838494,2026-10-01T05:54:29Z,Zambia,node 4364838494: tags present but none are a primary key: ['source'],tt_event
4156,unclear changeset comment,Amol_Pawar,24098318,https://www.openstreetmap.org/#map=18/20.697140/76.997704,189807143,https://www.openstreetmap.org/changeset/189807143,changeset,189807143,2026-10-01T07:26:54Z,India,changeset 189807143: comment too short to be informative: 'POI added',tt_event
4157,crossing highway,Alpha_Planet,24368838,https://www.openstreetmap.org/#map=18/2.510162/34.646565,189565196,https://www.openstreetmap.org/changeset/189565196,way,201477133,2026-09-25T22:43:45Z,Uganda,crosses way 835251900 without a shared junction node,tt_event
4158,floating highway,Alpha_Planet,24368838,https://www.openstreetmap.org/#map=18/2.509045/34.646056,189565196,https://www.openstreetmap.org/changeset/189565196,way,201477133,2026-09-25T22:43:45Z,Uganda,way 201477133: neither endpoint connects to any other highway -- isolated from the road network,tt_event
4159,floating highway,Alpha_Planet,24368838,https://www.openstreetmap.org/#map=18/3.074549/30.792604,189565140,https://www.openstreetmap.org/changeset/189565140,way,682297600,2026-09-25T22:42:00Z,Democratic Republic of the Congo,way 682297600: neither endpoint connects to any other highway -- isolated from the road network,tt_event
4160,building inside building,GISer00,24516828,https://www.openstreetmap.org/#map=18/-0.603601/37.196366,189565132,https://www.openstreetmap.org/changeset/189565132,way,1562312724,2026-09-25T22:41:39Z,Kenya,fully contained with/containing way 1562437511,tt_event
4161,unclear changeset comment,Amol_Pawar,24098318,https://www.openstreetmap.org/#map=18/20.696871/77.002073,189808552,https://www.openstreetmap.org/changeset/189808552,changeset,189808552,2026-10-01T08:08:06Z,India,changeset 189808552: comment too short to be informative: 'POI added',tt_event
4162,unclear changeset comment,Amol_Pawar,24098318,https://www.openstreetmap.org/#map=18/20.705095/77.010890,189809500,https://www.openstreetmap.org/changeset/189809500,changeset,189809500,2026-10-01T08:31:12Z,India,changeset 189809500: comment too short to be informative: 'POI added',tt_event
4163,unclear changeset comment,Amol_Pawar,24098318,https://www.openstreetmap.org/#map=18/20.700282/77.007634,189809205,https://www.openstreetmap.org/changeset/189809205,changeset,189809205,2026-10-01T08:24:23Z,India,changeset 189809205: comment too short to be informative: 'POI added',tt_event
4164,unclear changeset comment,Amol_Pawar,24098318,https://www.openstreetmap.org/#map=18/20.704749/77.010908,189809540,https://www.openstreetmap.org/changeset/189809540,changeset,189809540,2026-10-01T08:32:11Z,India,changeset 189809540: comment too short to be informative: 'POI added',tt_event
4165,floating highway,Alpha_Planet,24368838,https://www.openstreetmap.org/#map=18/1.474386/31.111502,189565110,https://www.openstreetmap.org/changeset/189565110,way,945545696,2026-09-25T22:40:39Z,Uganda,way 945545696: neither endpoint connects to any other highway -- isolated from the road network,tt_event
4166,unclear changeset comment,Amol_Pawar,24098318,https://www.openstreetmap.org/#map=18/20.707666/77.010826,189811811,https://www.openstreetmap.org/changeset/189811811,changeset,189811811,2026-10-01T09:20:44Z,India,changeset 189811811: comment too short to be informative: 'POI added',tt_event
4167,unclear changeset comment,Amol_Pawar,24098318,https://www.openstreetmap.org/#map=18/20.707791/77.010005,189812558,https://www.openstreetmap.org/changeset/189812558,changeset,189812558,2026-10-01T09:38:09Z,India,changeset 189812558: comment too short to be informative: 'POI added',tt_event
4168,unclear changeset comment,Digambar62,21017234,https://www.openstreetmap.org/#map=18/17.118331/74.270184,189814751,https://www.openstreetmap.org/changeset/189814751,changeset,189814751,2026-10-01T10:16:04Z,India,changeset 189814751: comment too short to be informative: 'add POI',tt_event
4169,feature mapped without primary tag,Calvin Menttor,10394726,https://www.openstreetmap.org/#map=18/-0.549415/37.148840,189821225,https://www.openstreetmap.org/changeset/189821225,node,14239255963,2026-10-01T12:25:19Z,Kenya,node 14239255963: tags present but none are a primary key: ['fixme'],tt_event
4170,floating highway,Alpha_Planet,24368838,https://www.openstreetmap.org/#map=18/-0.427264/31.221181,189564979,https://www.openstreetmap.org/changeset/189564979,way,681543547,2026-09-25T22:34:18Z,Uganda,way 681543547: neither endpoint connects to any other highway -- isolated from the road network,tt_event
4171,feature mapped without primary tag,Sahar Mustafa 2025,22359261,https://www.openstreetmap.org/#map=18/-9.752112/28.758696,189828262,https://www.openstreetmap.org/changeset/189828262,node,4364838131,2026-10-01T14:29:59Z,Zambia,node 4364838131: tags present but none are a primary key: ['source'],tt_event
4172,feature mapped without primary tag,Sahar Mustafa 2025,22359261,https://www.openstreetmap.org/#map=18/-9.752114/28.758780,189828262,https://www.openstreetmap.org/changeset/189828262,node,4364838132,2026-10-01T14:29:59Z,Zambia,node 4364838132: tags present but none are a primary key: ['source'],tt_event
4173,feature mapped without primary tag,Sahar Mustafa 2025,22359261,https://www.openstreetmap.org/#map=18/-9.752200/28.758693,189828262,https://www.openstreetmap.org/changeset/189828262,node,4364838133,2026-10-01T14:29:59Z,Zambia,node 4364838133: tags present but none are a primary key: ['source'],tt_event
4174,feature mapped without primary tag,Sahar Mustafa 2025,22359261,https://www.openstreetmap.org/#map=18/-9.752202/28.758761,189828262,https://www.openstreetmap.org/changeset/189828262,node,4364838134,2026-10-01T14:29:59Z,Zambia,node 4364838134: tags present but none are a primary key: ['source'],tt_event
4175,duplicated node,Theo Taylor,24609707,https://www.openstreetmap.org/#map=18/-2.240853/30.151287,189830977,https://www.openstreetmap.org/changeset/189830977,node,14239831549,2026-10-01T15:10:04Z,Rwanda,within 0.05m of node 14239831553,tt_event
4176,floating highway,Ayman Saad aldin,24550113,https://www.openstreetmap.org/#map=18/-2.166074/30.133310,189564889,https://www.openstreetmap.org/changeset/189564889,way,1562070623,2026-09-25T22:29:17Z,Rwanda,way 1562070623: neither endpoint connects to any other highway -- isolated from the road network,tt_event
4177,duplicated node,corc96,22460166,https://www.openstreetmap.org/#map=18/18.923053/-99.235948,189832052,https://www.openstreetmap.org/changeset/189832052,node,14239873296,2026-10-01T15:29:18Z,Mexico,within 0.00m of node 14239873297,tt_event
4178,crossing highway,Ayman Saad aldin,24550113,https://www.openstreetmap.org/#map=18/-2.231944/30.151376,189564846,https://www.openstreetmap.org/changeset/189564846,way,1562311476,2026-09-25T22:26:55Z,Rwanda,crosses way 1562311477 without a shared junction node,tt_event
4179,crossing highway,Ayman Saad aldin,24550113,https://www.openstreetmap.org/#map=18/-2.232070/30.146836,189564846,https://www.openstreetmap.org/changeset/189564846,way,1562311479,2026-09-25T22:26:55Z,Rwanda,crosses way 1562311480 without a shared junction node,tt_event
4180,floating highway,AdeAdigun,24357772,https://www.openstreetmap.org/#map=18/6.341132/5.741655,189564640,https://www.openstreetmap.org/changeset/189564640,way,835665157,2026-09-25T22:16:18Z,Nigeria,way 835665157: neither endpoint connects to any other highway -- isolated from the road network,tt_event
4181,floating highway,KingVik_TT,24345800,https://www.openstreetmap.org/#map=18/1.120809/32.211797,189564516,https://www.openstreetmap.org/changeset/189564516,way,1502120692,2026-09-25T22:11:04Z,Uganda,way 1502120692: neither endpoint connects to any other highway -- isolated from the road network,tt_event
4182,floating highway,KingVik_TT,24345800,https://www.openstreetmap.org/#map=18/1.273287/32.196385,189564482,https://www.openstreetmap.org/changeset/189564482,way,664738659,2026-09-25T22:09:43Z,Uganda,way 664738659: neither endpoint connects to any other highway -- isolated from the road network,tt_event
4183,floating highway,AdeAdigun,24357772,https://www.openstreetmap.org/#map=18/6.342380/5.727380,189566311,https://www.openstreetmap.org/changeset/189566311,way,550554857,2026-09-25T23:47:30Z,Nigeria,way 550554857: neither endpoint connects to any other highway -- isolated from the road network,tt_event
4184,floating highway,Dannyoung,11010237,https://www.openstreetmap.org/#map=18/6.418717/5.741724,189566068,https://www.openstreetmap.org/changeset/189566068,way,1562316336,2026-09-25T23:29:58Z,Nigeria,way 1562316336: neither endpoint connects to any other highway -- isolated from the road network,tt_event
4185,floating highway,Alpha_Planet,24368838,https://www.openstreetmap.org/#map=18/-5.870522/35.194710,189565962,https://www.openstreetmap.org/changeset/189565962,way,1003625637,2026-09-25T23:22:59Z,Tanzania,way 1003625637: neither endpoint connects to any other highway -- isolated from the road network,tt_event
4186,overlapping highway,KennyDap,21660928,https://www.openstreetmap.org/#map=18/33.512440/126.519431,189565897,https://www.openstreetmap.org/changeset/189565897,way,1535768303,2026-09-25T23:18:45Z,South Korea,runs alongside existing way 1535768304 (both 'footway') for 88% of its length,tt_event
4187,overlapping highway,KennyDap,21660928,https://www.openstreetmap.org/#map=18/33.512478/126.519031,189565897,https://www.openstreetmap.org/changeset/189565897,way,1535859586,2026-09-25T23:18:45Z,South Korea,runs alongside existing way 1531439378 (both 'footway') for 84% of its length,tt_event
4188,overlapping highway,KennyDap,21660928,https://www.openstreetmap.org/#map=18/33.512320/126.519120,189565897,https://www.openstreetmap.org/changeset/189565897,way,1535859587,2026-09-25T23:18:45Z,South Korea,runs alongside existing way 1531439377 (both 'footway') for 82% of its length,tt_event
4189,overlapping highway,KennyDap,21660928,https://www.openstreetmap.org/#map=18/33.512627/126.519313,189565897,https://www.openstreetmap.org/changeset/189565897,way,1535768301,2026-09-25T23:18:45Z,South Korea,runs alongside existing way 1535768302 (both 'footway') for 66% of its length,tt_event
4190,overlapping highway,KennyDap,21660928,https://www.openstreetmap.org/#map=18/33.512638/126.519293,189565897,https://www.openstreetmap.org/changeset/189565897,way,1535768302,2026-09-25T23:18:45Z,South Korea,runs alongside existing way 1535768301 (both 'footway') for 68% of its length,tt_event
4191,overlapping highway,KennyDap,21660928,https://www.openstreetmap.org/#map=18/33.512484/126.518997,189565897,https://www.openstreetmap.org/changeset/189565897,way,1530149335,2026-09-25T23:18:45Z,South Korea,runs alongside existing way 1535859586 (both 'footway') for 67% of its length,tt_event
4192,overlapping highway,KennyDap,21660928,https://www.openstreetmap.org/#map=18/33.512291/126.519103,189565897,https://www.openstreetmap.org/changeset/189565897,way,1530149336,2026-09-25T23:18:45Z,South Korea,runs alongside existing way 1535859587 (both 'footway') for 67% of its length,tt_event
4193,overlapping highway,KennyDap,21660928,https://www.openstreetmap.org/#map=18/33.512513/126.519044,189565897,https://www.openstreetmap.org/changeset/189565897,way,1530149337,2026-09-25T23:18:45Z,South Korea,runs alongside existing way 1531439379 (both 'footway') for 70% of its length,tt_event
4194,overlapping highway,KennyDap,21660928,https://www.openstreetmap.org/#map=18/33.512618/126.519326,189565897,https://www.openstreetmap.org/changeset/189565897,way,1530149338,2026-09-25T23:18:45Z,South Korea,runs alongside existing way 1535768302 (both 'footway') for 66% of its length,tt_event
4195,overlapping highway,KennyDap,21660928,https://www.openstreetmap.org/#map=18/33.512299/126.519116,189565897,https://www.openstreetmap.org/changeset/189565897,way,1531439376,2026-09-25T23:18:45Z,South Korea,runs alongside existing way 1535859587 (both 'footway') for 67% of its length,tt_event
4196,overlapping highway,KennyDap,21660928,https://www.openstreetmap.org/#map=18/33.512299/126.519116,189565897,https://www.openstreetmap.org/changeset/189565897,way,1531439377,2026-09-25T23:18:45Z,South Korea,runs alongside existing way 1535859587 (both 'footway') for 67% of its length,tt_event
4197,overlapping highway,KennyDap,21660928,https://www.openstreetmap.org/#map=18/33.512488/126.519011,189565897,https://www.openstreetmap.org/changeset/189565897,way,1531439378,2026-09-25T23:18:45Z,South Korea,runs alongside existing way 1535859586 (both 'footway') for 67% of its length,tt_event
4198,overlapping highway,KennyDap,21660928,https://www.openstreetmap.org/#map=18/33.512488/126.519011,189565897,https://www.openstreetmap.org/changeset/189565897,way,1531439379,2026-09-25T23:18:45Z,South Korea,runs alongside existing way 1535859586 (both 'footway') for 67% of its length,tt_event
4199,overlapping highway,KennyDap,21660928,https://www.openstreetmap.org/#map=18/33.512440/126.519436,189565897,https://www.openstreetmap.org/changeset/189565897,way,1530149333,2026-09-25T23:18:45Z,South Korea,runs alongside existing way 1535768304 (both 'footway') for 88% of its length,tt_event
4200,overlapping highway,KennyDap,21660928,https://www.openstreetmap.org/#map=18/33.512325/126.519117,189565897,https://www.openstreetmap.org/changeset/189565897,way,1530149340,2026-09-25T23:18:45Z,South Korea,runs alongside existing way 1531439377 (both 'footway') for 81% of its length,tt_event
4201,floating highway,Joachim_0,4498347,https://www.openstreetmap.org/#map=18/-15.589979/34.503505,189565750,https://www.openstreetmap.org/changeset/189565750,way,423347900,2026-09-25T23:12:48Z,Malawi,way 423347900: neither endpoint connects to any other highway -- isolated from the road network,tt_event
4202,floating highway,DoloresReis,16805459,https://www.openstreetmap.org/#map=18/-1.990249/30.151965,189567544,https://www.openstreetmap.org/changeset/189567544,way,668592388,2026-09-26T01:07:06Z,Rwanda,way 668592388: neither endpoint connects to any other highway -- isolated from the road network,tt_event
4203,floating highway,DoloresReis,16805459,https://www.openstreetmap.org/#map=18/-1.990844/30.154288,189567512,https://www.openstreetmap.org/changeset/189567512,way,668597559,2026-09-26T01:03:21Z,Rwanda,way 668597559: neither endpoint connects to any other highway -- isolated from the road network,tt_event
4204,floating highway,AdeAdigun,24357772,https://www.openstreetmap.org/#map=18/6.340721/5.737517,189567328,https://www.openstreetmap.org/changeset/189567328,way,835654032,2026-09-26T00:48:22Z,Nigeria,way 835654032: neither endpoint connects to any other highway -- isolated from the road network,tt_event
4205,floating highway,AdeAdigun,24357772,https://www.openstreetmap.org/#map=18/6.343367/5.735628,189567328,https://www.openstreetmap.org/changeset/189567328,way,610307432,2026-09-26T00:48:22Z,Nigeria,way 610307432: neither endpoint connects to any other highway -- isolated from the road network,tt_event
4206,crossing buildings,AdeAdigun,24357772,https://www.openstreetmap.org/#map=18/6.340045/5.737650,189567278,https://www.openstreetmap.org/changeset/189567278,way,1562322265,2026-09-26T00:46:04Z,Nigeria,outline crosses way 1553545311 (88% area overlap),tt_event
4207,floating highway,AdeAdigun,24357772,https://www.openstreetmap.org/#map=18/6.340447/5.735597,189567278,https://www.openstreetmap.org/changeset/189567278,way,835649584,2026-09-26T00:46:04Z,Nigeria,way 835649584: neither endpoint connects to any other highway -- isolated from the road network,tt_event
4208,floating highway,DoloresReis,16805459,https://www.openstreetmap.org/#map=18/-1.985666/30.139873,189567811,https://www.openstreetmap.org/changeset/189567811,way,667358594,2026-09-26T01:31:01Z,Rwanda,way 667358594: neither endpoint connects to any other highway -- isolated from the road network,tt_event
4209,floating highway,Alpha_Planet,24368838,https://www.openstreetmap.org/#map=18/-5.925320/35.378043,189567802,https://www.openstreetmap.org/changeset/189567802,way,773693887,2026-09-26T01:30:32Z,Tanzania,way 773693887: neither endpoint connects to any other highway -- isolated from the road network,tt_event
4210,floating highway,DoloresReis,16805459,https://www.openstreetmap.org/#map=18/-1.985219/30.143381,189567654,https://www.openstreetmap.org/changeset/189567654,way,911120043,2026-09-26T01:18:52Z,Rwanda,way 911120043: neither endpoint connects to any other highway -- isolated from the road network,tt_event
4211,floating highway,Baraka MP,24584848,https://www.openstreetmap.org/#map=18/-8.057463/111.704407,189569845,https://www.openstreetmap.org/changeset/189569845,way,679625064,2026-09-26T03:59:00Z,Indonesia,way 679625064: neither endpoint connects to any other highway -- isolated from the road network,tt_event
4212,node connected highway and building,Baraka MP,24584848,https://www.openstreetmap.org/#map=18/-8.057463/111.704407,189569845,https://www.openstreetmap.org/changeset/189569845,node,3371153745,2026-09-26T03:59:00Z,Indonesia,shared by highway way 679625064 and building way 330160583,tt_event
4213,node connected highway and building,Baraka MP,24584848,https://www.openstreetmap.org/#map=18/-8.057463/111.704407,189569845,https://www.openstreetmap.org/changeset/189569845,node,14218521894,2026-09-26T03:59:00Z,Indonesia,shared by highway way 679625064 and building way 330160583,tt_event
4214,feature mapped without primary tag,Jaspe Gentille,24313651,https://www.openstreetmap.org/#map=18/-25.904857/32.554173,189865535,https://www.openstreetmap.org/changeset/189865535,node,14242018460,2026-10-02T08:46:11Z,Mozambique,node 14242018460: tags present but none are a primary key: ['source'],tt_event
4215,feature mapped without primary tag,Jaspe Gentille,24313651,https://www.openstreetmap.org/#map=18/-25.904746/32.554167,189865535,https://www.openstreetmap.org/changeset/189865535,node,14242018461,2026-10-02T08:46:11Z,Mozambique,node 14242018461: tags present but none are a primary key: ['source'],tt_event
4216,feature mapped without primary tag,Jaspe Gentille,24313651,https://www.openstreetmap.org/#map=18/-25.905413/32.554039,189865535,https://www.openstreetmap.org/changeset/189865535,node,14242018462,2026-10-02T08:46:11Z,Mozambique,node 14242018462: tags present but none are a primary key: ['source'],tt_event
4217,feature mapped without primary tag,Jaspe Gentille,24313651,https://www.openstreetmap.org/#map=18/-25.905512/32.553965,189865535,https://www.openstreetmap.org/changeset/189865535,node,14242018463,2026-10-02T08:46:11Z,Mozambique,node 14242018463: tags present but none are a primary key: ['source'],tt_event
4218,feature mapped without primary tag,Jaspe Gentille,24313651,https://www.openstreetmap.org/#map=18/-25.905235/32.553869,189865535,https://www.openstreetmap.org/changeset/189865535,node,14242018464,2026-10-02T08:46:11Z,Mozambique,node 14242018464: tags present but none are a primary key: ['source'],tt_event
4219,feature mapped without primary tag,Jaspe Gentille,24313651,https://www.openstreetmap.org/#map=18/-25.905450/32.553517,189865535,https://www.openstreetmap.org/changeset/189865535,node,14242018465,2026-10-02T08:46:11Z,Mozambique,node 14242018465: tags present but none are a primary key: ['source'],tt_event
4220,feature mapped without primary tag,Jaspe Gentille,24313651,https://www.openstreetmap.org/#map=18/-25.905168/32.553922,189865535,https://www.openstreetmap.org/changeset/189865535,node,9807461257,2026-10-02T08:46:11Z,Mozambique,node 9807461257: tags present but none are a primary key: ['source'],tt_event
4221,feature mapped without primary tag,Jaspe Gentille,24313651,https://www.openstreetmap.org/#map=18/-25.905216/32.553839,189865535,https://www.openstreetmap.org/changeset/189865535,node,9807461258,2026-10-02T08:46:11Z,Mozambique,node 9807461258: tags present but none are a primary key: ['source'],tt_event
4222,feature mapped without primary tag,Jaspe Gentille,24313651,https://www.openstreetmap.org/#map=18/-25.905148/32.553892,189865535,https://www.openstreetmap.org/changeset/189865535,node,9807461259,2026-10-02T08:46:11Z,Mozambique,node 9807461259: tags present but none are a primary key: ['source'],tt_event
4223,feature mapped without primary tag,Jaspe Gentille,24313651,https://www.openstreetmap.org/#map=18/-25.905518/32.553630,189865535,https://www.openstreetmap.org/changeset/189865535,node,9807461275,2026-10-02T08:46:11Z,Mozambique,node 9807461275: tags present but none are a primary key: ['source'],tt_event
4224,feature mapped without primary tag,Jaspe Gentille,24313651,https://www.openstreetmap.org/#map=18/-25.905558/32.553600,189865535,https://www.openstreetmap.org/changeset/189865535,node,9807461276,2026-10-02T08:46:11Z,Mozambique,node 9807461276: tags present but none are a primary key: ['source'],tt_event
4225,feature mapped without primary tag,Jaspe Gentille,24313651,https://www.openstreetmap.org/#map=18/-25.905490/32.553488,189865535,https://www.openstreetmap.org/changeset/189865535,node,9807461277,2026-10-02T08:46:11Z,Mozambique,node 9807461277: tags present but none are a primary key: ['source'],tt_event
4226,feature mapped without primary tag,Jaspe Gentille,24313651,https://www.openstreetmap.org/#map=18/-25.905461/32.554272,189865535,https://www.openstreetmap.org/changeset/189865535,node,9807461279,2026-10-02T08:46:11Z,Mozambique,node 9807461279: tags present but none are a primary key: ['source'],tt_event
4227,feature mapped without primary tag,Jaspe Gentille,24313651,https://www.openstreetmap.org/#map=18/-25.905515/32.554231,189865535,https://www.openstreetmap.org/changeset/189865535,node,9807461280,2026-10-02T08:46:11Z,Mozambique,node 9807461280: tags present but none are a primary key: ['source'],tt_event
4228,feature mapped without primary tag,Jaspe Gentille,24313651,https://www.openstreetmap.org/#map=18/-25.905404/32.554049,189865535,https://www.openstreetmap.org/changeset/189865535,node,9807461281,2026-10-02T08:46:11Z,Mozambique,node 9807461281: tags present but none are a primary key: ['source'],tt_event
4229,feature mapped without primary tag,Jaspe Gentille,24313651,https://www.openstreetmap.org/#map=18/-25.905350/32.554090,189865535,https://www.openstreetmap.org/changeset/189865535,node,9807461282,2026-10-02T08:46:11Z,Mozambique,node 9807461282: tags present but none are a primary key: ['source'],tt_event
4230,feature mapped without primary tag,Jaspe Gentille,24313651,https://www.openstreetmap.org/#map=18/-25.905427/32.554063,189865535,https://www.openstreetmap.org/changeset/189865535,node,9807461287,2026-10-02T08:46:11Z,Mozambique,node 9807461287: tags present but none are a primary key: ['source'],tt_event
4231,feature mapped without primary tag,Jaspe Gentille,24313651,https://www.openstreetmap.org/#map=18/-25.905526/32.553989,189865535,https://www.openstreetmap.org/changeset/189865535,node,9807461288,2026-10-02T08:46:11Z,Mozambique,node 9807461288: tags present but none are a primary key: ['source'],tt_event
4232,feature mapped without primary tag,Jaspe Gentille,24313651,https://www.openstreetmap.org/#map=18/-25.905433/32.553527,189865535,https://www.openstreetmap.org/changeset/189865535,node,9807461305,2026-10-02T08:46:11Z,Mozambique,node 9807461305: tags present but none are a primary key: ['source'],tt_event
4233,feature mapped without primary tag,Jaspe Gentille,24313651,https://www.openstreetmap.org/#map=18/-25.905391/32.553562,189865535,https://www.openstreetmap.org/changeset/189865535,node,9807461306,2026-10-02T08:46:11Z,Mozambique,node 9807461306: tags present but none are a primary key: ['source'],tt_event
4234,feature mapped without primary tag,Jaspe Gentille,24313651,https://www.openstreetmap.org/#map=18/-25.905470/32.553678,189865535,https://www.openstreetmap.org/changeset/189865535,node,9807461307,2026-10-02T08:46:11Z,Mozambique,node 9807461307: tags present but none are a primary key: ['source'],tt_event
4235,feature mapped without primary tag,Jaspe Gentille,24313651,https://www.openstreetmap.org/#map=18/-25.905512/32.553643,189865535,https://www.openstreetmap.org/changeset/189865535,node,9807461308,2026-10-02T08:46:11Z,Mozambique,node 9807461308: tags present but none are a primary key: ['source'],tt_event
4236,feature mapped without primary tag,Jaspe Gentille,24313651,https://www.openstreetmap.org/#map=18/-25.905202/32.553630,189865535,https://www.openstreetmap.org/changeset/189865535,node,9807461313,2026-10-02T08:46:11Z,Mozambique,node 9807461313: tags present but none are a primary key: ['source'],tt_event
4237,feature mapped without primary tag,Jaspe Gentille,24313651,https://www.openstreetmap.org/#map=18/-25.905126/32.553698,189865535,https://www.openstreetmap.org/changeset/189865535,node,9807461314,2026-10-02T08:46:11Z,Mozambique,node 9807461314: tags present but none are a primary key: ['source'],tt_event
4238,feature mapped without primary tag,Jaspe Gentille,24313651,https://www.openstreetmap.org/#map=18/-25.904802/32.554234,189865535,https://www.openstreetmap.org/changeset/189865535,node,9807461367,2026-10-02T08:46:11Z,Mozambique,node 9807461367: tags present but none are a primary key: ['source'],tt_event
4239,feature mapped without primary tag,Jaspe Gentille,24313651,https://www.openstreetmap.org/#map=18/-25.904900/32.554154,189865535,https://www.openstreetmap.org/changeset/189865535,node,9807461368,2026-10-02T08:46:11Z,Mozambique,node 9807461368: tags present but none are a primary key: ['source'],tt_event
4240,duplicated node,Johann200104,21750436,https://www.openstreetmap.org/#map=18/-32.954539/27.693281,189864881,https://www.openstreetmap.org/changeset/189864881,node,14242027289,2026-10-02T08:32:17Z,South Africa,within 0.01m of node 14242027292,tt_event
4241,feature mapped without primary tag,Jaspe Gentille,24313651,https://www.openstreetmap.org/#map=18/-25.908694/32.555242,189866233,https://www.openstreetmap.org/changeset/189866233,node,9807461994,2026-10-02T08:59:39Z,Mozambique,node 9807461994: tags present but none are a primary key: ['source'],tt_event
4242,feature mapped without primary tag,Jaspe Gentille,24313651,https://www.openstreetmap.org/#map=18/-25.908642/32.555282,189866233,https://www.openstreetmap.org/changeset/189866233,node,9807461995,2026-10-02T08:59:39Z,Mozambique,node 9807461995: tags present but none are a primary key: ['source'],tt_event
4243,feature mapped without primary tag,Jaspe Gentille,24313651,https://www.openstreetmap.org/#map=18/-25.908626/32.555256,189866233,https://www.openstreetmap.org/changeset/189866233,node,9807461996,2026-10-02T08:59:39Z,Mozambique,node 9807461996: tags present but none are a primary key: ['source'],tt_event
4244,feature mapped without primary tag,Jaspe Gentille,24313651,https://www.openstreetmap.org/#map=18/-25.908678/32.555217,189866233,https://www.openstreetmap.org/changeset/189866233,node,9807461997,2026-10-02T08:59:39Z,Mozambique,node 9807461997: tags present but none are a primary key: ['source'],tt_event
4245,feature mapped without primary tag,Jaspe Gentille,24313651,https://www.openstreetmap.org/#map=18/-25.908587/32.556598,189866233,https://www.openstreetmap.org/changeset/189866233,node,9807462051,2026-10-02T08:59:39Z,Mozambique,node 9807462051: tags present but none are a primary key: ['source'],tt_event
4246,feature mapped without primary tag,Jaspe Gentille,24313651,https://www.openstreetmap.org/#map=18/-25.908557/32.556551,189866233,https://www.openstreetmap.org/changeset/189866233,node,9807462052,2026-10-02T08:59:39Z,Mozambique,node 9807462052: tags present but none are a primary key: ['source'],tt_event
4247,feature mapped without primary tag,Jaspe Gentille,24313651,https://www.openstreetmap.org/#map=18/-25.908664/32.556468,189866233,https://www.openstreetmap.org/changeset/189866233,node,9807462053,2026-10-02T08:59:39Z,Mozambique,node 9807462053: tags present but none are a primary key: ['source'],tt_event
4248,feature mapped without primary tag,Jaspe Gentille,24313651,https://www.openstreetmap.org/#map=18/-25.908693/32.556515,189866233,https://www.openstreetmap.org/changeset/189866233,node,9807462054,2026-10-02T08:59:39Z,Mozambique,node 9807462054: tags present but none are a primary key: ['source'],tt_event
4249,feature mapped without primary tag,Jaspe Gentille,24313651,https://www.openstreetmap.org/#map=18/-25.908386/32.556680,189866153,https://www.openstreetmap.org/changeset/189866153,node,14242224059,2026-10-02T08:58:14Z,Mozambique,node 14242224059: tags present but none are a primary key: ['source'],tt_event
4250,feature mapped without primary tag,Jaspe Gentille,24313651,https://www.openstreetmap.org/#map=18/-25.908434/32.555425,189866153,https://www.openstreetmap.org/changeset/189866153,node,14242224060,2026-10-02T08:58:14Z,Mozambique,node 14242224060: tags present but none are a primary key: ['source'],tt_event
4251,feature mapped without primary tag,Jaspe Gentille,24313651,https://www.openstreetmap.org/#map=18/-25.908299/32.555422,189866153,https://www.openstreetmap.org/changeset/189866153,node,14242224061,2026-10-02T08:58:14Z,Mozambique,node 14242224061: tags present but none are a primary key: ['source'],tt_event
4252,feature mapped without primary tag,Jaspe Gentille,24313651,https://www.openstreetmap.org/#map=18/-25.908389/32.555353,189866153,https://www.openstreetmap.org/changeset/189866153,node,9807461887,2026-10-02T08:58:14Z,Mozambique,node 9807461887: tags present but none are a primary key: ['source'],tt_event
4253,feature mapped without primary tag,Jaspe Gentille,24313651,https://www.openstreetmap.org/#map=18/-25.908345/32.555494,189866153,https://www.openstreetmap.org/changeset/189866153,node,9807461888,2026-10-02T08:58:14Z,Mozambique,node 9807461888: tags present but none are a primary key: ['source'],tt_event
4254,feature mapped without primary tag,Jaspe Gentille,24313651,https://www.openstreetmap.org/#map=18/-25.908352/32.555527,189866153,https://www.openstreetmap.org/changeset/189866153,node,9807461969,2026-10-02T08:58:14Z,Mozambique,node 9807461969: tags present but none are a primary key: ['source'],tt_event
4255,feature mapped without primary tag,Jaspe Gentille,24313651,https://www.openstreetmap.org/#map=18/-25.908286/32.555579,189866153,https://www.openstreetmap.org/changeset/189866153,node,9807461970,2026-10-02T08:58:14Z,Mozambique,node 9807461970: tags present but none are a primary key: ['source'],tt_event
4256,feature mapped without primary tag,Jaspe Gentille,24313651,https://www.openstreetmap.org/#map=18/-25.908370/32.555712,189866153,https://www.openstreetmap.org/changeset/189866153,node,9807461971,2026-10-02T08:58:14Z,Mozambique,node 9807461971: tags present but none are a primary key: ['source'],tt_event
4257,feature mapped without primary tag,Jaspe Gentille,24313651,https://www.openstreetmap.org/#map=18/-25.908436/32.555660,189866153,https://www.openstreetmap.org/changeset/189866153,node,9807461972,2026-10-02T08:58:14Z,Mozambique,node 9807461972: tags present but none are a primary key: ['source'],tt_event
4258,feature mapped without primary tag,Jaspe Gentille,24313651,https://www.openstreetmap.org/#map=18/-25.908483/32.556809,189866153,https://www.openstreetmap.org/changeset/189866153,node,9807462055,2026-10-02T08:58:14Z,Mozambique,node 9807462055: tags present but none are a primary key: ['source'],tt_event
4259,feature mapped without primary tag,Jaspe Gentille,24313651,https://www.openstreetmap.org/#map=18/-25.908439/32.556740,189866153,https://www.openstreetmap.org/changeset/189866153,node,9807462056,2026-10-02T08:58:14Z,Mozambique,node 9807462056: tags present but none are a primary key: ['source'],tt_event
4260,feature mapped without primary tag,Jaspe Gentille,24313651,https://www.openstreetmap.org/#map=18/-25.908556/32.556649,189866153,https://www.openstreetmap.org/changeset/189866153,node,9807462057,2026-10-02T08:58:14Z,Mozambique,node 9807462057: tags present but none are a primary key: ['source'],tt_event
4261,feature mapped without primary tag,Jaspe Gentille,24313651,https://www.openstreetmap.org/#map=18/-25.908600/32.556718,189866153,https://www.openstreetmap.org/changeset/189866153,node,9807462058,2026-10-02T08:58:14Z,Mozambique,node 9807462058: tags present but none are a primary key: ['source'],tt_event
4262,feature mapped without primary tag,Jaspe Gentille,24313651,https://www.openstreetmap.org/#map=18/-25.908357/32.556702,189866153,https://www.openstreetmap.org/changeset/189866153,node,9807462071,2026-10-02T08:58:14Z,Mozambique,node 9807462071: tags present but none are a primary key: ['source'],tt_event
4263,feature mapped without primary tag,Jaspe Gentille,24313651,https://www.openstreetmap.org/#map=18/-25.908482/32.556901,189866153,https://www.openstreetmap.org/changeset/189866153,node,9807462072,2026-10-02T08:58:14Z,Mozambique,node 9807462072: tags present but none are a primary key: ['source'],tt_event
4264,feature mapped without primary tag,Jaspe Gentille,24313651,https://www.openstreetmap.org/#map=18/-25.908511/32.556879,189866153,https://www.openstreetmap.org/changeset/189866153,node,9807462073,2026-10-02T08:58:14Z,Mozambique,node 9807462073: tags present but none are a primary key: ['source'],tt_event
4265,feature mapped without primary tag,Jaspe Gentille,24313651,https://www.openstreetmap.org/#map=18/-25.908384/32.556667,189866153,https://www.openstreetmap.org/changeset/189866153,node,9807462074,2026-10-02T08:58:14Z,Mozambique,node 9807462074: tags present but none are a primary key: ['source'],tt_event
4266,feature mapped without primary tag,Jaspe Gentille,24313651,https://www.openstreetmap.org/#map=18/-25.908543/32.556554,189866153,https://www.openstreetmap.org/changeset/189866153,node,9807462075,2026-10-02T08:58:14Z,Mozambique,node 9807462075: tags present but none are a primary key: ['source'],tt_event
4267,feature mapped without primary tag,Jaspe Gentille,24313651,https://www.openstreetmap.org/#map=18/-25.908390/32.556666,189866153,https://www.openstreetmap.org/changeset/189866153,node,9807462076,2026-10-02T08:58:14Z,Mozambique,node 9807462076: tags present but none are a primary key: ['source'],tt_event
4268,feature mapped without primary tag,Jaspe Gentille,24313651,https://www.openstreetmap.org/#map=18/-25.908424/32.556723,189866153,https://www.openstreetmap.org/changeset/189866153,node,9807462077,2026-10-02T08:58:14Z,Mozambique,node 9807462077: tags present but none are a primary key: ['source'],tt_event
4269,feature mapped without primary tag,Jaspe Gentille,24313651,https://www.openstreetmap.org/#map=18/-25.908577/32.556611,189866153,https://www.openstreetmap.org/changeset/189866153,node,9807462078,2026-10-02T08:58:14Z,Mozambique,node 9807462078: tags present but none are a primary key: ['source'],tt_event
4270,feature mapped without primary tag,Jaspe Gentille,24313651,https://www.openstreetmap.org/#map=18/-25.908365/32.556642,189866153,https://www.openstreetmap.org/changeset/189866153,node,9807462079,2026-10-02T08:58:14Z,Mozambique,node 9807462079: tags present but none are a primary key: ['source'],tt_event
4271,feature mapped without primary tag,Jaspe Gentille,24313651,https://www.openstreetmap.org/#map=18/-25.908294/32.556708,189866153,https://www.openstreetmap.org/changeset/189866153,node,9807462080,2026-10-02T08:58:14Z,Mozambique,node 9807462080: tags present but none are a primary key: ['source'],tt_event
4272,feature mapped without primary tag,Jaspe Gentille,24313651,https://www.openstreetmap.org/#map=18/-25.908313/32.556733,189866153,https://www.openstreetmap.org/changeset/189866153,node,9807462081,2026-10-02T08:58:14Z,Mozambique,node 9807462081: tags present but none are a primary key: ['source'],tt_event
4273,feature mapped without primary tag,Jaspe Gentille,24313651,https://www.openstreetmap.org/#map=18/-25.907576/32.555746,189866069,https://www.openstreetmap.org/changeset/189866069,node,14242208656,2026-10-02T08:56:21Z,Mozambique,node 14242208656: tags present but none are a primary key: ['source'],tt_event
4274,feature mapped without primary tag,Jaspe Gentille,24313651,https://www.openstreetmap.org/#map=18/-25.907421/32.557175,189866069,https://www.openstreetmap.org/changeset/189866069,node,14242208657,2026-10-02T08:56:21Z,Mozambique,node 14242208657: tags present but none are a primary key: ['source'],tt_event
4275,feature mapped without primary tag,Jaspe Gentille,24313651,https://www.openstreetmap.org/#map=18/-25.906111/32.556086,189866069,https://www.openstreetmap.org/changeset/189866069,node,9807460493,2026-10-02T08:56:21Z,Mozambique,node 9807460493: tags present but none are a primary key: ['source'],tt_event
4276,feature mapped without primary tag,Jaspe Gentille,24313651,https://www.openstreetmap.org/#map=18/-25.906168/32.556044,189866069,https://www.openstreetmap.org/changeset/189866069,node,9807460494,2026-10-02T08:56:21Z,Mozambique,node 9807460494: tags present but none are a primary key: ['source'],tt_event
4277,feature mapped without primary tag,Jaspe Gentille,24313651,https://www.openstreetmap.org/#map=18/-25.906120/32.555964,189866069,https://www.openstreetmap.org/changeset/189866069,node,9807460495,2026-10-02T08:56:21Z,Mozambique,node 9807460495: tags present but none are a primary key: ['source'],tt_event
4278,feature mapped without primary tag,Jaspe Gentille,24313651,https://www.openstreetmap.org/#map=18/-25.906063/32.556005,189866069,https://www.openstreetmap.org/changeset/189866069,node,9807460496,2026-10-02T08:56:21Z,Mozambique,node 9807460496: tags present but none are a primary key: ['source'],tt_event
4279,feature mapped without primary tag,Jaspe Gentille,24313651,https://www.openstreetmap.org/#map=18/-25.906127/32.555838,189866069,https://www.openstreetmap.org/changeset/189866069,node,9807460497,2026-10-02T08:56:21Z,Mozambique,node 9807460497: tags present but none are a primary key: ['source'],tt_event
4280,feature mapped without primary tag,Jaspe Gentille,24313651,https://www.openstreetmap.org/#map=18/-25.906032/32.555907,189866069,https://www.openstreetmap.org/changeset/189866069,node,9807460498,2026-10-02T08:56:21Z,Mozambique,node 9807460498: tags present but none are a primary key: ['source'],tt_event
4281,feature mapped without primary tag,Jaspe Gentille,24313651,https://www.openstreetmap.org/#map=18/-25.906081/32.555990,189866069,https://www.openstreetmap.org/changeset/189866069,node,9807460499,2026-10-02T08:56:21Z,Mozambique,node 9807460499: tags present but none are a primary key: ['source'],tt_event
4282,feature mapped without primary tag,Jaspe Gentille,24313651,https://www.openstreetmap.org/#map=18/-25.906176/32.555921,189866069,https://www.openstreetmap.org/changeset/189866069,node,9807460500,2026-10-02T08:56:21Z,Mozambique,node 9807460500: tags present but none are a primary key: ['source'],tt_event
4283,feature mapped without primary tag,Jaspe Gentille,24313651,https://www.openstreetmap.org/#map=18/-25.906758/32.556231,189866069,https://www.openstreetmap.org/changeset/189866069,node,9807461839,2026-10-02T08:56:21Z,Mozambique,node 9807461839: tags present but none are a primary key: ['source'],tt_event
4284,feature mapped without primary tag,Jaspe Gentille,24313651,https://www.openstreetmap.org/#map=18/-25.906701/32.556275,189866069,https://www.openstreetmap.org/changeset/189866069,node,9807461840,2026-10-02T08:56:21Z,Mozambique,node 9807461840: tags present but none are a primary key: ['source'],tt_event
4285,feature mapped without primary tag,Jaspe Gentille,24313651,https://www.openstreetmap.org/#map=18/-25.906764/32.556374,189866069,https://www.openstreetmap.org/changeset/189866069,node,9807461841,2026-10-02T08:56:21Z,Mozambique,node 9807461841: tags present but none are a primary key: ['source'],tt_event
4286,feature mapped without primary tag,Jaspe Gentille,24313651,https://www.openstreetmap.org/#map=18/-25.906820/32.556331,189866069,https://www.openstreetmap.org/changeset/189866069,node,9807461842,2026-10-02T08:56:21Z,Mozambique,node 9807461842: tags present but none are a primary key: ['source'],tt_event
4287,feature mapped without primary tag,Jaspe Gentille,24313651,https://www.openstreetmap.org/#map=18/-25.907048/32.556739,189866069,https://www.openstreetmap.org/changeset/189866069,node,9807461847,2026-10-02T08:56:21Z,Mozambique,node 9807461847: tags present but none are a primary key: ['source'],tt_event
4288,feature mapped without primary tag,Jaspe Gentille,24313651,https://www.openstreetmap.org/#map=18/-25.906979/32.556793,189866069,https://www.openstreetmap.org/changeset/189866069,node,9807461848,2026-10-02T08:56:21Z,Mozambique,node 9807461848: tags present but none are a primary key: ['source'],tt_event
4289,feature mapped without primary tag,Jaspe Gentille,24313651,https://www.openstreetmap.org/#map=18/-25.907073/32.556943,189866069,https://www.openstreetmap.org/changeset/189866069,node,9807461849,2026-10-02T08:56:21Z,Mozambique,node 9807461849: tags present but none are a primary key: ['source'],tt_event
4290,feature mapped without primary tag,Jaspe Gentille,24313651,https://www.openstreetmap.org/#map=18/-25.907143/32.556889,189866069,https://www.openstreetmap.org/changeset/189866069,node,9807461850,2026-10-02T08:56:21Z,Mozambique,node 9807461850: tags present but none are a primary key: ['source'],tt_event
4291,feature mapped without primary tag,Jaspe Gentille,24313651,https://www.openstreetmap.org/#map=18/-25.907000/32.556749,189866069,https://www.openstreetmap.org/changeset/189866069,node,9807461851,2026-10-02T08:56:21Z,Mozambique,node 9807461851: tags present but none are a primary key: ['source'],tt_event
4292,feature mapped without primary tag,Jaspe Gentille,24313651,https://www.openstreetmap.org/#map=18/-25.906958/32.556783,189866069,https://www.openstreetmap.org/changeset/189866069,node,9807461852,2026-10-02T08:56:21Z,Mozambique,node 9807461852: tags present but none are a primary key: ['source'],tt_event
4293,feature mapped without primary tag,Jaspe Gentille,24313651,https://www.openstreetmap.org/#map=18/-25.906886/32.556669,189866069,https://www.openstreetmap.org/changeset/189866069,node,9807461853,2026-10-02T08:56:21Z,Mozambique,node 9807461853: tags present but none are a primary key: ['source'],tt_event
4294,feature mapped without primary tag,Jaspe Gentille,24313651,https://www.openstreetmap.org/#map=18/-25.906928/32.556636,189866069,https://www.openstreetmap.org/changeset/189866069,node,9807461854,2026-10-02T08:56:21Z,Mozambique,node 9807461854: tags present but none are a primary key: ['source'],tt_event
4295,feature mapped without primary tag,Jaspe Gentille,24313651,https://www.openstreetmap.org/#map=18/-25.907432/32.557068,189866069,https://www.openstreetmap.org/changeset/189866069,node,9807462135,2026-10-02T08:56:21Z,Mozambique,node 9807462135: tags present but none are a primary key: ['source'],tt_event
4296,feature mapped without primary tag,Jaspe Gentille,24313651,https://www.openstreetmap.org/#map=18/-25.907472/32.557139,189866069,https://www.openstreetmap.org/changeset/189866069,node,9807462136,2026-10-02T08:56:21Z,Mozambique,node 9807462136: tags present but none are a primary key: ['source'],tt_event
4297,feature mapped without primary tag,Jaspe Gentille,24313651,https://www.openstreetmap.org/#map=18/-25.907381/32.557104,189866069,https://www.openstreetmap.org/changeset/189866069,node,9807462137,2026-10-02T08:56:21Z,Mozambique,node 9807462137: tags present but none are a primary key: ['source'],tt_event
4298,feature mapped without primary tag,Jaspe Gentille,24313651,https://www.openstreetmap.org/#map=18/-25.907503/32.557310,189866069,https://www.openstreetmap.org/changeset/189866069,node,9807462197,2026-10-02T08:56:21Z,Mozambique,node 9807462197: tags present but none are a primary key: ['source'],tt_event
4299,feature mapped without primary tag,Jaspe Gentille,24313651,https://www.openstreetmap.org/#map=18/-25.907429/32.557177,189866069,https://www.openstreetmap.org/changeset/189866069,node,9807462198,2026-10-02T08:56:21Z,Mozambique,node 9807462198: tags present but none are a primary key: ['source'],tt_event
4300,feature mapped without primary tag,Jaspe Gentille,24313651,https://www.openstreetmap.org/#map=18/-25.907458/32.557157,189866069,https://www.openstreetmap.org/changeset/189866069,node,9807462199,2026-10-02T08:56:21Z,Mozambique,node 9807462199: tags present but none are a primary key: ['source'],tt_event
4301,feature mapped without primary tag,Jaspe Gentille,24313651,https://www.openstreetmap.org/#map=18/-25.907535/32.557287,189866069,https://www.openstreetmap.org/changeset/189866069,node,9807462200,2026-10-02T08:56:21Z,Mozambique,node 9807462200: tags present but none are a primary key: ['source'],tt_event
4302,feature mapped without primary tag,Jaspe Gentille,24313651,https://www.openstreetmap.org/#map=18/-25.907605/32.555729,189866069,https://www.openstreetmap.org/changeset/189866069,node,9809637675,2026-10-02T08:56:21Z,Mozambique,node 9809637675: tags present but none are a primary key: ['source'],tt_event
4303,feature mapped without primary tag,Jaspe Gentille,24313651,https://www.openstreetmap.org/#map=18/-25.907646/32.555799,189866069,https://www.openstreetmap.org/changeset/189866069,node,9809637676,2026-10-02T08:56:21Z,Mozambique,node 9809637676: tags present but none are a primary key: ['source'],tt_event
4304,feature mapped without primary tag,Jaspe Gentille,24313651,https://www.openstreetmap.org/#map=18/-25.907616/32.555820,189866069,https://www.openstreetmap.org/changeset/189866069,node,9809637677,2026-10-02T08:56:21Z,Mozambique,node 9809637677: tags present but none are a primary key: ['source'],tt_event
4305,feature mapped without primary tag,Jaspe Gentille,24313651,https://www.openstreetmap.org/#map=18/-25.907576/32.555750,189866069,https://www.openstreetmap.org/changeset/189866069,node,9809637678,2026-10-02T08:56:21Z,Mozambique,node 9809637678: tags present but none are a primary key: ['source'],tt_event
4306,feature mapped without primary tag,Jaspe Gentille,24313651,https://www.openstreetmap.org/#map=18/-25.907540/32.555769,189866069,https://www.openstreetmap.org/changeset/189866069,node,9809637679,2026-10-02T08:56:21Z,Mozambique,node 9809637679: tags present but none are a primary key: ['source'],tt_event
4307,feature mapped without primary tag,Jaspe Gentille,24313651,https://www.openstreetmap.org/#map=18/-25.907510/32.555711,189866069,https://www.openstreetmap.org/changeset/189866069,node,9809637680,2026-10-02T08:56:21Z,Mozambique,node 9809637680: tags present but none are a primary key: ['source'],tt_event
4308,feature mapped without primary tag,Jaspe Gentille,24313651,https://www.openstreetmap.org/#map=18/-25.907576/32.555668,189866069,https://www.openstreetmap.org/changeset/189866069,node,9809637681,2026-10-02T08:56:21Z,Mozambique,node 9809637681: tags present but none are a primary key: ['source'],tt_event
4309,feature mapped without primary tag,Jaspe Gentille,24313651,https://www.openstreetmap.org/#map=18/-25.907607/32.555726,189866069,https://www.openstreetmap.org/changeset/189866069,node,9809637682,2026-10-02T08:56:21Z,Mozambique,node 9809637682: tags present but none are a primary key: ['source'],tt_event
4310,feature mapped without primary tag,Jaspe Gentille,24313651,https://www.openstreetmap.org/#map=18/-25.906836/32.556585,189866069,https://www.openstreetmap.org/changeset/189866069,node,9807461835,2026-10-02T08:56:21Z,Mozambique,node 9807461835: tags present but none are a primary key: ['source'],tt_event
4311,feature mapped without primary tag,Jaspe Gentille,24313651,https://www.openstreetmap.org/#map=18/-25.906872/32.556558,189866069,https://www.openstreetmap.org/changeset/189866069,node,9807461836,2026-10-02T08:56:21Z,Mozambique,node 9807461836: tags present but none are a primary key: ['source'],tt_event
4312,feature mapped without primary tag,Jaspe Gentille,24313651,https://www.openstreetmap.org/#map=18/-25.906688/32.556257,189866069,https://www.openstreetmap.org/changeset/189866069,node,9807461837,2026-10-02T08:56:21Z,Mozambique,node 9807461837: tags present but none are a primary key: ['source'],tt_event
4313,feature mapped without primary tag,Jaspe Gentille,24313651,https://www.openstreetmap.org/#map=18/-25.906652/32.556284,189866069,https://www.openstreetmap.org/changeset/189866069,node,9807461838,2026-10-02T08:56:21Z,Mozambique,node 9807461838: tags present but none are a primary key: ['source'],tt_event
4314,feature mapped without primary tag,Jaspe Gentille,24313651,https://www.openstreetmap.org/#map=18/-25.905703/32.557403,189865912,https://www.openstreetmap.org/changeset/189865912,node,14242187476,2026-10-02T08:53:14Z,Mozambique,node 14242187476: tags present but none are a primary key: ['source'],tt_event
4315,feature mapped without primary tag,Jaspe Gentille,24313651,https://www.openstreetmap.org/#map=18/-25.905633/32.557457,189865912,https://www.openstreetmap.org/changeset/189865912,node,9807461745,2026-10-02T08:53:14Z,Mozambique,node 9807461745: tags present but none are a primary key: ['source'],tt_event
4316,feature mapped without primary tag,Jaspe Gentille,24313651,https://www.openstreetmap.org/#map=18/-25.905713/32.557416,189865912,https://www.openstreetmap.org/changeset/189865912,node,9807461746,2026-10-02T08:53:14Z,Mozambique,node 9807461746: tags present but none are a primary key: ['source'],tt_event
4317,feature mapped without primary tag,Jaspe Gentille,24313651,https://www.openstreetmap.org/#map=18/-25.905622/32.557276,189865912,https://www.openstreetmap.org/changeset/189865912,node,9807461747,2026-10-02T08:53:14Z,Mozambique,node 9807461747: tags present but none are a primary key: ['source'],tt_event
4318,feature mapped without primary tag,Jaspe Gentille,24313651,https://www.openstreetmap.org/#map=18/-25.905553/32.557330,189865912,https://www.openstreetmap.org/changeset/189865912,node,9807461748,2026-10-02T08:53:14Z,Mozambique,node 9807461748: tags present but none are a primary key: ['source'],tt_event
4319,feature mapped without primary tag,Jaspe Gentille,24313651,https://www.openstreetmap.org/#map=18/-25.905781/32.557365,189865912,https://www.openstreetmap.org/changeset/189865912,node,9807461759,2026-10-02T08:53:14Z,Mozambique,node 9807461759: tags present but none are a primary key: ['source'],tt_event
4320,feature mapped without primary tag,Jaspe Gentille,24313651,https://www.openstreetmap.org/#map=18/-25.905896/32.557554,189865912,https://www.openstreetmap.org/changeset/189865912,node,9807461760,2026-10-02T08:53:14Z,Mozambique,node 9807461760: tags present but none are a primary key: ['source'],tt_event
4321,feature mapped without primary tag,Jaspe Gentille,24313651,https://www.openstreetmap.org/#map=18/-25.905869/32.557574,189865912,https://www.openstreetmap.org/changeset/189865912,node,9807461761,2026-10-02T08:53:14Z,Mozambique,node 9807461761: tags present but none are a primary key: ['source'],tt_event
4322,feature mapped without primary tag,Jaspe Gentille,24313651,https://www.openstreetmap.org/#map=18/-25.905775/32.557418,189865912,https://www.openstreetmap.org/changeset/189865912,node,9807461762,2026-10-02T08:53:14Z,Mozambique,node 9807461762: tags present but none are a primary key: ['source'],tt_event
4323,feature mapped without primary tag,Jaspe Gentille,24313651,https://www.openstreetmap.org/#map=18/-25.905656/32.557508,189865912,https://www.openstreetmap.org/changeset/189865912,node,9807461763,2026-10-02T08:53:14Z,Mozambique,node 9807461763: tags present but none are a primary key: ['source'],tt_event
4324,feature mapped without primary tag,Jaspe Gentille,24313651,https://www.openstreetmap.org/#map=18/-25.905636/32.557474,189865912,https://www.openstreetmap.org/changeset/189865912,node,9807461764,2026-10-02T08:53:14Z,Mozambique,node 9807461764: tags present but none are a primary key: ['source'],tt_event
4325,feature mapped without primary tag,Jaspe Gentille,24313651,https://www.openstreetmap.org/#map=18/-25.905925/32.557986,189865912,https://www.openstreetmap.org/changeset/189865912,node,9807462341,2026-10-02T08:53:14Z,Mozambique,node 9807462341: tags present but none are a primary key: ['source'],tt_event
4326,feature mapped without primary tag,Jaspe Gentille,24313651,https://www.openstreetmap.org/#map=18/-25.905817/32.558063,189865912,https://www.openstreetmap.org/changeset/189865912,node,9807462342,2026-10-02T08:53:14Z,Mozambique,node 9807462342: tags present but none are a primary key: ['source'],tt_event
4327,feature mapped without primary tag,Jaspe Gentille,24313651,https://www.openstreetmap.org/#map=18/-25.905843/32.558108,189865912,https://www.openstreetmap.org/changeset/189865912,node,9807462343,2026-10-02T08:53:14Z,Mozambique,node 9807462343: tags present but none are a primary key: ['source'],tt_event
4328,feature mapped without primary tag,Jaspe Gentille,24313651,https://www.openstreetmap.org/#map=18/-25.905951/32.558031,189865912,https://www.openstreetmap.org/changeset/189865912,node,9807462344,2026-10-02T08:53:14Z,Mozambique,node 9807462344: tags present but none are a primary key: ['source'],tt_event
4329,feature mapped without primary tag,Jaspe Gentille,24313651,https://www.openstreetmap.org/#map=18/-25.905926/32.558052,189865912,https://www.openstreetmap.org/changeset/189865912,node,9807462345,2026-10-02T08:53:14Z,Mozambique,node 9807462345: tags present but none are a primary key: ['source'],tt_event
4330,feature mapped without primary tag,Jaspe Gentille,24313651,https://www.openstreetmap.org/#map=18/-25.905889/32.558078,189865912,https://www.openstreetmap.org/changeset/189865912,node,9807462346,2026-10-02T08:53:14Z,Mozambique,node 9807462346: tags present but none are a primary key: ['source'],tt_event
4331,feature mapped without primary tag,Jaspe Gentille,24313651,https://www.openstreetmap.org/#map=18/-25.905929/32.558147,189865912,https://www.openstreetmap.org/changeset/189865912,node,9807462347,2026-10-02T08:53:14Z,Mozambique,node 9807462347: tags present but none are a primary key: ['source'],tt_event
4332,feature mapped without primary tag,Jaspe Gentille,24313651,https://www.openstreetmap.org/#map=18/-25.905966/32.558121,189865912,https://www.openstreetmap.org/changeset/189865912,node,9807462348,2026-10-02T08:53:14Z,Mozambique,node 9807462348: tags present but none are a primary key: ['source'],tt_event
4333,feature mapped without primary tag,Jaspe Gentille,24313651,https://www.openstreetmap.org/#map=18/-25.906133/32.558335,189865912,https://www.openstreetmap.org/changeset/189865912,node,9807462361,2026-10-02T08:53:14Z,Mozambique,node 9807462361: tags present but none are a primary key: ['source'],tt_event
4334,feature mapped without primary tag,Jaspe Gentille,24313651,https://www.openstreetmap.org/#map=18/-25.906103/32.558356,189865912,https://www.openstreetmap.org/changeset/189865912,node,9807462362,2026-10-02T08:53:14Z,Mozambique,node 9807462362: tags present but none are a primary key: ['source'],tt_event
4335,feature mapped without primary tag,Jaspe Gentille,24313651,https://www.openstreetmap.org/#map=18/-25.906163/32.558461,189865912,https://www.openstreetmap.org/changeset/189865912,node,9807462363,2026-10-02T08:53:14Z,Mozambique,node 9807462363: tags present but none are a primary key: ['source'],tt_event
4336,feature mapped without primary tag,Jaspe Gentille,24313651,https://www.openstreetmap.org/#map=18/-25.906193/32.558439,189865912,https://www.openstreetmap.org/changeset/189865912,node,9807462364,2026-10-02T08:53:14Z,Mozambique,node 9807462364: tags present but none are a primary key: ['source'],tt_event
4337,feature mapped without primary tag,Jaspe Gentille,24313651,https://www.openstreetmap.org/#map=18/-25.906139/32.558437,189865912,https://www.openstreetmap.org/changeset/189865912,node,9807462376,2026-10-02T08:53:14Z,Mozambique,node 9807462376: tags present but none are a primary key: ['source'],tt_event
4338,feature mapped without primary tag,Jaspe Gentille,24313651,https://www.openstreetmap.org/#map=18/-25.906029/32.558517,189865912,https://www.openstreetmap.org/changeset/189865912,node,9807462377,2026-10-02T08:53:14Z,Mozambique,node 9807462377: tags present but none are a primary key: ['source'],tt_event
4339,feature mapped without primary tag,Jaspe Gentille,24313651,https://www.openstreetmap.org/#map=18/-25.906043/32.558542,189865912,https://www.openstreetmap.org/changeset/189865912,node,9807462378,2026-10-02T08:53:14Z,Mozambique,node 9807462378: tags present but none are a primary key: ['source'],tt_event
4340,feature mapped without primary tag,Jaspe Gentille,24313651,https://www.openstreetmap.org/#map=18/-25.906154/32.558463,189865912,https://www.openstreetmap.org/changeset/189865912,node,9807462379,2026-10-02T08:53:14Z,Mozambique,node 9807462379: tags present but none are a primary key: ['source'],tt_event
4341,feature mapped without primary tag,Jaspe Gentille,24313651,https://www.openstreetmap.org/#map=18/-25.905547/32.558802,189865912,https://www.openstreetmap.org/changeset/189865912,node,9807462440,2026-10-02T08:53:14Z,Mozambique,node 9807462440: tags present but none are a primary key: ['source'],tt_event
4342,feature mapped without primary tag,Jaspe Gentille,24313651,https://www.openstreetmap.org/#map=18/-25.905515/32.558826,189865912,https://www.openstreetmap.org/changeset/189865912,node,9807462441,2026-10-02T08:53:14Z,Mozambique,node 9807462441: tags present but none are a primary key: ['source'],tt_event
4343,feature mapped without primary tag,Jaspe Gentille,24313651,https://www.openstreetmap.org/#map=18/-25.905369/32.558573,189865912,https://www.openstreetmap.org/changeset/189865912,node,9807462442,2026-10-02T08:53:14Z,Mozambique,node 9807462442: tags present but none are a primary key: ['source'],tt_event
4344,feature mapped without primary tag,Jaspe Gentille,24313651,https://www.openstreetmap.org/#map=18/-25.905401/32.558550,189865912,https://www.openstreetmap.org/changeset/189865912,node,9807462443,2026-10-02T08:53:14Z,Mozambique,node 9807462443: tags present but none are a primary key: ['source'],tt_event
4345,feature mapped without primary tag,Jaspe Gentille,24313651,https://www.openstreetmap.org/#map=18/-25.905344/32.558568,189865912,https://www.openstreetmap.org/changeset/189865912,node,9807462444,2026-10-02T08:53:14Z,Mozambique,node 9807462444: tags present but none are a primary key: ['source'],tt_event
4346,feature mapped without primary tag,Jaspe Gentille,24313651,https://www.openstreetmap.org/#map=18/-25.905246/32.558639,189865912,https://www.openstreetmap.org/changeset/189865912,node,9807462445,2026-10-02T08:53:14Z,Mozambique,node 9807462445: tags present but none are a primary key: ['source'],tt_event
4347,feature mapped without primary tag,Jaspe Gentille,24313651,https://www.openstreetmap.org/#map=18/-25.905328/32.558781,189865912,https://www.openstreetmap.org/changeset/189865912,node,9807462446,2026-10-02T08:53:14Z,Mozambique,node 9807462446: tags present but none are a primary key: ['source'],tt_event
4348,feature mapped without primary tag,Jaspe Gentille,24313651,https://www.openstreetmap.org/#map=18/-25.905427/32.558710,189865912,https://www.openstreetmap.org/changeset/189865912,node,9807462447,2026-10-02T08:53:14Z,Mozambique,node 9807462447: tags present but none are a primary key: ['source'],tt_event
4349,feature mapped without primary tag,Jaspe Gentille,24313651,https://www.openstreetmap.org/#map=18/-25.905040/32.557915,189865843,https://www.openstreetmap.org/changeset/189865843,node,14242172494,2026-10-02T08:51:56Z,Mozambique,node 14242172494: tags present but none are a primary key: ['source'],tt_event
4350,feature mapped without primary tag,Jaspe Gentille,24313651,https://www.openstreetmap.org/#map=18/-25.905110/32.557773,189865843,https://www.openstreetmap.org/changeset/189865843,node,14242172495,2026-10-02T08:51:56Z,Mozambique,node 14242172495: tags present but none are a primary key: ['source'],tt_event
4351,feature mapped without primary tag,Jaspe Gentille,24313651,https://www.openstreetmap.org/#map=18/-25.905004/32.557845,189865843,https://www.openstreetmap.org/changeset/189865843,node,9807461568,2026-10-02T08:51:56Z,Mozambique,node 9807461568: tags present but none are a primary key: ['source'],tt_event
4352,feature mapped without primary tag,Jaspe Gentille,24313651,https://www.openstreetmap.org/#map=18/-25.905075/32.557708,189865843,https://www.openstreetmap.org/changeset/189865843,node,9807461570,2026-10-02T08:51:56Z,Mozambique,node 9807461570: tags present but none are a primary key: ['source'],tt_event
4353,feature mapped without primary tag,Jaspe Gentille,24313651,https://www.openstreetmap.org/#map=18/-25.904968/32.557781,189865843,https://www.openstreetmap.org/changeset/189865843,node,9807461571,2026-10-02T08:51:56Z,Mozambique,node 9807461571: tags present but none are a primary key: ['source'],tt_event
4354,feature mapped without primary tag,Jaspe Gentille,24313651,https://www.openstreetmap.org/#map=18/-25.905164/32.558249,189865843,https://www.openstreetmap.org/changeset/189865843,node,9807461624,2026-10-02T08:51:56Z,Mozambique,node 9807461624: tags present but none are a primary key: ['source'],tt_event
4355,feature mapped without primary tag,Jaspe Gentille,24313651,https://www.openstreetmap.org/#map=18/-25.905200/32.558224,189865843,https://www.openstreetmap.org/changeset/189865843,node,9807461625,2026-10-02T08:51:56Z,Mozambique,node 9807461625: tags present but none are a primary key: ['source'],tt_event
4356,feature mapped without primary tag,Jaspe Gentille,24313651,https://www.openstreetmap.org/#map=18/-25.905084/32.558025,189865843,https://www.openstreetmap.org/changeset/189865843,node,9807461626,2026-10-02T08:51:56Z,Mozambique,node 9807461626: tags present but none are a primary key: ['source'],tt_event
4357,feature mapped without primary tag,Jaspe Gentille,24313651,https://www.openstreetmap.org/#map=18/-25.905049/32.558050,189865843,https://www.openstreetmap.org/changeset/189865843,node,9807461627,2026-10-02T08:51:56Z,Mozambique,node 9807461627: tags present but none are a primary key: ['source'],tt_event
4358,feature mapped without primary tag,Jaspe Gentille,24313651,https://www.openstreetmap.org/#map=18/-25.905107/32.557867,189865843,https://www.openstreetmap.org/changeset/189865843,node,9807461640,2026-10-02T08:51:56Z,Mozambique,node 9807461640: tags present but none are a primary key: ['source'],tt_event
4359,feature mapped without primary tag,Jaspe Gentille,24313651,https://www.openstreetmap.org/#map=18/-25.905114/32.558043,189865843,https://www.openstreetmap.org/changeset/189865843,node,9807461642,2026-10-02T08:51:56Z,Mozambique,node 9807461642: tags present but none are a primary key: ['source'],tt_event
4360,feature mapped without primary tag,Jaspe Gentille,24313651,https://www.openstreetmap.org/#map=18/-25.905181/32.557995,189865843,https://www.openstreetmap.org/changeset/189865843,node,9807461643,2026-10-02T08:51:56Z,Mozambique,node 9807461643: tags present but none are a primary key: ['source'],tt_event
4361,feature mapped without primary tag,Jaspe Gentille,24313651,https://www.openstreetmap.org/#map=18/-25.905119/32.557776,189865843,https://www.openstreetmap.org/changeset/189865843,node,9807461644,2026-10-02T08:51:56Z,Mozambique,node 9807461644: tags present but none are a primary key: ['source'],tt_event
4362,feature mapped without primary tag,Jaspe Gentille,24313651,https://www.openstreetmap.org/#map=18/-25.905040/32.557833,189865843,https://www.openstreetmap.org/changeset/189865843,node,9807461645,2026-10-02T08:51:56Z,Mozambique,node 9807461645: tags present but none are a primary key: ['source'],tt_event
4363,feature mapped without primary tag,Jaspe Gentille,24313651,https://www.openstreetmap.org/#map=18/-25.905065/32.557876,189865843,https://www.openstreetmap.org/changeset/189865843,node,9807461646,2026-10-02T08:51:56Z,Mozambique,node 9807461646: tags present but none are a primary key: ['source'],tt_event
4364,feature mapped without primary tag,Jaspe Gentille,24313651,https://www.openstreetmap.org/#map=18/-25.905144/32.557819,189865843,https://www.openstreetmap.org/changeset/189865843,node,9807461647,2026-10-02T08:51:56Z,Mozambique,node 9807461647: tags present but none are a primary key: ['source'],tt_event
4365,feature mapped without primary tag,Jaspe Gentille,24313651,https://www.openstreetmap.org/#map=18/-25.904164/32.557254,189865799,https://www.openstreetmap.org/changeset/189865799,node,14242156913,2026-10-02T08:50:57Z,Mozambique,node 14242156913: tags present but none are a primary key: ['source'],tt_event
4366,feature mapped without primary tag,Jaspe Gentille,24313651,https://www.openstreetmap.org/#map=18/-25.904193/32.557233,189865799,https://www.openstreetmap.org/changeset/189865799,node,9807461520,2026-10-02T08:50:57Z,Mozambique,node 9807461520: tags present but none are a primary key: ['source'],tt_event
4367,feature mapped without primary tag,Jaspe Gentille,24313651,https://www.openstreetmap.org/#map=18/-25.904236/32.557380,189865799,https://www.openstreetmap.org/changeset/189865799,node,9807461522,2026-10-02T08:50:57Z,Mozambique,node 9807461522: tags present but none are a primary key: ['source'],tt_event
4368,feature mapped without primary tag,Jaspe Gentille,24313651,https://www.openstreetmap.org/#map=18/-25.904266/32.557358,189865799,https://www.openstreetmap.org/changeset/189865799,node,9807461523,2026-10-02T08:50:57Z,Mozambique,node 9807461523: tags present but none are a primary key: ['source'],tt_event
4369,feature mapped without primary tag,Jaspe Gentille,24313651,https://www.openstreetmap.org/#map=18/-25.904298/32.557173,189865799,https://www.openstreetmap.org/changeset/189865799,node,9807461528,2026-10-02T08:50:57Z,Mozambique,node 9807461528: tags present but none are a primary key: ['source'],tt_event
4370,feature mapped without primary tag,Jaspe Gentille,24313651,https://www.openstreetmap.org/#map=18/-25.904214/32.557233,189865799,https://www.openstreetmap.org/changeset/189865799,node,9807461529,2026-10-02T08:50:57Z,Mozambique,node 9807461529: tags present but none are a primary key: ['source'],tt_event
4371,feature mapped without primary tag,Jaspe Gentille,24313651,https://www.openstreetmap.org/#map=18/-25.904229/32.557260,189865799,https://www.openstreetmap.org/changeset/189865799,node,9807461530,2026-10-02T08:50:57Z,Mozambique,node 9807461530: tags present but none are a primary key: ['source'],tt_event
4372,feature mapped without primary tag,Jaspe Gentille,24313651,https://www.openstreetmap.org/#map=18/-25.904314/32.557200,189865799,https://www.openstreetmap.org/changeset/189865799,node,9807461531,2026-10-02T08:50:57Z,Mozambique,node 9807461531: tags present but none are a primary key: ['source'],tt_event
4373,feature mapped without primary tag,Jaspe Gentille,24313651,https://www.openstreetmap.org/#map=18/-25.904301/32.555662,189865756,https://www.openstreetmap.org/changeset/189865756,node,14242132513,2026-10-02T08:50:20Z,Mozambique,node 14242132513: tags present but none are a primary key: ['source'],tt_event
4374,feature mapped without primary tag,Jaspe Gentille,24313651,https://www.openstreetmap.org/#map=18/-25.904361/32.555770,189865756,https://www.openstreetmap.org/changeset/189865756,node,14242132514,2026-10-02T08:50:20Z,Mozambique,node 14242132514: tags present but none are a primary key: ['source'],tt_event
4375,feature mapped without primary tag,Jaspe Gentille,24313651,https://www.openstreetmap.org/#map=18/-25.904307/32.555659,189865756,https://www.openstreetmap.org/changeset/189865756,node,9807460664,2026-10-02T08:50:20Z,Mozambique,node 9807460664: tags present but none are a primary key: ['source'],tt_event
4376,feature mapped without primary tag,Jaspe Gentille,24313651,https://www.openstreetmap.org/#map=18/-25.904328/32.555645,189865756,https://www.openstreetmap.org/changeset/189865756,node,9807460665,2026-10-02T08:50:20Z,Mozambique,node 9807460665: tags present but none are a primary key: ['source'],tt_event
4377,feature mapped without primary tag,Jaspe Gentille,24313651,https://www.openstreetmap.org/#map=18/-25.904389/32.555754,189865756,https://www.openstreetmap.org/changeset/189865756,node,9807460666,2026-10-02T08:50:20Z,Mozambique,node 9807460666: tags present but none are a primary key: ['source'],tt_event
4378,feature mapped without primary tag,Jaspe Gentille,24313651,https://www.openstreetmap.org/#map=18/-25.904394/32.555759,189865756,https://www.openstreetmap.org/changeset/189865756,node,9807460667,2026-10-02T08:50:20Z,Mozambique,node 9807460667: tags present but none are a primary key: ['source'],tt_event
4379,feature mapped without primary tag,Jaspe Gentille,24313651,https://www.openstreetmap.org/#map=18/-25.904182/32.555906,189865756,https://www.openstreetmap.org/changeset/189865756,node,9807460668,2026-10-02T08:50:20Z,Mozambique,node 9807460668: tags present but none are a primary key: ['source'],tt_event
4380,feature mapped without primary tag,Jaspe Gentille,24313651,https://www.openstreetmap.org/#map=18/-25.904196/32.555932,189865756,https://www.openstreetmap.org/changeset/189865756,node,9807460669,2026-10-02T08:50:20Z,Mozambique,node 9807460669: tags present but none are a primary key: ['source'],tt_event
4381,feature mapped without primary tag,Jaspe Gentille,24313651,https://www.openstreetmap.org/#map=18/-25.904408/32.555785,189865756,https://www.openstreetmap.org/changeset/189865756,node,9807460670,2026-10-02T08:50:20Z,Mozambique,node 9807460670: tags present but none are a primary key: ['source'],tt_event
4382,feature mapped without primary tag,Jaspe Gentille,24313651,https://www.openstreetmap.org/#map=18/-25.904308/32.555661,189865756,https://www.openstreetmap.org/changeset/189865756,node,9807460671,2026-10-02T08:50:20Z,Mozambique,node 9807460671: tags present but none are a primary key: ['source'],tt_event
4383,feature mapped without primary tag,Jaspe Gentille,24313651,https://www.openstreetmap.org/#map=18/-25.904205/32.555729,189865756,https://www.openstreetmap.org/changeset/189865756,node,9807460672,2026-10-02T08:50:20Z,Mozambique,node 9807460672: tags present but none are a primary key: ['source'],tt_event
4384,feature mapped without primary tag,Jaspe Gentille,24313651,https://www.openstreetmap.org/#map=18/-25.904266/32.555836,189865756,https://www.openstreetmap.org/changeset/189865756,node,9807460673,2026-10-02T08:50:20Z,Mozambique,node 9807460673: tags present but none are a primary key: ['source'],tt_event
4385,feature mapped without primary tag,Jaspe Gentille,24313651,https://www.openstreetmap.org/#map=18/-25.904369/32.555769,189865756,https://www.openstreetmap.org/changeset/189865756,node,9807460674,2026-10-02T08:50:20Z,Mozambique,node 9807460674: tags present but none are a primary key: ['source'],tt_event
4386,feature mapped without primary tag,Jaspe Gentille,24313651,https://www.openstreetmap.org/#map=18/-25.903931/32.556304,189865756,https://www.openstreetmap.org/changeset/189865756,node,9807461445,2026-10-02T08:50:20Z,Mozambique,node 9807461445: tags present but none are a primary key: ['source'],tt_event
4387,feature mapped without primary tag,Jaspe Gentille,24313651,https://www.openstreetmap.org/#map=18/-25.903887/32.556333,189865756,https://www.openstreetmap.org/changeset/189865756,node,9807461446,2026-10-02T08:50:20Z,Mozambique,node 9807461446: tags present but none are a primary key: ['source'],tt_event
4388,feature mapped without primary tag,Jaspe Gentille,24313651,https://www.openstreetmap.org/#map=18/-25.903946/32.556446,189865756,https://www.openstreetmap.org/changeset/189865756,node,9807461447,2026-10-02T08:50:20Z,Mozambique,node 9807461447: tags present but none are a primary key: ['source'],tt_event
4389,feature mapped without primary tag,Jaspe Gentille,24313651,https://www.openstreetmap.org/#map=18/-25.903990/32.556418,189865756,https://www.openstreetmap.org/changeset/189865756,node,9807461448,2026-10-02T08:50:20Z,Mozambique,node 9807461448: tags present but none are a primary key: ['source'],tt_event
4390,feature mapped without primary tag,Jaspe Gentille,24313651,https://www.openstreetmap.org/#map=18/-25.903978/32.556276,189865756,https://www.openstreetmap.org/changeset/189865756,node,9807461449,2026-10-02T08:50:20Z,Mozambique,node 9807461449: tags present but none are a primary key: ['source'],tt_event
4391,feature mapped without primary tag,Jaspe Gentille,24313651,https://www.openstreetmap.org/#map=18/-25.903934/32.556304,189865756,https://www.openstreetmap.org/changeset/189865756,node,9807461450,2026-10-02T08:50:20Z,Mozambique,node 9807461450: tags present but none are a primary key: ['source'],tt_event
4392,feature mapped without primary tag,Jaspe Gentille,24313651,https://www.openstreetmap.org/#map=18/-25.903979/32.556391,189865756,https://www.openstreetmap.org/changeset/189865756,node,9807461451,2026-10-02T08:50:20Z,Mozambique,node 9807461451: tags present but none are a primary key: ['source'],tt_event
4393,feature mapped without primary tag,Jaspe Gentille,24313651,https://www.openstreetmap.org/#map=18/-25.904023/32.556363,189865756,https://www.openstreetmap.org/changeset/189865756,node,9807461452,2026-10-02T08:50:20Z,Mozambique,node 9807461452: tags present but none are a primary key: ['source'],tt_event
4394,feature mapped without primary tag,athelen,24602144,https://www.openstreetmap.org/#map=18/43.140767/20.503943,189866968,https://www.openstreetmap.org/changeset/189866968,node,11113961398,2026-10-02T09:14:32Z,Serbia,"node 11113961398: tags present but none are a primary key: ['addr:housenumber', 'addr:street', 'ref:RS:kucni_broj']",tt_event
4395,feature mapped without primary tag,athelen,24602144,https://www.openstreetmap.org/#map=18/43.140752/20.503884,189866968,https://www.openstreetmap.org/changeset/189866968,node,11113961399,2026-10-02T09:14:32Z,Serbia,"node 11113961399: tags present but none are a primary key: ['addr:housenumber', 'addr:street', 'ref:RS:kucni_broj']",tt_event
4396,feature mapped without primary tag,athelen,24602144,https://www.openstreetmap.org/#map=18/43.140689/20.503542,189866968,https://www.openstreetmap.org/changeset/189866968,node,11113961400,2026-10-02T09:14:32Z,Serbia,"node 11113961400: tags present but none are a primary key: ['addr:housenumber', 'addr:street', 'ref:RS:kucni_broj']",tt_event
4397,feature mapped without primary tag,athelen,24602144,https://www.openstreetmap.org/#map=18/43.140661/20.503425,189866968,https://www.openstreetmap.org/changeset/189866968,node,11113961401,2026-10-02T09:14:32Z,Serbia,"node 11113961401: tags present but none are a primary key: ['addr:housenumber', 'addr:street', 'ref:RS:kucni_broj']",tt_event
4398,feature mapped without primary tag,athelen,24602144,https://www.openstreetmap.org/#map=18/43.140582/20.503335,189866968,https://www.openstreetmap.org/changeset/189866968,node,11113961402,2026-10-02T09:14:32Z,Serbia,"node 11113961402: tags present but none are a primary key: ['addr:housenumber', 'addr:street', 'ref:RS:kucni_broj']",tt_event
4399,feature mapped without primary tag,athelen,24602144,https://www.openstreetmap.org/#map=18/43.140575/20.503240,189866968,https://www.openstreetmap.org/changeset/189866968,node,11113961403,2026-10-02T09:14:32Z,Serbia,"node 11113961403: tags present but none are a primary key: ['addr:housenumber', 'addr:street', 'ref:RS:kucni_broj']",tt_event
4400,feature mapped without primary tag,athelen,24602144,https://www.openstreetmap.org/#map=18/43.140635/20.504253,189866968,https://www.openstreetmap.org/changeset/189866968,node,11113961404,2026-10-02T09:14:32Z,Serbia,"node 11113961404: tags present but none are a primary key: ['addr:housenumber', 'addr:street', 'ref:RS:kucni_broj']",tt_event
4401,feature mapped without primary tag,athelen,24602144,https://www.openstreetmap.org/#map=18/43.140637/20.504448,189866968,https://www.openstreetmap.org/changeset/189866968,node,11113979505,2026-10-02T09:14:32Z,Serbia,"node 11113979505: tags present but none are a primary key: ['addr:housenumber', 'addr:street', 'ref:RS:kucni_broj']",tt_event
4402,feature mapped without primary tag,athelen,24602144,https://www.openstreetmap.org/#map=18/43.140647/20.504545,189866968,https://www.openstreetmap.org/changeset/189866968,node,11113979768,2026-10-02T09:14:32Z,Serbia,"node 11113979768: tags present but none are a primary key: ['addr:housenumber', 'addr:street', 'ref:RS:kucni_broj']",tt_event
4403,feature mapped without primary tag,athelen,24602144,https://www.openstreetmap.org/#map=18/43.140625/20.504164,189866968,https://www.openstreetmap.org/changeset/189866968,node,11113979797,2026-10-02T09:14:32Z,Serbia,"node 11113979797: tags present but none are a primary key: ['addr:housenumber', 'addr:street', 'ref:RS:kucni_broj']",tt_event
4404,feature mapped without primary tag,athelen,24602144,https://www.openstreetmap.org/#map=18/43.140675/20.503483,189866968,https://www.openstreetmap.org/changeset/189866968,node,11113979801,2026-10-02T09:14:32Z,Serbia,"node 11113979801: tags present but none are a primary key: ['addr:housenumber', 'addr:street', 'ref:RS:kucni_broj']",tt_event
4405,feature mapped without primary tag,athelen,24602144,https://www.openstreetmap.org/#map=18/43.140620/20.503749,189866968,https://www.openstreetmap.org/changeset/189866968,node,11113979813,2026-10-02T09:14:32Z,Serbia,"node 11113979813: tags present but none are a primary key: ['addr:housenumber', 'addr:street', 'ref:RS:kucni_broj']",tt_event
4406,feature mapped without primary tag,Jaspe Gentille,24313651,https://www.openstreetmap.org/#map=18/-25.909921/32.552180,189866821,https://www.openstreetmap.org/changeset/189866821,node,14242279011,2026-10-02T09:11:48Z,Mozambique,node 14242279011: tags present but none are a primary key: ['source'],tt_event
4407,feature mapped without primary tag,Jaspe Gentille,24313651,https://www.openstreetmap.org/#map=18/-25.910007/32.552242,189866821,https://www.openstreetmap.org/changeset/189866821,node,9805304767,2026-10-02T09:11:48Z,Mozambique,node 9805304767: tags present but none are a primary key: ['source'],tt_event
4408,feature mapped without primary tag,Jaspe Gentille,24313651,https://www.openstreetmap.org/#map=18/-25.909913/32.552214,189866821,https://www.openstreetmap.org/changeset/189866821,node,9805304768,2026-10-02T09:11:48Z,Mozambique,node 9805304768: tags present but none are a primary key: ['source'],tt_event
4409,feature mapped without primary tag,Jaspe Gentille,24313651,https://www.openstreetmap.org/#map=18/-25.910016/32.552207,189866821,https://www.openstreetmap.org/changeset/189866821,node,9805304769,2026-10-02T09:11:48Z,Mozambique,node 9805304769: tags present but none are a primary key: ['source'],tt_event
4410,feature mapped without primary tag,Jaspe Gentille,24313651,https://www.openstreetmap.org/#map=18/-25.910190/32.552170,189866821,https://www.openstreetmap.org/changeset/189866821,node,9805304786,2026-10-02T09:11:48Z,Mozambique,node 9805304786: tags present but none are a primary key: ['source'],tt_event
4411,feature mapped without primary tag,Jaspe Gentille,24313651,https://www.openstreetmap.org/#map=18/-25.910183/32.552199,189866821,https://www.openstreetmap.org/changeset/189866821,node,9805304787,2026-10-02T09:11:48Z,Mozambique,node 9805304787: tags present but none are a primary key: ['source'],tt_event
4412,feature mapped without primary tag,Jaspe Gentille,24313651,https://www.openstreetmap.org/#map=18/-25.910107/32.552175,189866821,https://www.openstreetmap.org/changeset/189866821,node,9805304788,2026-10-02T09:11:48Z,Mozambique,node 9805304788: tags present but none are a primary key: ['source'],tt_event
4413,feature mapped without primary tag,Jaspe Gentille,24313651,https://www.openstreetmap.org/#map=18/-25.910114/32.552146,189866821,https://www.openstreetmap.org/changeset/189866821,node,9805304789,2026-10-02T09:11:48Z,Mozambique,node 9805304789: tags present but none are a primary key: ['source'],tt_event
4414,feature mapped without primary tag,Jaspe Gentille,24313651,https://www.openstreetmap.org/#map=18/-25.910273/32.552264,189866821,https://www.openstreetmap.org/changeset/189866821,node,9805304798,2026-10-02T09:11:48Z,Mozambique,node 9805304798: tags present but none are a primary key: ['source'],tt_event
4415,feature mapped without primary tag,Jaspe Gentille,24313651,https://www.openstreetmap.org/#map=18/-25.910179/32.552239,189866821,https://www.openstreetmap.org/changeset/189866821,node,9805304799,2026-10-02T09:11:48Z,Mozambique,node 9805304799: tags present but none are a primary key: ['source'],tt_event
4416,feature mapped without primary tag,Jaspe Gentille,24313651,https://www.openstreetmap.org/#map=18/-25.910196/32.552163,189866821,https://www.openstreetmap.org/changeset/189866821,node,9805304800,2026-10-02T09:11:48Z,Mozambique,node 9805304800: tags present but none are a primary key: ['source'],tt_event
4417,feature mapped without primary tag,Jaspe Gentille,24313651,https://www.openstreetmap.org/#map=18/-25.910290/32.552188,189866821,https://www.openstreetmap.org/changeset/189866821,node,9805304801,2026-10-02T09:11:48Z,Mozambique,node 9805304801: tags present but none are a primary key: ['source'],tt_event
4418,feature mapped without primary tag,Jaspe Gentille,24313651,https://www.openstreetmap.org/#map=18/-25.910782/32.552323,189866821,https://www.openstreetmap.org/changeset/189866821,node,9805304816,2026-10-02T09:11:48Z,Mozambique,node 9805304816: tags present but none are a primary key: ['source'],tt_event
4419,feature mapped without primary tag,Jaspe Gentille,24313651,https://www.openstreetmap.org/#map=18/-25.910766/32.552386,189866821,https://www.openstreetmap.org/changeset/189866821,node,9805309317,2026-10-02T09:11:48Z,Mozambique,node 9805309317: tags present but none are a primary key: ['source'],tt_event
4420,feature mapped without primary tag,Jaspe Gentille,24313651,https://www.openstreetmap.org/#map=18/-25.910716/32.552371,189866821,https://www.openstreetmap.org/changeset/189866821,node,9805309318,2026-10-02T09:11:48Z,Mozambique,node 9805309318: tags present but none are a primary key: ['source'],tt_event
4421,feature mapped without primary tag,Jaspe Gentille,24313651,https://www.openstreetmap.org/#map=18/-25.910836/32.552178,189866821,https://www.openstreetmap.org/changeset/189866821,node,9805309404,2026-10-02T09:11:48Z,Mozambique,node 9805309404: tags present but none are a primary key: ['source'],tt_event
4422,feature mapped without primary tag,Jaspe Gentille,24313651,https://www.openstreetmap.org/#map=18/-25.909899/32.552253,189866821,https://www.openstreetmap.org/changeset/189866821,node,9805304770,2026-10-02T09:11:48Z,Mozambique,node 9805304770: tags present but none are a primary key: ['source'],tt_event
4423,feature mapped without primary tag,Jaspe Gentille,24313651,https://www.openstreetmap.org/#map=18/-25.909771/32.552216,189866821,https://www.openstreetmap.org/changeset/189866821,node,9805304771,2026-10-02T09:11:48Z,Mozambique,node 9805304771: tags present but none are a primary key: ['source'],tt_event
4424,feature mapped without primary tag,Jaspe Gentille,24313651,https://www.openstreetmap.org/#map=18/-25.909787/32.552147,189866821,https://www.openstreetmap.org/changeset/189866821,node,9805304772,2026-10-02T09:11:48Z,Mozambique,node 9805304772: tags present but none are a primary key: ['source'],tt_event
4425,feature mapped without primary tag,Jaspe Gentille,24313651,https://www.openstreetmap.org/#map=18/-25.909915/32.552184,189866821,https://www.openstreetmap.org/changeset/189866821,node,9805304773,2026-10-02T09:11:48Z,Mozambique,node 9805304773: tags present but none are a primary key: ['source'],tt_event
4426,feature mapped without primary tag,Jaspe Gentille,24313651,https://www.openstreetmap.org/#map=18/-25.911593/32.553161,189866741,https://www.openstreetmap.org/changeset/189866741,node,9805250838,2026-10-02T09:10:06Z,Mozambique,node 9805250838: tags present but none are a primary key: ['source'],tt_event
4427,feature mapped without primary tag,Jaspe Gentille,24313651,https://www.openstreetmap.org/#map=18/-25.911587/32.553192,189866741,https://www.openstreetmap.org/changeset/189866741,node,9805250839,2026-10-02T09:10:06Z,Mozambique,node 9805250839: tags present but none are a primary key: ['source'],tt_event
4428,feature mapped without primary tag,Jaspe Gentille,24313651,https://www.openstreetmap.org/#map=18/-25.911575/32.553249,189866741,https://www.openstreetmap.org/changeset/189866741,node,9805250840,2026-10-02T09:10:06Z,Mozambique,node 9805250840: tags present but none are a primary key: ['source'],tt_event
4429,feature mapped without primary tag,Jaspe Gentille,24313651,https://www.openstreetmap.org/#map=18/-25.911540/32.553239,189866741,https://www.openstreetmap.org/changeset/189866741,node,9805250841,2026-10-02T09:10:06Z,Mozambique,node 9805250841: tags present but none are a primary key: ['source'],tt_event
4430,feature mapped without primary tag,Jaspe Gentille,24313651,https://www.openstreetmap.org/#map=18/-25.911552/32.553182,189866741,https://www.openstreetmap.org/changeset/189866741,node,9805250842,2026-10-02T09:10:06Z,Mozambique,node 9805250842: tags present but none are a primary key: ['source'],tt_event
4431,feature mapped without primary tag,Jaspe Gentille,24313651,https://www.openstreetmap.org/#map=18/-25.910537/32.553085,189866707,https://www.openstreetmap.org/changeset/189866707,node,14242278698,2026-10-02T09:09:27Z,Mozambique,node 14242278698: tags present but none are a primary key: ['source'],tt_event
4432,feature mapped without primary tag,Jaspe Gentille,24313651,https://www.openstreetmap.org/#map=18/-25.910554/32.553001,189866707,https://www.openstreetmap.org/changeset/189866707,node,9805309431,2026-10-02T09:09:27Z,Mozambique,node 9805309431: tags present but none are a primary key: ['source'],tt_event
4433,feature mapped without primary tag,Jaspe Gentille,24313651,https://www.openstreetmap.org/#map=18/-25.910527/32.552994,189866707,https://www.openstreetmap.org/changeset/189866707,node,9805309434,2026-10-02T09:09:27Z,Mozambique,node 9805309434: tags present but none are a primary key: ['source'],tt_event
4434,feature mapped without primary tag,Jaspe Gentille,24313651,https://www.openstreetmap.org/#map=18/-25.910269/32.553457,189866596,https://www.openstreetmap.org/changeset/189866596,node,14242278183,2026-10-02T09:07:33Z,Mozambique,node 14242278183: tags present but none are a primary key: ['source'],tt_event
4435,feature mapped without primary tag,Jaspe Gentille,24313651,https://www.openstreetmap.org/#map=18/-25.911040/32.553520,189866596,https://www.openstreetmap.org/changeset/189866596,node,14242278185,2026-10-02T09:07:33Z,Mozambique,node 14242278185: tags present but none are a primary key: ['source'],tt_event
4436,feature mapped without primary tag,Jaspe Gentille,24313651,https://www.openstreetmap.org/#map=18/-25.910856/32.555095,189866596,https://www.openstreetmap.org/changeset/189866596,node,9805296445,2026-10-02T09:07:33Z,Mozambique,node 9805296445: tags present but none are a primary key: ['source'],tt_event
4437,feature mapped without primary tag,Jaspe Gentille,24313651,https://www.openstreetmap.org/#map=18/-25.910881/32.555147,189866596,https://www.openstreetmap.org/changeset/189866596,node,9805296446,2026-10-02T09:07:33Z,Mozambique,node 9805296446: tags present but none are a primary key: ['source'],tt_event
4438,feature mapped without primary tag,Jaspe Gentille,24313651,https://www.openstreetmap.org/#map=18/-25.910403/32.553539,189866596,https://www.openstreetmap.org/changeset/189866596,node,9805304808,2026-10-02T09:07:33Z,Mozambique,node 9805304808: tags present but none are a primary key: ['source'],tt_event
4439,feature mapped without primary tag,Jaspe Gentille,24313651,https://www.openstreetmap.org/#map=18/-25.910268/32.553513,189866596,https://www.openstreetmap.org/changeset/189866596,node,9805304809,2026-10-02T09:07:33Z,Mozambique,node 9805304809: tags present but none are a primary key: ['source'],tt_event
4440,feature mapped without primary tag,Jaspe Gentille,24313651,https://www.openstreetmap.org/#map=18/-25.910411/32.553486,189866596,https://www.openstreetmap.org/changeset/189866596,node,9805304810,2026-10-02T09:07:33Z,Mozambique,node 9805304810: tags present but none are a primary key: ['source'],tt_event
4441,feature mapped without primary tag,Jaspe Gentille,24313651,https://www.openstreetmap.org/#map=18/-25.910213/32.553510,189866596,https://www.openstreetmap.org/changeset/189866596,node,9805304811,2026-10-02T09:07:33Z,Mozambique,node 9805304811: tags present but none are a primary key: ['source'],tt_event
4442,feature mapped without primary tag,Jaspe Gentille,24313651,https://www.openstreetmap.org/#map=18/-25.910264/32.553516,189866596,https://www.openstreetmap.org/changeset/189866596,node,9805304812,2026-10-02T09:07:33Z,Mozambique,node 9805304812: tags present but none are a primary key: ['source'],tt_event
4443,feature mapped without primary tag,Jaspe Gentille,24313651,https://www.openstreetmap.org/#map=18/-25.910276/32.553460,189866596,https://www.openstreetmap.org/changeset/189866596,node,9805304813,2026-10-02T09:07:33Z,Mozambique,node 9805304813: tags present but none are a primary key: ['source'],tt_event
4444,feature mapped without primary tag,Jaspe Gentille,24313651,https://www.openstreetmap.org/#map=18/-25.910218/32.553451,189866596,https://www.openstreetmap.org/changeset/189866596,node,9805304814,2026-10-02T09:07:33Z,Mozambique,node 9805304814: tags present but none are a primary key: ['source'],tt_event
4445,feature mapped without primary tag,Jaspe Gentille,24313651,https://www.openstreetmap.org/#map=18/-25.911056/32.553443,189866596,https://www.openstreetmap.org/changeset/189866596,node,9805309491,2026-10-02T09:07:33Z,Mozambique,node 9805309491: tags present but none are a primary key: ['source'],tt_event
4446,feature mapped without primary tag,Jaspe Gentille,24313651,https://www.openstreetmap.org/#map=18/-25.910943/32.553496,189866596,https://www.openstreetmap.org/changeset/189866596,node,9805309493,2026-10-02T09:07:33Z,Mozambique,node 9805309493: tags present but none are a primary key: ['source'],tt_event
4447,feature mapped without primary tag,Jaspe Gentille,24313651,https://www.openstreetmap.org/#map=18/-25.910959/32.553418,189866596,https://www.openstreetmap.org/changeset/189866596,node,9805309494,2026-10-02T09:07:33Z,Mozambique,node 9805309494: tags present but none are a primary key: ['source'],tt_event
4448,feature mapped without primary tag,Jaspe Gentille,24313651,https://www.openstreetmap.org/#map=18/-25.911164/32.553475,189866596,https://www.openstreetmap.org/changeset/189866596,node,9805309495,2026-10-02T09:07:33Z,Mozambique,node 9805309495: tags present but none are a primary key: ['source'],tt_event
4449,feature mapped without primary tag,Jaspe Gentille,24313651,https://www.openstreetmap.org/#map=18/-25.911149/32.553553,189866596,https://www.openstreetmap.org/changeset/189866596,node,9805309496,2026-10-02T09:07:33Z,Mozambique,node 9805309496: tags present but none are a primary key: ['source'],tt_event
4450,feature mapped without primary tag,Jaspe Gentille,24313651,https://www.openstreetmap.org/#map=18/-25.911063/32.553533,189866596,https://www.openstreetmap.org/changeset/189866596,node,9805309497,2026-10-02T09:07:33Z,Mozambique,node 9805309497: tags present but none are a primary key: ['source'],tt_event
4451,feature mapped without primary tag,Jaspe Gentille,24313651,https://www.openstreetmap.org/#map=18/-25.911078/32.553455,189866596,https://www.openstreetmap.org/changeset/189866596,node,9805309498,2026-10-02T09:07:33Z,Mozambique,node 9805309498: tags present but none are a primary key: ['source'],tt_event
4452,feature mapped without primary tag,Jaspe Gentille,24313651,https://www.openstreetmap.org/#map=18/-25.911085/32.555194,189866596,https://www.openstreetmap.org/changeset/189866596,node,9805309699,2026-10-02T09:07:33Z,Mozambique,node 9805309699: tags present but none are a primary key: ['source'],tt_event
4453,feature mapped without primary tag,Jaspe Gentille,24313651,https://www.openstreetmap.org/#map=18/-25.911182/32.555134,189866596,https://www.openstreetmap.org/changeset/189866596,node,9805309700,2026-10-02T09:07:33Z,Mozambique,node 9805309700: tags present but none are a primary key: ['source'],tt_event
4454,feature mapped without primary tag,Jaspe Gentille,24313651,https://www.openstreetmap.org/#map=18/-25.911094/32.555280,189866596,https://www.openstreetmap.org/changeset/189866596,node,9805309701,2026-10-02T09:07:33Z,Mozambique,node 9805309701: tags present but none are a primary key: ['source'],tt_event
4455,feature mapped without primary tag,Jaspe Gentille,24313651,https://www.openstreetmap.org/#map=18/-25.911080/32.555251,189866596,https://www.openstreetmap.org/changeset/189866596,node,9805309702,2026-10-02T09:07:33Z,Mozambique,node 9805309702: tags present but none are a primary key: ['source'],tt_event
4456,feature mapped without primary tag,Jaspe Gentille,24313651,https://www.openstreetmap.org/#map=18/-25.911123/32.555225,189866596,https://www.openstreetmap.org/changeset/189866596,node,9805309703,2026-10-02T09:07:33Z,Mozambique,node 9805309703: tags present but none are a primary key: ['source'],tt_event
4457,feature mapped without primary tag,Jaspe Gentille,24313651,https://www.openstreetmap.org/#map=18/-25.911137/32.555254,189866596,https://www.openstreetmap.org/changeset/189866596,node,9805309704,2026-10-02T09:07:33Z,Mozambique,node 9805309704: tags present but none are a primary key: ['source'],tt_event
4458,feature mapped without primary tag,Jaspe Gentille,24313651,https://www.openstreetmap.org/#map=18/-25.910397/32.554353,189866502,https://www.openstreetmap.org/changeset/189866502,node,9805296449,2026-10-02T09:05:26Z,Mozambique,node 9805296449: tags present but none are a primary key: ['source'],tt_event
4459,feature mapped without primary tag,Jaspe Gentille,24313651,https://www.openstreetmap.org/#map=18/-25.910287/32.554403,189866502,https://www.openstreetmap.org/changeset/189866502,node,9805296450,2026-10-02T09:05:26Z,Mozambique,node 9805296450: tags present but none are a primary key: ['source'],tt_event
4460,feature mapped without primary tag,Jaspe Gentille,24313651,https://www.openstreetmap.org/#map=18/-25.910297/32.554431,189866502,https://www.openstreetmap.org/changeset/189866502,node,9805296451,2026-10-02T09:05:26Z,Mozambique,node 9805296451: tags present but none are a primary key: ['source'],tt_event
4461,feature mapped without primary tag,Jaspe Gentille,24313651,https://www.openstreetmap.org/#map=18/-25.910407/32.554380,189866502,https://www.openstreetmap.org/changeset/189866502,node,9805296452,2026-10-02T09:05:26Z,Mozambique,node 9805296452: tags present but none are a primary key: ['source'],tt_event
4462,feature mapped without primary tag,Jaspe Gentille,24313651,https://www.openstreetmap.org/#map=18/-25.910545/32.554019,189866502,https://www.openstreetmap.org/changeset/189866502,node,9805296471,2026-10-02T09:05:26Z,Mozambique,node 9805296471: tags present but none are a primary key: ['source'],tt_event
4463,feature mapped without primary tag,Jaspe Gentille,24313651,https://www.openstreetmap.org/#map=18/-25.910432/32.554057,189866502,https://www.openstreetmap.org/changeset/189866502,node,9805296472,2026-10-02T09:05:26Z,Mozambique,node 9805296472: tags present but none are a primary key: ['source'],tt_event
4464,feature mapped without primary tag,Jaspe Gentille,24313651,https://www.openstreetmap.org/#map=18/-25.910422/32.554019,189866502,https://www.openstreetmap.org/changeset/189866502,node,9805296473,2026-10-02T09:05:26Z,Mozambique,node 9805296473: tags present but none are a primary key: ['source'],tt_event
4465,feature mapped without primary tag,Jaspe Gentille,24313651,https://www.openstreetmap.org/#map=18/-25.907816/32.553180,189866385,https://www.openstreetmap.org/changeset/189866385,node,14242263828,2026-10-02T09:03:03Z,Mozambique,node 14242263828: tags present but none are a primary key: ['source'],tt_event
4466,feature mapped without primary tag,Jaspe Gentille,24313651,https://www.openstreetmap.org/#map=18/-25.907790/32.553199,189866385,https://www.openstreetmap.org/changeset/189866385,node,9807461094,2026-10-02T09:03:03Z,Mozambique,node 9807461094: tags present but none are a primary key: ['source'],tt_event
4467,feature mapped without primary tag,Jaspe Gentille,24313651,https://www.openstreetmap.org/#map=18/-25.907760/32.553145,189866385,https://www.openstreetmap.org/changeset/189866385,node,9807461095,2026-10-02T09:03:03Z,Mozambique,node 9807461095: tags present but none are a primary key: ['source'],tt_event
4468,feature mapped without primary tag,Jaspe Gentille,24313651,https://www.openstreetmap.org/#map=18/-25.907786/32.553127,189866385,https://www.openstreetmap.org/changeset/189866385,node,9807461096,2026-10-02T09:03:03Z,Mozambique,node 9807461096: tags present but none are a primary key: ['source'],tt_event
4469,feature mapped without primary tag,Jaspe Gentille,24313651,https://www.openstreetmap.org/#map=18/-25.907788/32.553307,189866385,https://www.openstreetmap.org/changeset/189866385,node,9807461101,2026-10-02T09:03:03Z,Mozambique,node 9807461101: tags present but none are a primary key: ['source'],tt_event
4470,feature mapped without primary tag,Jaspe Gentille,24313651,https://www.openstreetmap.org/#map=18/-25.907748/32.553235,189866385,https://www.openstreetmap.org/changeset/189866385,node,9807461102,2026-10-02T09:03:03Z,Mozambique,node 9807461102: tags present but none are a primary key: ['source'],tt_event
4471,feature mapped without primary tag,Jaspe Gentille,24313651,https://www.openstreetmap.org/#map=18/-25.907814/32.553190,189866385,https://www.openstreetmap.org/changeset/189866385,node,9807461103,2026-10-02T09:03:03Z,Mozambique,node 9807461103: tags present but none are a primary key: ['source'],tt_event
4472,feature mapped without primary tag,Jaspe Gentille,24313651,https://www.openstreetmap.org/#map=18/-25.907854/32.553263,189866385,https://www.openstreetmap.org/changeset/189866385,node,9807461104,2026-10-02T09:03:03Z,Mozambique,node 9807461104: tags present but none are a primary key: ['source'],tt_event
4473,feature mapped without primary tag,Jaspe Gentille,24313651,https://www.openstreetmap.org/#map=18/-25.907507/32.553713,189866362,https://www.openstreetmap.org/changeset/189866362,node,14242256126,2026-10-02T09:02:23Z,Mozambique,node 14242256126: tags present but none are a primary key: ['source'],tt_event
4474,feature mapped without primary tag,Jaspe Gentille,24313651,https://www.openstreetmap.org/#map=18/-25.907540/32.553768,189866362,https://www.openstreetmap.org/changeset/189866362,node,14242256127,2026-10-02T09:02:23Z,Mozambique,node 14242256127: tags present but none are a primary key: ['source'],tt_event
4475,feature mapped without primary tag,Jaspe Gentille,24313651,https://www.openstreetmap.org/#map=18/-25.908043/32.554154,189866362,https://www.openstreetmap.org/changeset/189866362,node,14242256128,2026-10-02T09:02:23Z,Mozambique,node 14242256128: tags present but none are a primary key: ['source'],tt_event
4476,feature mapped without primary tag,Jaspe Gentille,24313651,https://www.openstreetmap.org/#map=18/-25.908415/32.554155,189866362,https://www.openstreetmap.org/changeset/189866362,node,9807460219,2026-10-02T09:02:23Z,Mozambique,node 9807460219: tags present but none are a primary key: ['source'],tt_event
4477,feature mapped without primary tag,Jaspe Gentille,24313651,https://www.openstreetmap.org/#map=18/-25.908465/32.554120,189866362,https://www.openstreetmap.org/changeset/189866362,node,9807460220,2026-10-02T09:02:23Z,Mozambique,node 9807460220: tags present but none are a primary key: ['source'],tt_event
4478,feature mapped without primary tag,Jaspe Gentille,24313651,https://www.openstreetmap.org/#map=18/-25.908437/32.554069,189866362,https://www.openstreetmap.org/changeset/189866362,node,9807460221,2026-10-02T09:02:23Z,Mozambique,node 9807460221: tags present but none are a primary key: ['source'],tt_event
4479,feature mapped without primary tag,Jaspe Gentille,24313651,https://www.openstreetmap.org/#map=18/-25.908387/32.554104,189866362,https://www.openstreetmap.org/changeset/189866362,node,9807460222,2026-10-02T09:02:23Z,Mozambique,node 9807460222: tags present but none are a primary key: ['source'],tt_event
4480,feature mapped without primary tag,Jaspe Gentille,24313651,https://www.openstreetmap.org/#map=18/-25.908259/32.554268,189866362,https://www.openstreetmap.org/changeset/189866362,node,9807460223,2026-10-02T09:02:23Z,Mozambique,node 9807460223: tags present but none are a primary key: ['source'],tt_event
4481,feature mapped without primary tag,Jaspe Gentille,24313651,https://www.openstreetmap.org/#map=18/-25.908409/32.554165,189866362,https://www.openstreetmap.org/changeset/189866362,node,9807460224,2026-10-02T09:02:23Z,Mozambique,node 9807460224: tags present but none are a primary key: ['source'],tt_event
4482,feature mapped without primary tag,Jaspe Gentille,24313651,https://www.openstreetmap.org/#map=18/-25.908394/32.554138,189866362,https://www.openstreetmap.org/changeset/189866362,node,9807460225,2026-10-02T09:02:23Z,Mozambique,node 9807460225: tags present but none are a primary key: ['source'],tt_event
4483,feature mapped without primary tag,Jaspe Gentille,24313651,https://www.openstreetmap.org/#map=18/-25.908244/32.554242,189866362,https://www.openstreetmap.org/changeset/189866362,node,9807460226,2026-10-02T09:02:23Z,Mozambique,node 9807460226: tags present but none are a primary key: ['source'],tt_event
4484,feature mapped without primary tag,Jaspe Gentille,24313651,https://www.openstreetmap.org/#map=18/-25.908122/32.554307,189866362,https://www.openstreetmap.org/changeset/189866362,node,9807460231,2026-10-02T09:02:23Z,Mozambique,node 9807460231: tags present but none are a primary key: ['source'],tt_event
4485,feature mapped without primary tag,Jaspe Gentille,24313651,https://www.openstreetmap.org/#map=18/-25.908199/32.554258,189866362,https://www.openstreetmap.org/changeset/189866362,node,9807460232,2026-10-02T09:02:23Z,Mozambique,node 9807460232: tags present but none are a primary key: ['source'],tt_event
4486,feature mapped without primary tag,Jaspe Gentille,24313651,https://www.openstreetmap.org/#map=18/-25.908120/32.554105,189866362,https://www.openstreetmap.org/changeset/189866362,node,9807460233,2026-10-02T09:02:23Z,Mozambique,node 9807460233: tags present but none are a primary key: ['source'],tt_event
4487,feature mapped without primary tag,Jaspe Gentille,24313651,https://www.openstreetmap.org/#map=18/-25.908100/32.554054,189866362,https://www.openstreetmap.org/changeset/189866362,node,9807460239,2026-10-02T09:02:23Z,Mozambique,node 9807460239: tags present but none are a primary key: ['source'],tt_event
4488,feature mapped without primary tag,Jaspe Gentille,24313651,https://www.openstreetmap.org/#map=18/-25.907998/32.554124,189866362,https://www.openstreetmap.org/changeset/189866362,node,9807460240,2026-10-02T09:02:23Z,Mozambique,node 9807460240: tags present but none are a primary key: ['source'],tt_event
4489,feature mapped without primary tag,Jaspe Gentille,24313651,https://www.openstreetmap.org/#map=18/-25.908017/32.554159,189866362,https://www.openstreetmap.org/changeset/189866362,node,9807460241,2026-10-02T09:02:23Z,Mozambique,node 9807460241: tags present but none are a primary key: ['source'],tt_event
4490,feature mapped without primary tag,Jaspe Gentille,24313651,https://www.openstreetmap.org/#map=18/-25.908119/32.554088,189866362,https://www.openstreetmap.org/changeset/189866362,node,9807460242,2026-10-02T09:02:23Z,Mozambique,node 9807460242: tags present but none are a primary key: ['source'],tt_event
4491,feature mapped without primary tag,Jaspe Gentille,24313651,https://www.openstreetmap.org/#map=18/-25.908138/32.554304,189866362,https://www.openstreetmap.org/changeset/189866362,node,9807460281,2026-10-02T09:02:23Z,Mozambique,node 9807460281: tags present but none are a primary key: ['source'],tt_event
4492,feature mapped without primary tag,Jaspe Gentille,24313651,https://www.openstreetmap.org/#map=18/-25.908088/32.554338,189866362,https://www.openstreetmap.org/changeset/189866362,node,9807460282,2026-10-02T09:02:23Z,Mozambique,node 9807460282: tags present but none are a primary key: ['source'],tt_event
4493,feature mapped without primary tag,Jaspe Gentille,24313651,https://www.openstreetmap.org/#map=18/-25.908110/32.554377,189866362,https://www.openstreetmap.org/changeset/189866362,node,9807460283,2026-10-02T09:02:23Z,Mozambique,node 9807460283: tags present but none are a primary key: ['source'],tt_event
4494,feature mapped without primary tag,Jaspe Gentille,24313651,https://www.openstreetmap.org/#map=18/-25.908160/32.554342,189866362,https://www.openstreetmap.org/changeset/189866362,node,9807460284,2026-10-02T09:02:23Z,Mozambique,node 9807460284: tags present but none are a primary key: ['source'],tt_event
4495,feature mapped without primary tag,Jaspe Gentille,24313651,https://www.openstreetmap.org/#map=18/-25.908104/32.554046,189866362,https://www.openstreetmap.org/changeset/189866362,node,9807460289,2026-10-02T09:02:23Z,Mozambique,node 9807460289: tags present but none are a primary key: ['source'],tt_event
4496,feature mapped without primary tag,Jaspe Gentille,24313651,https://www.openstreetmap.org/#map=18/-25.908046/32.554086,189866362,https://www.openstreetmap.org/changeset/189866362,node,9807460290,2026-10-02T09:02:23Z,Mozambique,node 9807460290: tags present but none are a primary key: ['source'],tt_event
4497,feature mapped without primary tag,Jaspe Gentille,24313651,https://www.openstreetmap.org/#map=18/-25.907962/32.553935,189866362,https://www.openstreetmap.org/changeset/189866362,node,9807460291,2026-10-02T09:02:23Z,Mozambique,node 9807460291: tags present but none are a primary key: ['source'],tt_event
4498,feature mapped without primary tag,Jaspe Gentille,24313651,https://www.openstreetmap.org/#map=18/-25.908020/32.553895,189866362,https://www.openstreetmap.org/changeset/189866362,node,9807460292,2026-10-02T09:02:23Z,Mozambique,node 9807460292: tags present but none are a primary key: ['source'],tt_event
4499,feature mapped without primary tag,Jaspe Gentille,24313651,https://www.openstreetmap.org/#map=18/-25.907833/32.554217,189866362,https://www.openstreetmap.org/changeset/189866362,node,9807460321,2026-10-02T09:02:23Z,Mozambique,node 9807460321: tags present but none are a primary key: ['source'],tt_event
4500,feature mapped without primary tag,Jaspe Gentille,24313651,https://www.openstreetmap.org/#map=18/-25.907863/32.554195,189866362,https://www.openstreetmap.org/changeset/189866362,node,9807460322,2026-10-02T09:02:23Z,Mozambique,node 9807460322: tags present but none are a primary key: ['source'],tt_event
4501,feature mapped without primary tag,Jaspe Gentille,24313651,https://www.openstreetmap.org/#map=18/-25.907829/32.554139,189866362,https://www.openstreetmap.org/changeset/189866362,node,9807460323,2026-10-02T09:02:23Z,Mozambique,node 9807460323: tags present but none are a primary key: ['source'],tt_event
4502,feature mapped without primary tag,Jaspe Gentille,24313651,https://www.openstreetmap.org/#map=18/-25.907799/32.554161,189866362,https://www.openstreetmap.org/changeset/189866362,node,9807460324,2026-10-02T09:02:23Z,Mozambique,node 9807460324: tags present but none are a primary key: ['source'],tt_event
4503,feature mapped without primary tag,Jaspe Gentille,24313651,https://www.openstreetmap.org/#map=18/-25.907880/32.554012,189866362,https://www.openstreetmap.org/changeset/189866362,node,9807460325,2026-10-02T09:02:23Z,Mozambique,node 9807460325: tags present but none are a primary key: ['source'],tt_event
4504,feature mapped without primary tag,Jaspe Gentille,24313651,https://www.openstreetmap.org/#map=18/-25.907799/32.554067,189866362,https://www.openstreetmap.org/changeset/189866362,node,9807460326,2026-10-02T09:02:23Z,Mozambique,node 9807460326: tags present but none are a primary key: ['source'],tt_event
4505,feature mapped without primary tag,Jaspe Gentille,24313651,https://www.openstreetmap.org/#map=18/-25.907851/32.554162,189866362,https://www.openstreetmap.org/changeset/189866362,node,9807460327,2026-10-02T09:02:23Z,Mozambique,node 9807460327: tags present but none are a primary key: ['source'],tt_event
4506,feature mapped without primary tag,Jaspe Gentille,24313651,https://www.openstreetmap.org/#map=18/-25.907932/32.554106,189866362,https://www.openstreetmap.org/changeset/189866362,node,9807460328,2026-10-02T09:02:23Z,Mozambique,node 9807460328: tags present but none are a primary key: ['source'],tt_event
4507,feature mapped without primary tag,Jaspe Gentille,24313651,https://www.openstreetmap.org/#map=18/-25.907499/32.553716,189866362,https://www.openstreetmap.org/changeset/189866362,node,9807461064,2026-10-02T09:02:23Z,Mozambique,node 9807461064: tags present but none are a primary key: ['source'],tt_event
4508,feature mapped without primary tag,Jaspe Gentille,24313651,https://www.openstreetmap.org/#map=18/-25.907532/32.553771,189866362,https://www.openstreetmap.org/changeset/189866362,node,9807461065,2026-10-02T09:02:23Z,Mozambique,node 9807461065: tags present but none are a primary key: ['source'],tt_event
4509,feature mapped without primary tag,Jaspe Gentille,24313651,https://www.openstreetmap.org/#map=18/-25.907589/32.553817,189866362,https://www.openstreetmap.org/changeset/189866362,node,9807461070,2026-10-02T09:02:23Z,Mozambique,node 9807461070: tags present but none are a primary key: ['source'],tt_event
4510,feature mapped without primary tag,Jaspe Gentille,24313651,https://www.openstreetmap.org/#map=18/-25.907637/32.553782,189866362,https://www.openstreetmap.org/changeset/189866362,node,9807461071,2026-10-02T09:02:23Z,Mozambique,node 9807461071: tags present but none are a primary key: ['source'],tt_event
4511,feature mapped without primary tag,Jaspe Gentille,24313651,https://www.openstreetmap.org/#map=18/-25.907679/32.553854,189866362,https://www.openstreetmap.org/changeset/189866362,node,9807461072,2026-10-02T09:02:23Z,Mozambique,node 9807461072: tags present but none are a primary key: ['source'],tt_event
4512,feature mapped without primary tag,Jaspe Gentille,24313651,https://www.openstreetmap.org/#map=18/-25.907631/32.553888,189866362,https://www.openstreetmap.org/changeset/189866362,node,9807461073,2026-10-02T09:02:23Z,Mozambique,node 9807461073: tags present but none are a primary key: ['source'],tt_event
4513,feature mapped without primary tag,Jaspe Gentille,24313651,https://www.openstreetmap.org/#map=18/-25.907463/32.553580,189866362,https://www.openstreetmap.org/changeset/189866362,node,9807461074,2026-10-02T09:02:23Z,Mozambique,node 9807461074: tags present but none are a primary key: ['source'],tt_event
4514,feature mapped without primary tag,Jaspe Gentille,24313651,https://www.openstreetmap.org/#map=18/-25.907599/32.553807,189866362,https://www.openstreetmap.org/changeset/189866362,node,9807461075,2026-10-02T09:02:23Z,Mozambique,node 9807461075: tags present but none are a primary key: ['source'],tt_event
4515,feature mapped without primary tag,Jaspe Gentille,24313651,https://www.openstreetmap.org/#map=18/-25.907574/32.553825,189866362,https://www.openstreetmap.org/changeset/189866362,node,9807461076,2026-10-02T09:02:23Z,Mozambique,node 9807461076: tags present but none are a primary key: ['source'],tt_event
4516,feature mapped without primary tag,Jaspe Gentille,24313651,https://www.openstreetmap.org/#map=18/-25.907438/32.553597,189866362,https://www.openstreetmap.org/changeset/189866362,node,9807461077,2026-10-02T09:02:23Z,Mozambique,node 9807461077: tags present but none are a primary key: ['source'],tt_event
4517,feature mapped without primary tag,Jaspe Gentille,24313651,https://www.openstreetmap.org/#map=18/-25.912230/32.553154,189867135,https://www.openstreetmap.org/changeset/189867135,node,9805250764,2026-10-02T09:17:38Z,Mozambique,node 9805250764: tags present but none are a primary key: ['source'],tt_event
4518,feature mapped without primary tag,Jaspe Gentille,24313651,https://www.openstreetmap.org/#map=18/-25.912217/32.553210,189867135,https://www.openstreetmap.org/changeset/189867135,node,9805250765,2026-10-02T09:17:38Z,Mozambique,node 9805250765: tags present but none are a primary key: ['source'],tt_event
4519,feature mapped without primary tag,Jaspe Gentille,24313651,https://www.openstreetmap.org/#map=18/-25.912254/32.553221,189867135,https://www.openstreetmap.org/changeset/189867135,node,9805250766,2026-10-02T09:17:38Z,Mozambique,node 9805250766: tags present but none are a primary key: ['source'],tt_event
4520,feature mapped without primary tag,Jaspe Gentille,24313651,https://www.openstreetmap.org/#map=18/-25.912267/32.553164,189867135,https://www.openstreetmap.org/changeset/189867135,node,9805250767,2026-10-02T09:17:38Z,Mozambique,node 9805250767: tags present but none are a primary key: ['source'],tt_event
4521,feature mapped without primary tag,Jaspe Gentille,24313651,https://www.openstreetmap.org/#map=18/-25.912232/32.553145,189867135,https://www.openstreetmap.org/changeset/189867135,node,9805250772,2026-10-02T09:17:38Z,Mozambique,node 9805250772: tags present but none are a primary key: ['source'],tt_event
4522,feature mapped without primary tag,Jaspe Gentille,24313651,https://www.openstreetmap.org/#map=18/-25.912262/32.553008,189867135,https://www.openstreetmap.org/changeset/189867135,node,9805250773,2026-10-02T09:17:38Z,Mozambique,node 9805250773: tags present but none are a primary key: ['source'],tt_event
4523,feature mapped without primary tag,Jaspe Gentille,24313651,https://www.openstreetmap.org/#map=18/-25.912333/32.553027,189867135,https://www.openstreetmap.org/changeset/189867135,node,9805250774,2026-10-02T09:17:38Z,Mozambique,node 9805250774: tags present but none are a primary key: ['source'],tt_event
4524,feature mapped without primary tag,Jaspe Gentille,24313651,https://www.openstreetmap.org/#map=18/-25.912304/32.553164,189867135,https://www.openstreetmap.org/changeset/189867135,node,9805250775,2026-10-02T09:17:38Z,Mozambique,node 9805250775: tags present but none are a primary key: ['source'],tt_event
4525,feature mapped without primary tag,Jaspe Gentille,24313651,https://www.openstreetmap.org/#map=18/-25.912033/32.552436,189867083,https://www.openstreetmap.org/changeset/189867083,node,14242287224,2026-10-02T09:16:49Z,Mozambique,node 14242287224: tags present but none are a primary key: ['source'],tt_event
4526,feature mapped without primary tag,Jaspe Gentille,24313651,https://www.openstreetmap.org/#map=18/-25.912006/32.552311,189867083,https://www.openstreetmap.org/changeset/189867083,node,9805250645,2026-10-02T09:16:49Z,Mozambique,node 9805250645: tags present but none are a primary key: ['source'],tt_event
4527,feature mapped without primary tag,Jaspe Gentille,24313651,https://www.openstreetmap.org/#map=18/-25.912116/32.552334,189867083,https://www.openstreetmap.org/changeset/189867083,node,9805250646,2026-10-02T09:16:49Z,Mozambique,node 9805250646: tags present but none are a primary key: ['source'],tt_event
4528,feature mapped without primary tag,Jaspe Gentille,24313651,https://www.openstreetmap.org/#map=18/-25.912100/32.552430,189867083,https://www.openstreetmap.org/changeset/189867083,node,9805250647,2026-10-02T09:16:49Z,Mozambique,node 9805250647: tags present but none are a primary key: ['source'],tt_event
4529,feature mapped without primary tag,Jaspe Gentille,24313651,https://www.openstreetmap.org/#map=18/-25.911990/32.552406,189867083,https://www.openstreetmap.org/changeset/189867083,node,9805250648,2026-10-02T09:16:49Z,Mozambique,node 9805250648: tags present but none are a primary key: ['source'],tt_event
4530,feature mapped without primary tag,Jaspe Gentille,24313651,https://www.openstreetmap.org/#map=18/-25.912088/32.552485,189867083,https://www.openstreetmap.org/changeset/189867083,node,9805250661,2026-10-02T09:16:49Z,Mozambique,node 9805250661: tags present but none are a primary key: ['source'],tt_event
4531,feature mapped without primary tag,Jaspe Gentille,24313651,https://www.openstreetmap.org/#map=18/-25.912035/32.552469,189867083,https://www.openstreetmap.org/changeset/189867083,node,9805250662,2026-10-02T09:16:49Z,Mozambique,node 9805250662: tags present but none are a primary key: ['source'],tt_event
4532,feature mapped without primary tag,Jaspe Gentille,24313651,https://www.openstreetmap.org/#map=18/-25.912045/32.552432,189867083,https://www.openstreetmap.org/changeset/189867083,node,9805250663,2026-10-02T09:16:49Z,Mozambique,node 9805250663: tags present but none are a primary key: ['source'],tt_event
4533,feature mapped without primary tag,Jaspe Gentille,24313651,https://www.openstreetmap.org/#map=18/-25.912097/32.552448,189867083,https://www.openstreetmap.org/changeset/189867083,node,9805250664,2026-10-02T09:16:49Z,Mozambique,node 9805250664: tags present but none are a primary key: ['source'],tt_event
4534,feature mapped without primary tag,Jaspe Gentille,24313651,https://www.openstreetmap.org/#map=18/-25.911920/32.552442,189867083,https://www.openstreetmap.org/changeset/189867083,node,9805250665,2026-10-02T09:16:49Z,Mozambique,node 9805250665: tags present but none are a primary key: ['source'],tt_event
4535,feature mapped without primary tag,Jaspe Gentille,24313651,https://www.openstreetmap.org/#map=18/-25.912023/32.552475,189867083,https://www.openstreetmap.org/changeset/189867083,node,9805250666,2026-10-02T09:16:49Z,Mozambique,node 9805250666: tags present but none are a primary key: ['source'],tt_event
4536,feature mapped without primary tag,Jaspe Gentille,24313651,https://www.openstreetmap.org/#map=18/-25.911931/32.552403,189867083,https://www.openstreetmap.org/changeset/189867083,node,9805250668,2026-10-02T09:16:49Z,Mozambique,node 9805250668: tags present but none are a primary key: ['source'],tt_event
4537,feature mapped without primary tag,Jaspe Gentille,24313651,https://www.openstreetmap.org/#map=18/-25.911722/32.553993,189867083,https://www.openstreetmap.org/changeset/189867083,node,9805250872,2026-10-02T09:16:49Z,Mozambique,node 9805250872: tags present but none are a primary key: ['source'],tt_event
4538,feature mapped without primary tag,Jaspe Gentille,24313651,https://www.openstreetmap.org/#map=18/-25.911704/32.554087,189867083,https://www.openstreetmap.org/changeset/189867083,node,9805250873,2026-10-02T09:16:49Z,Mozambique,node 9805250873: tags present but none are a primary key: ['source'],tt_event
4539,feature mapped without primary tag,Jaspe Gentille,24313651,https://www.openstreetmap.org/#map=18/-25.911770/32.554102,189867083,https://www.openstreetmap.org/changeset/189867083,node,9805250874,2026-10-02T09:16:49Z,Mozambique,node 9805250874: tags present but none are a primary key: ['source'],tt_event
4540,feature mapped without primary tag,Jaspe Gentille,24313651,https://www.openstreetmap.org/#map=18/-25.911788/32.554008,189867083,https://www.openstreetmap.org/changeset/189867083,node,9805250875,2026-10-02T09:16:49Z,Mozambique,node 9805250875: tags present but none are a primary key: ['source'],tt_event
4541,feature mapped without primary tag,Sahar Mustafa 2025,22359261,https://www.openstreetmap.org/#map=18/-9.761446/28.751063,189879853,https://www.openstreetmap.org/changeset/189879853,node,4364872685,2026-10-02T13:43:55Z,Zambia,node 4364872685: tags present but none are a primary key: ['source'],tt_event
4542,feature mapped without primary tag,Sahar Mustafa 2025,22359261,https://www.openstreetmap.org/#map=18/-9.761453/28.751137,189879853,https://www.openstreetmap.org/changeset/189879853,node,4364872686,2026-10-02T13:43:55Z,Zambia,node 4364872686: tags present but none are a primary key: ['source'],tt_event
4543,feature mapped without primary tag,Sahar Mustafa 2025,22359261,https://www.openstreetmap.org/#map=18/-9.761519/28.751056,189879853,https://www.openstreetmap.org/changeset/189879853,node,4364872687,2026-10-02T13:43:55Z,Zambia,node 4364872687: tags present but none are a primary key: ['source'],tt_event
4544,feature mapped without primary tag,Sahar Mustafa 2025,22359261,https://www.openstreetmap.org/#map=18/-9.761526/28.751130,189879853,https://www.openstreetmap.org/changeset/189879853,node,4364872688,2026-10-02T13:43:55Z,Zambia,node 4364872688: tags present but none are a primary key: ['source'],tt_event
4545,feature mapped without primary tag,Sahar Mustafa 2025,22359261,https://www.openstreetmap.org/#map=18/-9.763188/28.748144,189879853,https://www.openstreetmap.org/changeset/189879853,node,4364873117,2026-10-02T13:43:55Z,Zambia,node 4364873117: tags present but none are a primary key: ['source'],tt_event
4546,feature mapped without primary tag,Sahar Mustafa 2025,22359261,https://www.openstreetmap.org/#map=18/-9.763190/28.748209,189879853,https://www.openstreetmap.org/changeset/189879853,node,4364873118,2026-10-02T13:43:55Z,Zambia,node 4364873118: tags present but none are a primary key: ['source'],tt_event
4547,feature mapped without primary tag,Sahar Mustafa 2025,22359261,https://www.openstreetmap.org/#map=18/-9.763248/28.748142,189879853,https://www.openstreetmap.org/changeset/189879853,node,4364873119,2026-10-02T13:43:55Z,Zambia,node 4364873119: tags present but none are a primary key: ['source'],tt_event
4548,feature mapped without primary tag,Sahar Mustafa 2025,22359261,https://www.openstreetmap.org/#map=18/-9.763250/28.748207,189879853,https://www.openstreetmap.org/changeset/189879853,node,4364873120,2026-10-02T13:43:55Z,Zambia,node 4364873120: tags present but none are a primary key: ['source'],tt_event
4549,feature mapped without primary tag,Sahar Mustafa 2025,22359261,https://www.openstreetmap.org/#map=18/-9.761841/28.750139,189879853,https://www.openstreetmap.org/changeset/189879853,node,4364873093,2026-10-02T13:43:55Z,Zambia,node 4364873093: tags present but none are a primary key: ['source'],tt_event
4550,feature mapped without primary tag,Sahar Mustafa 2025,22359261,https://www.openstreetmap.org/#map=18/-9.761841/28.750188,189879853,https://www.openstreetmap.org/changeset/189879853,node,4364873094,2026-10-02T13:43:55Z,Zambia,node 4364873094: tags present but none are a primary key: ['source'],tt_event
4551,feature mapped without primary tag,Sahar Mustafa 2025,22359261,https://www.openstreetmap.org/#map=18/-9.761897/28.750138,189879853,https://www.openstreetmap.org/changeset/189879853,node,4364873095,2026-10-02T13:43:55Z,Zambia,node 4364873095: tags present but none are a primary key: ['source'],tt_event
4552,feature mapped without primary tag,Sahar Mustafa 2025,22359261,https://www.openstreetmap.org/#map=18/-9.761898/28.750188,189879853,https://www.openstreetmap.org/changeset/189879853,node,4364873096,2026-10-02T13:43:55Z,Zambia,node 4364873096: tags present but none are a primary key: ['source'],tt_event
4553,feature mapped without primary tag,Sahar Mustafa 2025,22359261,https://www.openstreetmap.org/#map=18/-9.762998/28.749412,189879853,https://www.openstreetmap.org/changeset/189879853,node,4364873109,2026-10-02T13:43:55Z,Zambia,node 4364873109: tags present but none are a primary key: ['source'],tt_event
4554,feature mapped without primary tag,Sahar Mustafa 2025,22359261,https://www.openstreetmap.org/#map=18/-9.763011/28.749493,189879853,https://www.openstreetmap.org/changeset/189879853,node,4364873111,2026-10-02T13:43:55Z,Zambia,node 4364873111: tags present but none are a primary key: ['source'],tt_event
4555,feature mapped without primary tag,Sahar Mustafa 2025,22359261,https://www.openstreetmap.org/#map=18/-9.763039/28.749405,189879853,https://www.openstreetmap.org/changeset/189879853,node,4364873112,2026-10-02T13:43:55Z,Zambia,node 4364873112: tags present but none are a primary key: ['source'],tt_event
4556,feature mapped without primary tag,Sahar Mustafa 2025,22359261,https://www.openstreetmap.org/#map=18/-9.763065/28.749485,189879853,https://www.openstreetmap.org/changeset/189879853,node,4364873115,2026-10-02T13:43:55Z,Zambia,node 4364873115: tags present but none are a primary key: ['source'],tt_event
4557,building inside building,Deco Khalifah Fasawwa,24587489,https://www.openstreetmap.org/#map=18/-8.238098/113.093154,189569653,https://www.openstreetmap.org/changeset/189569653,way,1018688772,2026-09-26T03:47:21Z,Indonesia,fully contained with/containing way 1018688773,tt_event
4558,wrong tagging,Hash_96,24054998,https://www.openstreetmap.org/#map=18/12.956880/80.143835,189883499,https://www.openstreetmap.org/changeset/189883499,node,14243424263,2026-10-02T14:48:12Z,India,"name='Subway' looks like a misplaced tag value, not a real name",tt_event
4559,feature mapped without primary tag,Robin van der Linde,5093765,https://www.openstreetmap.org/#map=18/-25.915066/32.560621,189886242,https://www.openstreetmap.org/changeset/189886242,node,9805127218,2026-10-02T15:38:43Z,Mozambique,node 9805127218: tags present but none are a primary key: ['source'],tt_event
4560,feature mapped without primary tag,Robin van der Linde,5093765,https://www.openstreetmap.org/#map=18/-25.915012/32.560555,189886242,https://www.openstreetmap.org/changeset/189886242,node,9805127219,2026-10-02T15:38:43Z,Mozambique,node 9805127219: tags present but none are a primary key: ['source'],tt_event
4561,feature mapped without primary tag,Robin van der Linde,5093765,https://www.openstreetmap.org/#map=18/-25.915004/32.560564,189886242,https://www.openstreetmap.org/changeset/189886242,node,9805127220,2026-10-02T15:38:43Z,Mozambique,node 9805127220: tags present but none are a primary key: ['source'],tt_event
4562,feature mapped without primary tag,Robin van der Linde,5093765,https://www.openstreetmap.org/#map=18/-25.914972/32.560524,189886242,https://www.openstreetmap.org/changeset/189886242,node,9805127221,2026-10-02T15:38:43Z,Mozambique,node 9805127221: tags present but none are a primary key: ['source'],tt_event
4563,feature mapped without primary tag,Robin van der Linde,5093765,https://www.openstreetmap.org/#map=18/-25.914995/32.560500,189886242,https://www.openstreetmap.org/changeset/189886242,node,9805127222,2026-10-02T15:38:43Z,Mozambique,node 9805127222: tags present but none are a primary key: ['source'],tt_event
4564,feature mapped without primary tag,Robin van der Linde,5093765,https://www.openstreetmap.org/#map=18/-25.915081/32.560606,189886242,https://www.openstreetmap.org/changeset/189886242,node,9805127223,2026-10-02T15:38:43Z,Mozambique,node 9805127223: tags present but none are a primary key: ['source'],tt_event
4565,feature mapped without primary tag,Robin van der Linde,5093765,https://www.openstreetmap.org/#map=18/-25.915036/32.560659,189886242,https://www.openstreetmap.org/changeset/189886242,node,9805127224,2026-10-02T15:38:43Z,Mozambique,node 9805127224: tags present but none are a primary key: ['source'],tt_event
4566,feature mapped without primary tag,Robin van der Linde,5093765,https://www.openstreetmap.org/#map=18/-25.915007/32.560658,189886242,https://www.openstreetmap.org/changeset/189886242,node,9805127225,2026-10-02T15:38:43Z,Mozambique,node 9805127225: tags present but none are a primary key: ['source'],tt_event
4567,feature mapped without primary tag,Robin van der Linde,5093765,https://www.openstreetmap.org/#map=18/-25.915005/32.560707,189886242,https://www.openstreetmap.org/changeset/189886242,node,9805127226,2026-10-02T15:38:43Z,Mozambique,node 9805127226: tags present but none are a primary key: ['source'],tt_event
4568,feature mapped without primary tag,Robin van der Linde,5093765,https://www.openstreetmap.org/#map=18/-25.914953/32.560705,189886242,https://www.openstreetmap.org/changeset/189886242,node,9805127227,2026-10-02T15:38:43Z,Mozambique,node 9805127227: tags present but none are a primary key: ['source'],tt_event
4569,feature mapped without primary tag,Robin van der Linde,5093765,https://www.openstreetmap.org/#map=18/-25.914958/32.560586,189886242,https://www.openstreetmap.org/changeset/189886242,node,9805127228,2026-10-02T15:38:43Z,Mozambique,node 9805127228: tags present but none are a primary key: ['source'],tt_event
4570,feature mapped without primary tag,Robin van der Linde,5093765,https://www.openstreetmap.org/#map=18/-25.915038/32.560590,189886242,https://www.openstreetmap.org/changeset/189886242,node,9805127229,2026-10-02T15:38:43Z,Mozambique,node 9805127229: tags present but none are a primary key: ['source'],tt_event
4571,feature mapped without primary tag,Robin van der Linde,5093765,https://www.openstreetmap.org/#map=18/-25.915012/32.560721,189886242,https://www.openstreetmap.org/changeset/189886242,node,9805127230,2026-10-02T15:38:43Z,Mozambique,node 9805127230: tags present but none are a primary key: ['source'],tt_event
4572,feature mapped without primary tag,Robin van der Linde,5093765,https://www.openstreetmap.org/#map=18/-25.915011/32.560685,189886242,https://www.openstreetmap.org/changeset/189886242,node,9805127231,2026-10-02T15:38:43Z,Mozambique,node 9805127231: tags present but none are a primary key: ['source'],tt_event
4573,feature mapped without primary tag,Robin van der Linde,5093765,https://www.openstreetmap.org/#map=18/-25.915074/32.560682,189886242,https://www.openstreetmap.org/changeset/189886242,node,9805127232,2026-10-02T15:38:43Z,Mozambique,node 9805127232: tags present but none are a primary key: ['source'],tt_event
4574,feature mapped without primary tag,Robin van der Linde,5093765,https://www.openstreetmap.org/#map=18/-25.915072/32.560633,189886242,https://www.openstreetmap.org/changeset/189886242,node,9805127233,2026-10-02T15:38:43Z,Mozambique,node 9805127233: tags present but none are a primary key: ['source'],tt_event
4575,feature mapped without primary tag,Robin van der Linde,5093765,https://www.openstreetmap.org/#map=18/-25.915098/32.560632,189886242,https://www.openstreetmap.org/changeset/189886242,node,9805127234,2026-10-02T15:38:43Z,Mozambique,node 9805127234: tags present but none are a primary key: ['source'],tt_event
4576,feature mapped without primary tag,Robin van der Linde,5093765,https://www.openstreetmap.org/#map=18/-25.915101/32.560717,189886242,https://www.openstreetmap.org/changeset/189886242,node,9805127235,2026-10-02T15:38:43Z,Mozambique,node 9805127235: tags present but none are a primary key: ['source'],tt_event
4577,feature mapped without primary tag,Robin van der Linde,5093765,https://www.openstreetmap.org/#map=18/-25.915157/32.560523,189886242,https://www.openstreetmap.org/changeset/189886242,node,9805127244,2026-10-02T15:38:43Z,Mozambique,node 9805127244: tags present but none are a primary key: ['source'],tt_event
4578,feature mapped without primary tag,Robin van der Linde,5093765,https://www.openstreetmap.org/#map=18/-25.915116/32.560455,189886242,https://www.openstreetmap.org/changeset/189886242,node,9805127245,2026-10-02T15:38:43Z,Mozambique,node 9805127245: tags present but none are a primary key: ['source'],tt_event
4579,feature mapped without primary tag,Robin van der Linde,5093765,https://www.openstreetmap.org/#map=18/-25.915143/32.560435,189886242,https://www.openstreetmap.org/changeset/189886242,node,9805127246,2026-10-02T15:38:43Z,Mozambique,node 9805127246: tags present but none are a primary key: ['source'],tt_event
4580,feature mapped without primary tag,Robin van der Linde,5093765,https://www.openstreetmap.org/#map=18/-25.915184/32.560503,189886242,https://www.openstreetmap.org/changeset/189886242,node,9805127247,2026-10-02T15:38:43Z,Mozambique,node 9805127247: tags present but none are a primary key: ['source'],tt_event
4581,feature mapped without primary tag,Robin van der Linde,5093765,https://www.openstreetmap.org/#map=18/-25.915070/32.560535,189886242,https://www.openstreetmap.org/changeset/189886242,node,9805127315,2026-10-02T15:38:43Z,Mozambique,node 9805127315: tags present but none are a primary key: ['source'],tt_event
4582,feature mapped without primary tag,Robin van der Linde,5093765,https://www.openstreetmap.org/#map=18/-25.915013/32.560439,189886242,https://www.openstreetmap.org/changeset/189886242,node,9805127316,2026-10-02T15:38:43Z,Mozambique,node 9805127316: tags present but none are a primary key: ['source'],tt_event
4583,feature mapped without primary tag,Robin van der Linde,5093765,https://www.openstreetmap.org/#map=18/-25.915077/32.560390,189886242,https://www.openstreetmap.org/changeset/189886242,node,9805127317,2026-10-02T15:38:43Z,Mozambique,node 9805127317: tags present but none are a primary key: ['source'],tt_event
4584,feature mapped without primary tag,Robin van der Linde,5093765,https://www.openstreetmap.org/#map=18/-25.915135/32.560487,189886242,https://www.openstreetmap.org/changeset/189886242,node,9805127318,2026-10-02T15:38:43Z,Mozambique,node 9805127318: tags present but none are a primary key: ['source'],tt_event
4585,feature mapped without primary tag,Robin van der Linde,5093765,https://www.openstreetmap.org/#map=18/-25.915287/32.560738,189886242,https://www.openstreetmap.org/changeset/189886242,node,9810309015,2026-10-02T15:38:43Z,Mozambique,node 9810309015: tags present but none are a primary key: ['source'],tt_event
4586,feature mapped without primary tag,Robin van der Linde,5093765,https://www.openstreetmap.org/#map=18/-25.915286/32.560359,189886242,https://www.openstreetmap.org/changeset/189886242,node,9810309021,2026-10-02T15:38:43Z,Mozambique,node 9810309021: tags present but none are a primary key: ['source'],tt_event
4587,feature mapped without primary tag,Robin van der Linde,5093765,https://www.openstreetmap.org/#map=18/-25.915099/32.560602,189886242,https://www.openstreetmap.org/changeset/189886242,node,9810309025,2026-10-02T15:38:43Z,Mozambique,node 9810309025: tags present but none are a primary key: ['source'],tt_event
4588,feature mapped without primary tag,Robin van der Linde,5093765,https://www.openstreetmap.org/#map=18/-25.915107/32.560717,189886242,https://www.openstreetmap.org/changeset/189886242,node,9810309026,2026-10-02T15:38:43Z,Mozambique,node 9810309026: tags present but none are a primary key: ['source'],tt_event
4589,feature mapped without primary tag,Robin van der Linde,5093765,https://www.openstreetmap.org/#map=18/-25.915188/32.560508,189886242,https://www.openstreetmap.org/changeset/189886242,node,9810309035,2026-10-02T15:38:43Z,Mozambique,node 9810309035: tags present but none are a primary key: ['source'],tt_event
4590,feature mapped without primary tag,Sahar Mustafa 2025,22359261,https://www.openstreetmap.org/#map=18/-9.763198/28.748144,189897024,https://www.openstreetmap.org/changeset/189897024,node,4364873117,2026-10-02T19:40:58Z,Zambia,node 4364873117: tags present but none are a primary key: ['source'],tt_event
4591,feature mapped without primary tag,Sahar Mustafa 2025,22359261,https://www.openstreetmap.org/#map=18/-9.763200/28.748208,189897024,https://www.openstreetmap.org/changeset/189897024,node,4364873118,2026-10-02T19:40:58Z,Zambia,node 4364873118: tags present but none are a primary key: ['source'],tt_event
4592,feature mapped without primary tag,Sahar Mustafa 2025,22359261,https://www.openstreetmap.org/#map=18/-9.763248/28.748142,189897024,https://www.openstreetmap.org/changeset/189897024,node,4364873119,2026-10-02T19:40:58Z,Zambia,node 4364873119: tags present but none are a primary key: ['source'],tt_event
4593,feature mapped without primary tag,Sahar Mustafa 2025,22359261,https://www.openstreetmap.org/#map=18/-9.763250/28.748206,189897024,https://www.openstreetmap.org/changeset/189897024,node,4364873120,2026-10-02T19:40:58Z,Zambia,node 4364873120: tags present but none are a primary key: ['source'],tt_event
4594,crossing buildings,Baraka MP,24584848,https://www.openstreetmap.org/#map=18/-8.179097/113.702078,189570398,https://www.openstreetmap.org/changeset/189570398,way,636137704,2026-09-26T04:34:17Z,Indonesia,outline crosses way 636137687 (8% area overlap),tt_event
4595,duplicated node,Dwella,23720315,https://www.openstreetmap.org/#map=18/5.527805/-0.328726,189904237,https://www.openstreetmap.org/changeset/189904237,node,14244608675,2026-10-02T23:35:43Z,Ghana,within 0.04m of node 14244608676,tt_event
4596,duplicated node,Galuh Muhammad Syafa Rizky,24583867,https://www.openstreetmap.org/#map=18/-8.326378/113.414119,189570164,https://www.openstreetmap.org/changeset/189570164,node,14218518995,2026-09-26T04:16:22Z,Indonesia,within 0.00m of pre-existing node 6037753438,tt_event
4597,duplicated node,Galuh Muhammad Syafa Rizky,24583867,https://www.openstreetmap.org/#map=18/-8.326351/113.414198,189570164,https://www.openstreetmap.org/changeset/189570164,node,14218518996,2026-09-26T04:16:22Z,Indonesia,within 0.00m of pre-existing node 6037753439,tt_event
4598,overlapping buildings,Essa nurpalah,24583881,https://www.openstreetmap.org/#map=18/-8.319750/114.316484,189570006,https://www.openstreetmap.org/changeset/189570006,way,722143199,2026-09-26T04:08:17Z,Indonesia,72% area overlap with way 722143200,tt_event
4599,node connected highway and building,Baraka MP,24584848,https://www.openstreetmap.org/#map=18/-8.055756/111.710357,189570001,https://www.openstreetmap.org/changeset/189570001,node,7183688366,2026-09-26T04:08:01Z,Indonesia,shared by highway way 769584355 and building way 326028580,tt_event
4600,floating highway,KennyDap,21660928,https://www.openstreetmap.org/#map=18/33.514568/126.520873,189573264,https://www.openstreetmap.org/changeset/189573264,way,95606500,2026-09-26T07:01:52Z,South Korea,way 95606500: neither endpoint connects to any other highway -- isolated from the road network,tt_event
